chapter	lang	en_segment_id	tr_segment_id	relation	confidence	reviewed
age_pyramid	es	S1.P1	S1.P1	1-1	high	TRUE
age_pyramid	es	S3.P1	S3.P1	1-1	high	TRUE
age_pyramid	es	S4.P1	S4.P1	1-1	high	TRUE
age_pyramid	es	S4.P2	S4.P2	1-1	high	TRUE
age_pyramid	es	S5.P1	S5.P1	1-1	high	TRUE
age_pyramid	es	S5.P2	S5.P2	1-1	high	TRUE
age_pyramid	es	S6.P1	S6.P1	1-1	high	TRUE
age_pyramid	es	S7.P1	S7.P1	1-1	high	TRUE
age_pyramid	es	S7.P2	S7.P2	1-1	high	TRUE
age_pyramid	es	S7.P3	S7.P3	1-1	high	TRUE
age_pyramid	es	S8.P1	S8.P1	1-1	high	TRUE
age_pyramid	es	S9.P1	S9.P1	1-1	high	TRUE
age_pyramid	es	S10.P1	S10.P1	1-1	high	TRUE
age_pyramid	es	S10.P2	S10.P2	1-1	high	TRUE
age_pyramid	es	S10.P3	S10.P3	1-1	high	TRUE
age_pyramid	es	S10.P4	S10.P4	1-1	high	TRUE
age_pyramid	es	S10.P5	S10.P5	1-1	high	TRUE
age_pyramid	es	S11.P1	S11.P1	1-1	high	TRUE
age_pyramid	es	S12.P1	S12.P1	1-1	high	TRUE
age_pyramid	es	S12.P2	S12.P2	1-1	high	TRUE
age_pyramid	es	S13.P1	S13.P1	1-1	high	TRUE
age_pyramid	es	S13.P2	S13.P2	1-1	high	TRUE
age_pyramid	es	S13.P3	S13.P3	1-1	high	TRUE
age_pyramid	es	S13.P4	S13.P4	1-1	high	TRUE
age_pyramid	es	S14.P1	S14.P1	1-1	high	TRUE
age_pyramid	es	S14.P2	S14.P2	1-1	high	TRUE
age_pyramid	es	S14.P3	S14.P3	1-1	high	TRUE
age_pyramid	es	S14.P4	S14.P4	1-1	high	TRUE
age_pyramid	es	S14.P5	S14.P5	1-1	high	TRUE
age_pyramid	es	S14.P6	S14.P6	1-1	high	TRUE
age_pyramid	es	S14.P7	S14.P7	1-1	high	TRUE
age_pyramid	es	S14.P8	S14.P8	1-1	high	TRUE
age_pyramid	es	S14.P9	S14.P9	1-1	high	TRUE
age_pyramid	es	S15.P1	S15.P1	1-1	high	TRUE
age_pyramid	es	S15.P2	S15.P2	1-1	high	TRUE
age_pyramid	es	S15.P3	S15.P3	1-1	high	TRUE
age_pyramid	es	S15.P4	S15.P4	1-1	high	TRUE
age_pyramid	es	S15.P5	S15.P5	1-1	high	TRUE
age_pyramid	es	S16.P1	S16.P1	1-1	high	TRUE
age_pyramid	fr	S0.P1	S0.P1	1-1	high	TRUE
age_pyramid	fr	S2.P1	S2.P1	1-1	high	TRUE
age_pyramid	fr	S3.P1	S3.P1	1-1	high	TRUE
age_pyramid	fr	S3.P2	S3.P2	1-1	high	TRUE
age_pyramid	fr	S4.P1	S4.P1	1-1	high	TRUE
age_pyramid	fr	S4.P2	S4.P2	1-1	high	TRUE
age_pyramid	fr	S5.P1	S5.P1	1-1	high	TRUE
age_pyramid	fr	S6.P1	S6.P1	1-1	high	TRUE
age_pyramid	fr	S6.P2	S6.P2	1-1	high	TRUE
age_pyramid	fr	S6.P3	S6.P3	1-1	high	TRUE
age_pyramid	fr	S7.P1	S7.P1	1-1	high	TRUE
age_pyramid	fr	S8.P1	S8.P1	1-1	high	TRUE
age_pyramid	fr	S9.P1	S9.P1	1-1	high	TRUE
age_pyramid	fr	S9.P2	S9.P2	1-1	high	TRUE
age_pyramid	fr	S9.P3	S9.P3	1-1	high	TRUE
age_pyramid	fr	S9.P4	S9.P4	1-1	high	TRUE
age_pyramid	fr	S9.P5	S9.P5	1-1	high	TRUE
age_pyramid	fr	S10.P1	S10.P1	1-1	high	TRUE
age_pyramid	fr	S11.P1	S11.P1	1-1	high	TRUE
age_pyramid	fr	S11.P2	S11.P2	1-1	high	TRUE
age_pyramid	fr	S12.P1	S12.P1	1-1	high	TRUE
age_pyramid	fr	S12.P2	S12.P2	1-1	high	TRUE
age_pyramid	fr	S12.P3	S12.P3	1-1	high	TRUE
age_pyramid	fr	S12.P4	S12.P4	1-1	high	TRUE
age_pyramid	fr	S13.P1	S13.P1	1-1	high	TRUE
age_pyramid	fr	S13.P2	S13.P2	1-1	high	TRUE
age_pyramid	fr	S13.P3	S13.P3	1-1	high	TRUE
age_pyramid	fr	S13.P4	S13.P4	1-1	high	TRUE
age_pyramid	fr	S13.P5	S13.P5	1-1	high	TRUE
age_pyramid	fr	S13.P6	S13.P6	1-1	high	TRUE
age_pyramid	fr	S13.P7	S13.P7	1-1	high	TRUE
age_pyramid	fr	S13.P8	S13.P8	1-1	high	TRUE
age_pyramid	fr	S13.P9	S13.P9	1-1	high	TRUE
age_pyramid	fr	S14.P1	S14.P1	1-1	high	TRUE
age_pyramid	fr	S14.P2	S14.P2	1-1	high	TRUE
age_pyramid	fr	S14.P3	S14.P3	1-1	high	TRUE
age_pyramid	fr	S14.P4	S14.P4	1-1	high	TRUE
age_pyramid	fr	S14.P5	S14.P5	1-1	high	TRUE
age_pyramid	fr	S15.P1	S15.P1	1-1	high	TRUE
age_pyramid	jp	S1.P1	S1.P1	1-1	high	TRUE
age_pyramid	jp	S1.P2	S1.P2	1-1	high	TRUE
age_pyramid	jp	S2.P1	S2.P1	1-1	high	TRUE
age_pyramid	jp	S3.P1	S3.P1	1-1	high	TRUE
age_pyramid	jp	S3.P2	S3.P2	1-1	high	TRUE
age_pyramid	jp	S4.P1	S4.P1	1-1	high	TRUE
age_pyramid	jp	S4.P2	S4.P2	1-1	high	TRUE
age_pyramid	jp	S4.P3	S4.P3	1-1	high	TRUE
age_pyramid	jp	S4.P4	S4.P4	1-1	high	TRUE
age_pyramid	jp	S5.P1	S5.P1	1-1	high	TRUE
age_pyramid	jp	S5.P2	S5.P2	1-1	high	TRUE
age_pyramid	jp	S5.P3	S5.P3	1-1	high	TRUE
age_pyramid	jp	S6.P1	S6.P1	1-1	high	TRUE
age_pyramid	jp	S7.P1	S7.P1	1-1	high	TRUE
age_pyramid	jp	S7.P2	S7.P2	1-1	high	TRUE
age_pyramid	jp	S7.P3	S7.P3	1-1	high	TRUE
age_pyramid	jp	S7.P4	S7.P4	1-1	high	TRUE
age_pyramid	jp	S8.P1	S8.P1	1-1	high	TRUE
age_pyramid	jp	S8.P2	S8.P2	1-1	high	TRUE
age_pyramid	jp	S9.P1	S9.P1	1-1	high	TRUE
age_pyramid	jp	S9.P2	S9.P2	1-1	high	TRUE
age_pyramid	jp	S10.P1	S10.P1	1-1	high	TRUE
age_pyramid	jp	S10.P2	S10.P2	1-1	high	TRUE
age_pyramid	jp	S10.P3	S10.P3	1-1	high	TRUE
age_pyramid	jp	S10.P4	S10.P4	1-1	high	TRUE
age_pyramid	jp	S10.P5	S10.P5	1-1	high	TRUE
age_pyramid	jp	S10.P6	S10.P6	1-1	high	TRUE
age_pyramid	jp	S11.P1	S11.P1	1-1	high	TRUE
age_pyramid	jp	S12.P1	S12.P1	1-1	high	TRUE
age_pyramid	jp	S12.P2	S12.P2	1-1	high	TRUE
age_pyramid	jp	S13.P1	S13.P1	1-1	high	TRUE
age_pyramid	jp	S13.P2	S13.P2	1-1	high	TRUE
age_pyramid	jp	S13.P3	S13.P3	1-1	high	TRUE
age_pyramid	jp	S13.P4	S13.P4	1-1	high	TRUE
age_pyramid	jp	S13.P5	S13.P5	1-1	high	TRUE
age_pyramid	jp	S14.P1	S14.P1	1-1	high	TRUE
age_pyramid	jp	S14.P2	S14.P2	1-1	high	TRUE
age_pyramid	jp	S14.P3	S14.P3	1-1	high	TRUE
age_pyramid	jp	S14.P4	S14.P4	1-1	high	TRUE
age_pyramid	jp	S14.P5	S14.P5	1-1	high	TRUE
age_pyramid	jp	S14.P6	S14.P6	1-1	high	TRUE
age_pyramid	jp	S14.P7	S14.P7	1-1	high	TRUE
age_pyramid	jp	S14.P8	S14.P8	1-1	high	TRUE
age_pyramid	jp	S14.P9	S14.P9	1-1	high	TRUE
age_pyramid	jp	S14.P10	S14.P10	1-1	high	TRUE
age_pyramid	jp	S14.P11	S14.P11	1-1	high	TRUE
age_pyramid	jp	S14.P12	S14.P12	1-1	high	TRUE
age_pyramid	jp	S15.P1	S15.P1	1-1	high	TRUE
age_pyramid	jp	S15.P2	S15.P2	1-1	high	TRUE
age_pyramid	jp	S15.P3	S15.P3	1-1	high	TRUE
age_pyramid	jp	S15.P4	S15.P4	1-1	high	TRUE
age_pyramid	jp	S15.P5	S15.P5	1-1	high	TRUE
age_pyramid	jp	S15.P6	S15.P6	1-1	high	TRUE
age_pyramid	jp	S15.P7	S15.P7	1-1	high	TRUE
age_pyramid	jp	S16.P1	S16.P1	1-1	high	TRUE
age_pyramid	pt	S1.P1	S1.P1	1-1	high	TRUE
age_pyramid	pt	S3.P1	S3.P1	1-1	high	TRUE
age_pyramid	pt	S4.P1	S4.P1	1-1	high	TRUE
age_pyramid	pt	S4.P2	S4.P2	1-1	high	TRUE
age_pyramid	pt	S5.P1	S5.P1	1-1	high	TRUE
age_pyramid	pt	S5.P2	S5.P2	1-1	high	TRUE
age_pyramid	pt	S6.P1	S6.P1	1-1	high	TRUE
age_pyramid	pt	S7.P1	S7.P1	1-1	high	TRUE
age_pyramid	pt	S7.P2	S7.P2	1-1	high	TRUE
age_pyramid	pt	S7.P3	S7.P3	1-1	high	TRUE
age_pyramid	pt	S8.P1	S8.P1	1-1	high	TRUE
age_pyramid	pt	S9.P1	S9.P1	1-1	high	TRUE
age_pyramid	pt	S10.P1	S10.P1	1-1	high	TRUE
age_pyramid	pt	S10.P2	S10.P2	1-1	high	TRUE
age_pyramid	pt	S10.P3	S10.P3	1-1	high	TRUE
age_pyramid	pt	S10.P4	S10.P4	1-1	high	TRUE
age_pyramid	pt	S10.P5	S10.P5	1-1	high	TRUE
age_pyramid	pt	S11.P1	S11.P1	1-1	high	TRUE
age_pyramid	pt	S12.P1	S12.P1	1-1	high	TRUE
age_pyramid	pt	S12.P2	S12.P2	1-1	high	TRUE
age_pyramid	pt	S13.P1	S13.P1	1-1	high	TRUE
age_pyramid	pt	S13.P2	S13.P2	1-1	high	TRUE
age_pyramid	pt	S13.P3	S13.P3	1-1	high	TRUE
age_pyramid	pt	S13.P4	S13.P4	1-1	high	TRUE
age_pyramid	pt	S14.P1	S14.P1	1-1	high	TRUE
age_pyramid	pt	S14.P2	S14.P2	1-1	high	TRUE
age_pyramid	pt	S14.P3	S14.P3	1-1	high	TRUE
age_pyramid	pt	S14.P4	S14.P4	1-1	high	TRUE
age_pyramid	pt	S14.P5	S14.P5	1-1	high	TRUE
age_pyramid	pt	S14.P6	S14.P6	1-1	high	TRUE
age_pyramid	pt	S14.P7	S14.P7	1-1	high	TRUE
age_pyramid	pt	S14.P8	S14.P8	1-1	high	TRUE
age_pyramid	pt	S14.P9	S14.P9	1-1	high	TRUE
age_pyramid	pt	S15.P1	S15.P1	1-1	high	TRUE
age_pyramid	pt	S15.P2	S15.P2	1-1	high	TRUE
age_pyramid	pt	S15.P3	S15.P3	1-1	high	TRUE
age_pyramid	pt	S15.P4	S15.P4	1-1	high	TRUE
age_pyramid	pt	S15.P5	S15.P5	1-1	high	TRUE
age_pyramid	pt	S16.P1	S16.P1	1-1	high	TRUE
age_pyramid	ru	S1.P1	S1.P1	1-1	high	TRUE
age_pyramid	ru	S1.P2	S1.P2	1-1	high	TRUE
age_pyramid	ru	S2.P1	S2.P1	1-1	high	TRUE
age_pyramid	ru	S3.P1	S3.P1	1-1	high	TRUE
age_pyramid	ru	S3.P2	S3.P2	1-1	high	TRUE
age_pyramid	ru	S4.P1	S4.P1	1-1	high	TRUE
age_pyramid	ru	S4.P2	S4.P2	1-1	high	TRUE
age_pyramid	ru	S4.P3	S4.P3	1-1	high	TRUE
age_pyramid	ru	S4.P4	S4.P4	1-1	high	TRUE
age_pyramid	ru	S5.P1	S5.P1	1-1	high	TRUE
age_pyramid	ru	S5.P2	S5.P2	1-1	high	TRUE
age_pyramid	ru	S5.P3	S5.P3	1-1	high	TRUE
age_pyramid	ru	S6.P1	S6.P1	1-1	high	TRUE
age_pyramid	ru	S7.P1	S7.P1	1-1	high	TRUE
age_pyramid	ru	S7.P2	S7.P2	1-1	high	TRUE
age_pyramid	ru	S7.P3	S7.P3	1-1	high	TRUE
age_pyramid	ru	S7.P4	S7.P4	1-1	high	TRUE
age_pyramid	ru	S8.P1	S8.P1	1-1	high	TRUE
age_pyramid	ru	S8.P2	S8.P2	1-1	high	TRUE
age_pyramid	ru	S9.P1	S9.P1	1-1	high	TRUE
age_pyramid	ru	S9.P2	S9.P2	1-1	high	TRUE
age_pyramid	ru	S10.P1	S10.P1	1-1	high	TRUE
age_pyramid	ru	S10.P2	S10.P2	1-1	high	TRUE
age_pyramid	ru	S10.P3	S10.P3	1-1	high	TRUE
age_pyramid	ru	S10.P4	S10.P4	1-1	high	TRUE
age_pyramid	ru	S10.P5	S10.P5	1-1	high	TRUE
age_pyramid	ru	S10.P6	S10.P6	1-1	high	TRUE
age_pyramid	ru	S11.P1	S11.P1	1-1	high	TRUE
age_pyramid	ru	S12.P1	S12.P1	1-1	high	TRUE
age_pyramid	ru	S12.P2	S12.P2	1-1	high	TRUE
age_pyramid	ru	S13.P1	S13.P1	1-1	high	TRUE
age_pyramid	ru	S13.P2	S13.P2	1-1	high	TRUE
age_pyramid	ru	S13.P3	S13.P3	1-1	high	TRUE
age_pyramid	ru	S13.P4	S13.P4	1-1	high	TRUE
age_pyramid	ru	S13.P5	S13.P5	1-1	high	TRUE
age_pyramid	ru	S14.P1	S14.P1	1-1	high	TRUE
age_pyramid	ru	S14.P2	S14.P2	1-1	high	TRUE
age_pyramid	ru	S14.P3	S14.P3	1-1	high	TRUE
age_pyramid	ru	S14.P4	S14.P4	1-1	high	TRUE
age_pyramid	ru	S14.P5	S14.P5	1-1	high	TRUE
age_pyramid	ru	S14.P6	S14.P6	1-1	high	TRUE
age_pyramid	ru	S14.P7	S14.P7	1-1	high	TRUE
age_pyramid	ru	S14.P8	S14.P8	1-1	high	TRUE
age_pyramid	ru	S14.P9	S14.P9	1-1	high	TRUE
age_pyramid	ru	S14.P10	S14.P10	1-1	high	TRUE
age_pyramid	ru	S14.P11	S14.P11	1-1	high	TRUE
age_pyramid	ru	S14.P12	S14.P12	1-1	high	TRUE
age_pyramid	ru	S15.P1	S15.P1	1-1	high	TRUE
age_pyramid	ru	S15.P2	S15.P2	1-1	high	TRUE
age_pyramid	ru	S15.P3	S15.P3	1-1	high	TRUE
age_pyramid	ru	S15.P4	S15.P4	1-1	high	TRUE
age_pyramid	ru	S15.P5	S15.P5	1-1	high	TRUE
age_pyramid	ru	S15.P6	S15.P6	1-1	high	TRUE
age_pyramid	ru	S15.P7	S15.P7	1-1	high	TRUE
age_pyramid	ru	S16.P1	S16.P1	1-1	high	TRUE
age_pyramid	tr	S1.P1	S1.P1	1-1	high	TRUE
age_pyramid	tr	S3.P1	S3.P1	1-1	high	TRUE
age_pyramid	tr	S4.P1	S4.P1	1-1	high	TRUE
age_pyramid	tr	S4.P2	S4.P2	1-1	high	TRUE
age_pyramid	tr	S5.P1	S5.P1	1-1	high	TRUE
age_pyramid	tr	S5.P2	S5.P2	1-1	high	TRUE
age_pyramid	tr	S6.P1	S6.P1	1-1	high	TRUE
age_pyramid	tr	S7.P1	S7.P1	1-1	high	TRUE
age_pyramid	tr	S7.P2	S7.P2	1-1	high	TRUE
age_pyramid	tr	S7.P3	S7.P3	1-1	high	TRUE
age_pyramid	tr	S8.P1	S8.P1	1-1	high	TRUE
age_pyramid	tr	S9.P1	S9.P1	1-1	high	TRUE
age_pyramid	tr	S10.P1	S10.P1	1-1	high	TRUE
age_pyramid	tr	S10.P2	S10.P2	1-1	high	TRUE
age_pyramid	tr	S10.P3	S10.P3	1-1	high	TRUE
age_pyramid	tr	S10.P4	S10.P4	1-1	high	TRUE
age_pyramid	tr	S10.P5	S10.P5	1-1	high	TRUE
age_pyramid	tr	S11.P1	S11.P1	1-1	high	TRUE
age_pyramid	tr	S12.P1	S12.P1	1-1	high	TRUE
age_pyramid	tr	S12.P2	S12.P2	1-1	high	TRUE
age_pyramid	tr	S13.P1	S13.P1	1-1	high	TRUE
age_pyramid	tr	S13.P2	S13.P2	1-1	high	TRUE
age_pyramid	tr	S13.P3	S13.P3	1-1	high	TRUE
age_pyramid	tr	S13.P4	S13.P4	1-1	high	TRUE
age_pyramid	tr	S14.P1	S14.P1	1-1	high	TRUE
age_pyramid	tr	S14.P2	S14.P2	1-1	high	TRUE
age_pyramid	tr	S14.P3	S14.P3	1-1	high	TRUE
age_pyramid	tr	S14.P4	S14.P4	1-1	high	TRUE
age_pyramid	tr	S14.P5	S14.P5	1-1	high	TRUE
age_pyramid	tr	S14.P6	S14.P6	1-1	high	TRUE
age_pyramid	tr	S14.P7	S14.P7	1-1	high	TRUE
age_pyramid	tr	S14.P8	S14.P8	1-1	high	TRUE
age_pyramid	tr	S14.P9	S14.P9	1-1	high	TRUE
age_pyramid	tr	S15.P1	S15.P1	1-1	high	TRUE
age_pyramid	tr	S15.P2	S15.P2	1-1	high	TRUE
age_pyramid	tr	S15.P3	S15.P3	1-1	high	TRUE
age_pyramid	tr	S15.P4	S15.P4	1-1	high	TRUE
age_pyramid	tr	S15.P5	S15.P5	1-1	high	TRUE
age_pyramid	tr	S16.P1	S16.P1	1-1	high	TRUE
age_pyramid	vn	S1.P1	S1.P1	1-1	high	TRUE
age_pyramid	vn	S1.P2	S1.P2	1-1	high	TRUE
age_pyramid	vn	S2.P1	S2.P1	1-1	high	TRUE
age_pyramid	vn	S3.P1	S3.P1	1-1	high	TRUE
age_pyramid	vn	S4.P1	S4.P1	1-1	high	TRUE
age_pyramid	vn	S4.P2	S4.P2	1-1	high	TRUE
age_pyramid	vn	S5.P1	S5.P1	1-1	high	TRUE
age_pyramid	vn	S5.P2	S5.P2	1-1	high	TRUE
age_pyramid	vn	S6.P1	S6.P1	1-1	high	TRUE
age_pyramid	vn	S7.P1	S7.P1	1-1	high	TRUE
age_pyramid	vn	S7.P2	S7.P2	1-1	high	TRUE
age_pyramid	vn	S7.P3	S7.P3	1-1	high	TRUE
age_pyramid	vn	S8.P1	S8.P1	1-1	high	TRUE
age_pyramid	vn	S9.P1	S9.P1	1-1	high	TRUE
age_pyramid	vn	S10.P1	S10.P1	1-1	high	TRUE
age_pyramid	vn	S10.P2	S10.P2	1-1	high	TRUE
age_pyramid	vn	S10.P3	S10.P3	1-1	high	TRUE
age_pyramid	vn	S10.P4	S10.P4	1-1	high	TRUE
age_pyramid	vn	S10.P5	S10.P5	1-1	high	TRUE
age_pyramid	vn	S11.P1	S11.P1	1-1	high	TRUE
age_pyramid	vn	S12.P1	S12.P1	1-1	high	TRUE
age_pyramid	vn	S12.P2	S12.P2	1-1	high	TRUE
age_pyramid	vn	S13.P1	S13.P1	1-1	high	TRUE
age_pyramid	vn	S13.P2	S13.P2	1-1	high	TRUE
age_pyramid	vn	S13.P3	S13.P3	1-1	high	TRUE
age_pyramid	vn	S13.P4	S13.P4	1-1	high	TRUE
age_pyramid	vn	S14.P1	S14.P1	1-1	high	TRUE
age_pyramid	vn	S14.P2	S14.P2	1-1	high	TRUE
age_pyramid	vn	S14.P3	S14.P3	1-1	high	TRUE
age_pyramid	vn	S14.P4	S14.P4	1-1	high	TRUE
age_pyramid	vn	S14.P5	S14.P5	1-1	high	TRUE
age_pyramid	vn	S14.P6	S14.P6	1-1	high	TRUE
age_pyramid	vn	S14.P7	S14.P7	1-1	high	TRUE
age_pyramid	vn	S14.P8	S14.P8	1-1	high	TRUE
age_pyramid	vn	S14.P9	S14.P9	1-1	high	TRUE
age_pyramid	vn	S15.P1	S15.P1	1-1	high	TRUE
age_pyramid	vn	S15.P2	S15.P2	1-1	high	TRUE
age_pyramid	vn	S15.P3	S15.P3	1-1	high	TRUE
age_pyramid	vn	S15.P4	S15.P4	1-1	high	TRUE
age_pyramid	vn	S15.P5	S15.P5	1-1	high	TRUE
age_pyramid	vn	S16.P1	S16.P1	1-1	high	TRUE
basics	es	S1.P1	S1.P1	1-1	high	TRUE
basics	es	S1.P2	S1.P2	1-1	high	TRUE
basics	es	S2.P1	S2.P1	1-1	high	TRUE
basics	es	S3.P1	S3.P1	1-1	high	TRUE
basics	es	S5.P1	S5.P1	1-1	high	TRUE
basics	es	S6.P1	S6.P1	1-1	high	TRUE
basics	es	S7.P1	S7.P1	1-1	high	TRUE
basics	es	S8.P1	S8.P1	1-1	high	TRUE
basics	es	S9.P1	S9.P1	1-1	high	TRUE
basics	es	S11.P1	S11.P1	1-1	high	TRUE
basics	es	S12.P1	S12.P1	1-1	high	TRUE
basics	es	S13.P1	S13.P1	1-1	high	TRUE
basics	es	S14.P1	S14.P1	1-1	high	TRUE
basics	es	S15.P1	S15.P1	1-1	high	TRUE
basics	es	S16.P1	S16.P1	1-1	high	TRUE
basics	es	S18.P1	S18.P1	1-1	high	TRUE
basics	es	S18.P2	S18.P2	1-1	high	TRUE
basics	es	S19.P1	S19.P1	1-1	high	TRUE
basics	es	S19.P2	S19.P2	1-1	high	TRUE
basics	es	S20.P1	S20.P1	1-1	high	TRUE
basics	es	S21.P1	S21.P1	1-1	high	TRUE
basics	es	S22.P1	S22.P1	1-1	high	TRUE
basics	es	S22.P2	S22.P2	1-1	high	TRUE
basics	es	S22.P3	S22.P3	1-1	high	TRUE
basics	es	S23.P1	S23.P1	1-1	high	TRUE
basics	es	S23.P2	S23.P2	1-1	high	TRUE
basics	es	S23.P3	S23.P3	1-1	high	TRUE
basics	es	S23.P4	S23.P4	1-1	high	TRUE
basics	es	S23.P5	S23.P5	1-1	high	TRUE
basics	es	S23.P6	S23.P6	1-1	high	TRUE
basics	es	S24.P1	S24.P1	1-1	high	TRUE
basics	es	S24.P2	S24.P2	1-1	high	TRUE
basics	es	S24.P3	S24.P3	1-1	high	TRUE
basics	es	S25.P1	S25.P1	1-1	high	TRUE
basics	es	S26.P1	S26.P1	1-1	high	TRUE
basics	es	S27.P1	S27.P1	1-1	high	TRUE
basics	es	S28.P1	S28.P1	1-1	high	TRUE
basics	es	S29.P1	S29.P1	1-1	high	TRUE
basics	es	S29.P2	S29.P2	1-1	high	TRUE
basics	es	S29.P3	S29.P3	1-1	high	TRUE
basics	es	S29.P4	S29.P4	1-1	high	TRUE
basics	es	S29.P5	S29.P5	1-1	high	TRUE
basics	es	S29.P6	S29.P6	1-1	high	TRUE
basics	es	S29.P7	S29.P7	1-1	high	TRUE
basics	es	S29.P8	S29.P8	1-1	high	TRUE
basics	es	S30.P1	S30.P1	1-1	high	TRUE
basics	es	S31.P1	S31.P1	1-1	high	TRUE
basics	es	S32.P1	S32.P1	1-1	high	TRUE
basics	es	S33.P1	S33.P1	1-1	high	TRUE
basics	es	S34.P1	S34.P1	1-1	high	TRUE
basics	es	S35.P1	S35.P1	1-1	high	TRUE
basics	es	S35.P2	S35.P2	1-1	high	TRUE
basics	es	S36.P1	S36.P1	1-1	high	TRUE
basics	es	S37.P1	S37.P1	1-1	high	TRUE
basics	es	S38.P1	S38.P1	1-1	high	TRUE
basics	es	S39.P1	S39.P1	1-1	high	TRUE
basics	es	S40.P1	S40.P1	1-1	high	TRUE
basics	es	S40.P2	S40.P2	1-1	high	TRUE
basics	es	S41.P1	S41.P1	1-1	high	TRUE
basics	es	S42.P1	S42.P1	1-1	high	TRUE
basics	es	S42.P2	S42.P2	1-1	high	TRUE
basics	es	S43.P1	S43.P1	1-1	high	TRUE
basics	es	S44.P1	S44.P1	1-1	high	TRUE
basics	es	S45.P1	S45.P1	1-1	high	TRUE
basics	es	S46.P1	S46.P1	1-1	high	TRUE
basics	es	S46.P2	S46.P2	1-1	high	TRUE
basics	es	S47.P1	S47.P1	1-1	high	TRUE
basics	es	S48.P1	S48.P1	1-1	high	TRUE
basics	es	S49.P1	S49.P1	1-1	high	TRUE
basics	es	S49.P2	S49.P2	1-1	high	TRUE
basics	es	S50.P1	S50.P1	1-1	high	TRUE
basics	es	S51.P1	S51.P1	1-1	high	TRUE
basics	es	S52.P1	S52.P1	1-1	high	TRUE
basics	es	S52.P2	S52.P2	1-1	high	TRUE
basics	es	S53.P1	S53.P1	1-1	high	TRUE
basics	es	S53.P2	S53.P2	1-1	high	TRUE
basics	es	S54.P1	S54.P1	1-1	high	TRUE
basics	es	S55.P1	S55.P1	1-1	high	TRUE
basics	es	S56.P1	S56.P1	1-1	high	TRUE
basics	es	S56.P2	S56.P2	1-1	high	TRUE
basics	es	S56.P3	S56.P3	1-1	high	TRUE
basics	es	S56.P4	S56.P4	1-1	high	TRUE
basics	es	S56.P5	S56.P5	1-1	high	TRUE
basics	es	S56.P6	S56.P6	1-1	high	TRUE
basics	es	S56.P7	S56.P7	1-1	high	TRUE
basics	es	S56.P8	S56.P8	1-1	high	TRUE
basics	es	S57.P1	S57.P1	1-1	high	TRUE
basics	es	S57.P2	S57.P2	1-1	high	TRUE
basics	es	S58.P1	S58.P1	1-1	high	TRUE
basics	es	S58.P2	S58.P2	1-1	high	TRUE
basics	es	S58.P3	S58.P3	1-1	high	TRUE
basics	es	S59.P1	S59.P1	1-1	high	TRUE
basics	es	S59.P2	S59.P2	1-1	high	TRUE
basics	es	S59.P3	S59.P3	1-1	high	TRUE
basics	es	S59.P4	S59.P4	1-1	high	TRUE
basics	es	S60.P1	S60.P1	1-1	high	TRUE
basics	es	S60.P2	S60.P2	1-1	high	TRUE
basics	es	S60.P3	S60.P3	1-1	high	TRUE
basics	es	S60.P4	S60.P4	1-1	high	TRUE
basics	es	S60.P5	S60.P5	1-1	high	TRUE
basics	es	S60.P6	S60.P6	1-1	high	TRUE
basics	es	S60.P7	S60.P7	1-1	high	TRUE
basics	es	S60.P8	S60.P8	1-1	high	TRUE
basics	es	S61.P1	S61.P1	1-1	high	TRUE
basics	es	S61.P2	S61.P2	1-1	high	TRUE
basics	es	S61.P3	S61.P3	1-1	high	TRUE
basics	es	S62.P1	S62.P1	1-1	high	TRUE
basics	es	S63.P1	S63.P1	1-1	high	TRUE
basics	es	S63.P2	S63.P2	1-1	high	TRUE
basics	es	S63.P3	S63.P3	1-1	high	TRUE
basics	es	S63.P4	S63.P4	1-1	high	TRUE
basics	es	S64.P1	S64.P1	1-1	high	TRUE
basics	es	S64.P2	S64.P2	1-1	high	TRUE
basics	es	S64.P3	S64.P3	1-1	high	TRUE
basics	es	S65.P1	S65.P1	1-1	high	TRUE
basics	es	S66.P1	S66.P1	1-1	high	TRUE
basics	es	S66.P2	S66.P2	1-1	high	TRUE
basics	es	S66.P3	S66.P3	1-1	high	TRUE
basics	es	S67.P1	S67.P1	1-1	high	TRUE
basics	es	S67.P2	S67.P2	1-1	high	TRUE
basics	es	S68.P1	S68.P1	1-1	high	TRUE
basics	es	S68.P2	S68.P2	1-1	high	TRUE
basics	es	S69.P1	S69.P1	1-1	high	TRUE
basics	es	S70.P1	S70.P1	1-1	high	TRUE
basics	es	S71.P1	S71.P1	1-1	high	TRUE
basics	es	S72.P1	S72.P1	1-1	high	TRUE
basics	es	S73.P1	S73.P1	1-1	high	TRUE
basics	es	S74.P1	S74.P1	1-1	high	TRUE
basics	es	S75.P1	S75.P1	1-1	high	TRUE
basics	es	S76.P1	S76.P1	1-1	high	TRUE
basics	es	S76.P2	S76.P2	1-1	high	TRUE
basics	es	S76.P3	S76.P3	1-1	high	TRUE
basics	es	S76.P4	S76.P4	1-1	high	TRUE
basics	es	S76.P5	S76.P5	1-1	high	TRUE
basics	es	S77.P1	S77.P1	1-1	high	TRUE
basics	es	S78.P1	S78.P1	1-1	high	TRUE
basics	es	S79.P1	S79.P1	1-1	high	TRUE
basics	es	S80.P1	S80.P1	1-1	high	TRUE
basics	fr	S1.P1	S1.P1	1-1	high	TRUE
basics	fr	S2.P1	S2.P1	1-1	high	TRUE
basics	fr	S3.P1	S3.P1	1-1	high	TRUE
basics	fr	S5.P1	S5.P1	1-1	high	TRUE
basics	fr	S6.P1	S6.P1	1-1	high	TRUE
basics	fr	S7.P1	S7.P1	1-1	high	TRUE
basics	fr	S8.P1	S8.P1	1-1	high	TRUE
basics	fr	S9.P1	S9.P1	1-1	high	TRUE
basics	fr	S11.P1	S11.P1	1-1	high	TRUE
basics	fr	S12.P1	S12.P1	1-1	high	TRUE
basics	fr	S13.P1	S13.P1	1-1	high	TRUE
basics	fr	S14.P1	S14.P1	1-1	high	TRUE
basics	fr	S15.P1	S15.P1	1-1	high	TRUE
basics	fr	S16.P1	S16.P1	1-1	high	TRUE
basics	fr	S18.P1	S18.P1	1-1	high	TRUE
basics	fr	S18.P2	S18.P2	1-1	high	TRUE
basics	fr	S19.P1	S19.P1	1-1	high	TRUE
basics	fr	S19.P2	S19.P2	1-1	high	TRUE
basics	fr	S20.P1	S20.P1	1-1	high	TRUE
basics	fr	S21.P1	S21.P1	1-1	high	TRUE
basics	fr	S22.P1	S22.P1	1-1	high	TRUE
basics	fr	S22.P2	S22.P2	1-1	high	TRUE
basics	fr	S22.P3	S22.P3	1-1	high	TRUE
basics	fr	S23.P1	S23.P1	1-1	high	TRUE
basics	fr	S23.P2	S23.P2	1-1	high	TRUE
basics	fr	S23.P3	S23.P3	1-1	high	TRUE
basics	fr	S23.P4	S23.P4	1-1	high	TRUE
basics	fr	S23.P5	S23.P5	1-1	high	TRUE
basics	fr	S24.P1	S24.P1	1-1	high	TRUE
basics	fr	S25.P1	S25.P1	1-1	high	TRUE
basics	fr	S26.P1	S26.P1	1-1	high	TRUE
basics	fr	S27.P1	S27.P1	1-1	high	TRUE
basics	fr	S28.P1	S28.P1	1-1	high	TRUE
basics	fr	S29.P1	S29.P1	1-1	high	TRUE
basics	fr	S29.P2	S29.P2	1-1	high	TRUE
basics	fr	S29.P3	S29.P3	1-1	high	TRUE
basics	fr	S29.P4	S29.P4	1-1	high	TRUE
basics	fr	S29.P5	S29.P5	1-1	high	TRUE
basics	fr	S29.P6	S29.P6	1-1	high	TRUE
basics	fr	S29.P7	S29.P7	1-1	high	TRUE
basics	fr	S29.P8	S29.P8	1-1	high	TRUE
basics	fr	S30.P1	S30.P1	1-1	high	TRUE
basics	fr	S31.P1	S31.P1	1-1	high	TRUE
basics	fr	S32.P1	S32.P1	1-1	high	TRUE
basics	fr	S33.P1	S33.P1	1-1	high	TRUE
basics	fr	S34.P1	S34.P1	1-1	high	TRUE
basics	fr	S35.P1	S35.P1	1-1	high	TRUE
basics	fr	S35.P2	S35.P2	1-1	high	TRUE
basics	fr	S36.P1	S36.P1	1-1	high	TRUE
basics	fr	S37.P1	S37.P1	1-1	high	TRUE
basics	fr	S38.P1	S38.P1	1-1	high	TRUE
basics	fr	S39.P1	S39.P1	1-1	high	TRUE
basics	fr	S40.P1	S40.P1	1-1	high	TRUE
basics	fr	S40.P2	S40.P2	1-1	high	TRUE
basics	fr	S41.P1	S41.P1	1-1	high	TRUE
basics	fr	S42.P1	S42.P1	1-1	high	TRUE
basics	fr	S43.P1	S43.P1	1-1	high	TRUE
basics	fr	S44.P1	S44.P1	1-1	high	TRUE
basics	fr	S45.P1	S45.P1	1-1	high	TRUE
basics	fr	S46.P1	S46.P1	1-1	high	TRUE
basics	fr	S46.P2	S46.P2	1-1	high	TRUE
basics	fr	S47.P1	S47.P1	1-1	high	TRUE
basics	fr	S48.P1	S48.P1	1-1	high	TRUE
basics	fr	S49.P1	S49.P1	1-1	high	TRUE
basics	fr	S49.P2	S49.P2	1-1	high	TRUE
basics	fr	S50.P1	S50.P1	1-1	high	TRUE
basics	fr	S51.P1	S51.P1	1-1	high	TRUE
basics	fr	S52.P1	S52.P1	1-1	high	TRUE
basics	fr	S52.P2	S52.P2	1-1	high	TRUE
basics	fr	S53.P1	S53.P1	1-1	high	TRUE
basics	fr	S53.P2	S53.P2	1-1	high	TRUE
basics	fr	S54.P1	S54.P1	1-1	high	TRUE
basics	fr	S55.P1	S55.P1	1-1	high	TRUE
basics	fr	S56.P1	S56.P1	1-1	high	TRUE
basics	fr	S56.P2	S56.P2	1-1	high	TRUE
basics	fr	S56.P3	S56.P3	1-1	high	TRUE
basics	fr	S56.P4	S56.P4	1-1	high	TRUE
basics	fr	S56.P5	S56.P5	1-1	high	TRUE
basics	fr	S56.P6	S56.P6	1-1	high	TRUE
basics	fr	S56.P7	S56.P7	1-1	high	TRUE
basics	fr	S57.P1	S57.P1	1-1	high	TRUE
basics	fr	S57.P2	S57.P2	1-1	high	TRUE
basics	fr	S58.P1	S58.P1	1-1	high	TRUE
basics	fr	S58.P2	S58.P2	1-1	high	TRUE
basics	fr	S58.P3	S58.P3	1-1	high	TRUE
basics	fr	S59.P1	S59.P1	1-1	high	TRUE
basics	fr	S59.P2	S59.P2	1-1	high	TRUE
basics	fr	S59.P3	S59.P3	1-1	high	TRUE
basics	fr	S59.P4	S59.P4	1-1	high	TRUE
basics	fr	S60.P1	S60.P1	1-1	high	TRUE
basics	fr	S60.P2	S60.P2	1-1	high	TRUE
basics	fr	S60.P3	S60.P3	1-1	high	TRUE
basics	fr	S60.P4	S60.P4	1-1	high	TRUE
basics	fr	S60.P5	S60.P5	1-1	high	TRUE
basics	fr	S60.P6	S60.P6	1-1	high	TRUE
basics	fr	S60.P7	S60.P7	1-1	high	TRUE
basics	fr	S61.P1	S61.P1	1-1	high	TRUE
basics	fr	S61.P2	S61.P2	1-1	high	TRUE
basics	fr	S62.P1	S62.P1	1-1	high	TRUE
basics	fr	S63.P1	S63.P1	1-1	high	TRUE
basics	fr	S63.P2	S63.P2	1-1	high	TRUE
basics	fr	S63.P3	S63.P3	1-1	high	TRUE
basics	fr	S64.P1	S64.P1	1-1	high	TRUE
basics	fr	S64.P2	S64.P2	1-1	high	TRUE
basics	fr	S65.P1	S65.P1	1-1	high	TRUE
basics	fr	S66.P1	S66.P1	many-1	high	TRUE
basics	fr	S66.P2	NA	unmatched-en	high	TRUE
basics	fr	S66.P3	S66.P1	many-1	high	TRUE
basics	fr	S67.P1	S67.P1	1-1	high	TRUE
basics	fr	S67.P2	S67.P2	1-1	high	TRUE
basics	fr	S68.P1	S68.P1	1-1	high	TRUE
basics	fr	S68.P2	S68.P2	1-1	high	TRUE
basics	fr	S69.P1	S69.P1	1-1	high	TRUE
basics	fr	S70.P1	S70.P1	1-1	high	TRUE
basics	fr	S71.P1	S71.P1	1-1	high	TRUE
basics	fr	S72.P1	S72.P1	1-1	high	TRUE
basics	fr	S73.P1	S73.P1	1-1	high	TRUE
basics	fr	S74.P1	S74.P1	1-1	high	TRUE
basics	fr	S75.P1	S75.P1	1-1	high	TRUE
basics	fr	S76.P1	S76.P1	1-1	high	TRUE
basics	fr	S76.P2	S76.P2	1-1	high	TRUE
basics	fr	S76.P3	S76.P3	1-1	high	TRUE
basics	fr	S76.P4	S76.P4	1-1	high	TRUE
basics	fr	S77.P1	S77.P1	1-1	high	TRUE
basics	fr	S78.P1	S78.P1	1-1	high	TRUE
basics	fr	S79.P1	S79.P1	1-1	high	TRUE
basics	fr	S80.P1	S80.P1	1-1	high	TRUE
basics	jp	S1.P1	S1.P1	1-1	high	TRUE
basics	jp	S2.P1	S2.P1	1-1	high	TRUE
basics	jp	S2.P2	S2.P2	1-1	high	TRUE
basics	jp	S3.P1	S3.P1	1-1	high	TRUE
basics	jp	S4.P1	S4.P1	1-1	high	TRUE
basics	jp	S6.P1	S6.P1	1-1	high	TRUE
basics	jp	S7.P1	S7.P1	1-1	high	TRUE
basics	jp	S8.P1	S8.P1	1-1	high	TRUE
basics	jp	S9.P1	S9.P1	1-1	high	TRUE
basics	jp	S10.P1	S10.P1	1-1	high	TRUE
basics	jp	S12.P1	S12.P1	1-1	high	TRUE
basics	jp	S13.P1	S13.P1	1-1	high	TRUE
basics	jp	S14.P1	S14.P1	1-1	high	TRUE
basics	jp	S15.P1	S15.P1	1-1	high	TRUE
basics	jp	S16.P1	S16.P1	1-1	high	TRUE
basics	jp	S17.P1	S17.P1	1-1	high	TRUE
basics	jp	S19.P1	S19.P1	1-1	high	TRUE
basics	jp	S19.P2	S19.P2	1-1	high	TRUE
basics	jp	S20.P1	S20.P1	1-1	high	TRUE
basics	jp	S20.P2	S20.P2	1-1	high	TRUE
basics	jp	S21.P1	S21.P1	1-1	high	TRUE
basics	jp	S22.P1	S22.P1	1-1	high	TRUE
basics	jp	S23.P1	S23.P1	1-1	high	TRUE
basics	jp	S23.P2	S23.P2	1-1	high	TRUE
basics	jp	S23.P3	S23.P3	1-1	high	TRUE
basics	jp	S24.P1	S24.P1	1-1	high	TRUE
basics	jp	S24.P2	S24.P2	1-1	high	TRUE
basics	jp	S24.P3	S24.P3	1-1	high	TRUE
basics	jp	S24.P4	S24.P4	1-1	high	TRUE
basics	jp	S24.P5	S24.P5	1-1	high	TRUE
basics	jp	S24.P6	S24.P6	1-1	high	TRUE
basics	jp	S25.P1	S25.P1	1-1	medium	TRUE
basics	jp	S25.P2	S25.P2	many-1	medium	TRUE
basics	jp	S25.P3	S25.P2	many-1	medium	TRUE
basics	jp	S26.P1	S26.P1	1-1	high	TRUE
basics	jp	S27.P1	S27.P1	1-1	high	TRUE
basics	jp	S28.P1	S28.P1	1-1	high	TRUE
basics	jp	S29.P1	S29.P1	1-1	high	TRUE
basics	jp	S30.P1	S30.P1	1-1	high	TRUE
basics	jp	S30.P2	S30.P2	1-1	high	TRUE
basics	jp	S30.P3	S30.P3	1-1	high	TRUE
basics	jp	S30.P4	S30.P4	1-1	high	TRUE
basics	jp	S30.P5	S30.P5	1-1	high	TRUE
basics	jp	S30.P6	S30.P6	1-1	high	TRUE
basics	jp	S30.P7	S30.P7	1-1	high	TRUE
basics	jp	S30.P8	S30.P8	1-1	high	TRUE
basics	jp	S31.P1	S31.P1	1-1	high	TRUE
basics	jp	S32.P1	S32.P1	1-1	high	TRUE
basics	jp	S33.P1	S33.P1	1-1	high	TRUE
basics	jp	S34.P1	S34.P1	1-1	high	TRUE
basics	jp	S35.P1	S35.P1	1-1	high	TRUE
basics	jp	S36.P1	S36.P1	1-1	high	TRUE
basics	jp	S36.P2	S36.P2	1-1	high	TRUE
basics	jp	S37.P1	S37.P1	1-1	high	TRUE
basics	jp	S38.P1	S38.P1	1-1	high	TRUE
basics	jp	S39.P1	S39.P1	1-1	high	TRUE
basics	jp	S40.P1	S40.P1	1-1	high	TRUE
basics	jp	S41.P1	S41.P1	1-1	high	TRUE
basics	jp	S41.P2	S41.P2	1-1	high	TRUE
basics	jp	S42.P1	S42.P1	1-1	high	TRUE
basics	jp	S43.P1	S43.P1	1-1	high	TRUE
basics	jp	S43.P2	S43.P2	1-1	high	TRUE
basics	jp	S44.P1	S44.P1	1-1	high	TRUE
basics	jp	S45.P1	S45.P1	1-1	high	TRUE
basics	jp	S46.P1	S46.P1	1-1	high	TRUE
basics	jp	S47.P1	S47.P1	1-1	high	TRUE
basics	jp	S47.P2	S47.P2	1-1	high	TRUE
basics	jp	S48.P1	S48.P1	1-1	high	TRUE
basics	jp	S49.P1	S49.P1	1-1	high	TRUE
basics	jp	S50.P1	S50.P1	1-1	high	TRUE
basics	jp	S50.P2	S50.P2	1-1	high	TRUE
basics	jp	S51.P1	S51.P1	1-1	high	TRUE
basics	jp	S52.P1	S52.P1	1-1	high	TRUE
basics	jp	S53.P1	S53.P1	1-1	high	TRUE
basics	jp	S53.P2	S53.P2	1-1	high	TRUE
basics	jp	S54.P1	S54.P1	1-1	high	TRUE
basics	jp	S54.P2	S54.P2	1-1	high	TRUE
basics	jp	S55.P1	S55.P1	1-1	high	TRUE
basics	jp	S56.P1	S56.P1	1-1	high	TRUE
basics	jp	S57.P1	S57.P1	1-1	high	TRUE
basics	jp	S57.P2	S57.P2	1-1	high	TRUE
basics	jp	S57.P3	S57.P3	1-1	high	TRUE
basics	jp	S57.P4	S57.P4	1-1	high	TRUE
basics	jp	S57.P5	S57.P5	1-1	high	TRUE
basics	jp	S57.P6	S57.P6	1-1	high	TRUE
basics	jp	S57.P7	S57.P7	1-1	high	TRUE
basics	jp	S57.P8	S57.P8	1-1	high	TRUE
basics	jp	S58.P1	S58.P1	1-1	high	TRUE
basics	jp	S58.P2	S58.P2	1-1	high	TRUE
basics	jp	S59.P1	S59.P1	1-1	high	TRUE
basics	jp	S59.P2	S59.P2	1-1	high	TRUE
basics	jp	S59.P3	S59.P3	1-1	high	TRUE
basics	jp	S60.P1	S60.P1	1-1	high	TRUE
basics	jp	S60.P2	S60.P2	1-1	high	TRUE
basics	jp	S60.P3	S60.P3	1-1	high	TRUE
basics	jp	S60.P4	S60.P4	1-1	high	TRUE
basics	jp	S61.P1	S61.P1	1-1	high	TRUE
basics	jp	S61.P2	S61.P2	1-1	high	TRUE
basics	jp	S61.P3	S61.P3	1-1	high	TRUE
basics	jp	S61.P4	S61.P4	1-1	high	TRUE
basics	jp	S61.P5	S61.P5	1-1	high	TRUE
basics	jp	S61.P6	S61.P6	1-1	high	TRUE
basics	jp	S61.P7	S61.P7	1-1	high	TRUE
basics	jp	S61.P8	S61.P8	1-1	high	TRUE
basics	jp	S62.P1	S62.P1	1-1	high	TRUE
basics	jp	S62.P2	S62.P2	1-1	high	TRUE
basics	jp	S62.P3	S62.P3	1-1	high	TRUE
basics	jp	S63.P1	S63.P1	1-1	high	TRUE
basics	jp	S64.P1	S64.P1	1-1	high	TRUE
basics	jp	S64.P2	S64.P2	1-1	high	TRUE
basics	jp	S64.P3	S64.P3	1-1	high	TRUE
basics	jp	S64.P4	S64.P4	1-1	high	TRUE
basics	jp	S65.P1	S65.P1	1-1	high	TRUE
basics	jp	S65.P2	S65.P2	1-1	high	TRUE
basics	jp	S65.P3	S65.P3	1-1	high	TRUE
basics	jp	S66.P1	S66.P1	1-1	high	TRUE
basics	jp	S67.P1	S67.P1	1-1	high	TRUE
basics	jp	S67.P2	S67.P2	1-1	high	TRUE
basics	jp	S67.P3	S67.P3	1-1	high	TRUE
basics	jp	S68.P1	S68.P1	1-1	high	TRUE
basics	jp	S68.P2	S68.P2	1-1	high	TRUE
basics	jp	S69.P1	S69.P1	1-1	high	TRUE
basics	jp	S69.P2	S69.P2	1-1	high	TRUE
basics	jp	S70.P1	S70.P1	1-1	high	TRUE
basics	jp	S71.P1	S71.P1	1-1	high	TRUE
basics	jp	S72.P1	S72.P1	1-1	high	TRUE
basics	jp	S73.P1	S73.P1	1-1	high	TRUE
basics	jp	S74.P1	S74.P1	1-1	high	TRUE
basics	jp	S75.P1	S75.P1	1-1	high	TRUE
basics	jp	S76.P1	S76.P1	1-1	high	TRUE
basics	jp	S77.P1	S77.P1	1-1	high	TRUE
basics	jp	S77.P2	S77.P2	1-1	high	TRUE
basics	jp	S77.P3	S77.P3	1-1	high	TRUE
basics	jp	S77.P4	S77.P4	1-1	high	TRUE
basics	jp	S77.P5	S77.P5	1-1	high	TRUE
basics	jp	S78.P1	S78.P1	1-1	high	TRUE
basics	jp	S79.P1	S79.P1	1-1	high	TRUE
basics	jp	S80.P1	S80.P1	1-1	high	TRUE
basics	jp	S81.P1	S81.P1	1-1	high	TRUE
basics	pt	S1.P1	S1.P1	1-1	high	TRUE
basics	pt	S2.P1	S2.P1	1-1	high	TRUE
basics	pt	S3.P1	S3.P1	1-1	high	TRUE
basics	pt	S5.P1	S5.P1	1-1	high	TRUE
basics	pt	S6.P1	S6.P1	1-1	high	TRUE
basics	pt	S7.P1	S7.P1	1-1	high	TRUE
basics	pt	S8.P1	S8.P1	1-1	high	TRUE
basics	pt	S9.P1	S9.P1	1-1	high	TRUE
basics	pt	S11.P1	S11.P1	1-1	high	TRUE
basics	pt	S12.P1	S12.P1	1-1	high	TRUE
basics	pt	S13.P1	S13.P1	1-1	high	TRUE
basics	pt	S14.P1	S14.P1	1-1	high	TRUE
basics	pt	S15.P1	S15.P1	1-1	high	TRUE
basics	pt	S16.P1	S16.P1	1-1	high	TRUE
basics	pt	S18.P1	S18.P1	1-1	high	TRUE
basics	pt	S18.P2	S18.P2	1-1	high	TRUE
basics	pt	S19.P1	S19.P1	1-1	high	TRUE
basics	pt	S19.P2	S19.P2	1-1	high	TRUE
basics	pt	S20.P1	S20.P1	1-1	high	TRUE
basics	pt	S21.P1	S21.P1	1-1	high	TRUE
basics	pt	S22.P1	S22.P1	1-1	high	TRUE
basics	pt	S22.P2	S22.P2	1-1	high	TRUE
basics	pt	S22.P3	S22.P3	1-1	high	TRUE
basics	pt	S23.P1	S23.P1	1-1	high	TRUE
basics	pt	S23.P2	S23.P2	1-1	high	TRUE
basics	pt	S23.P3	S23.P3	1-1	high	TRUE
basics	pt	S23.P4	S23.P4	1-1	high	TRUE
basics	pt	S23.P5	S23.P5	1-1	high	TRUE
basics	pt	S24.P1	S24.P1	1-1	high	TRUE
basics	pt	S25.P1	S25.P1	1-1	high	TRUE
basics	pt	S26.P1	S26.P1	1-1	high	TRUE
basics	pt	S27.P1	S27.P1	1-1	high	TRUE
basics	pt	S28.P1	S28.P1	1-1	high	TRUE
basics	pt	S29.P1	S29.P1	1-1	high	TRUE
basics	pt	S29.P2	S29.P2	1-1	high	TRUE
basics	pt	S29.P3	S29.P3	1-1	high	TRUE
basics	pt	S29.P4	S29.P4	1-1	high	TRUE
basics	pt	S29.P5	S29.P5	1-1	high	TRUE
basics	pt	S29.P6	S29.P6	1-1	high	TRUE
basics	pt	S29.P7	S29.P7	1-1	high	TRUE
basics	pt	S29.P8	S29.P8	1-1	high	TRUE
basics	pt	S30.P1	S30.P1	1-1	high	TRUE
basics	pt	S31.P1	S31.P1	1-1	high	TRUE
basics	pt	S32.P1	S32.P1	1-1	high	TRUE
basics	pt	S33.P1	S33.P1	1-1	high	TRUE
basics	pt	S34.P1	S34.P1	1-1	high	TRUE
basics	pt	S35.P1	S35.P1	1-1	high	TRUE
basics	pt	S35.P2	S35.P2	1-1	high	TRUE
basics	pt	S36.P1	S36.P1	1-1	high	TRUE
basics	pt	S37.P1	S37.P1	1-1	high	TRUE
basics	pt	S38.P1	S38.P1	1-1	high	TRUE
basics	pt	S39.P1	S39.P1	1-1	high	TRUE
basics	pt	S40.P1	S40.P1	1-1	high	TRUE
basics	pt	S40.P2	S40.P2	1-1	high	TRUE
basics	pt	S41.P1	S41.P1	1-1	high	TRUE
basics	pt	S42.P1	S42.P1	1-1	high	TRUE
basics	pt	S43.P1	S43.P1	1-1	high	TRUE
basics	pt	S44.P1	S44.P1	1-1	high	TRUE
basics	pt	S45.P1	S45.P1	1-1	high	TRUE
basics	pt	S46.P1	S46.P1	1-1	high	TRUE
basics	pt	S46.P2	S46.P2	1-1	high	TRUE
basics	pt	S47.P1	S47.P1	1-1	high	TRUE
basics	pt	S48.P1	S48.P1	1-1	high	TRUE
basics	pt	S49.P1	S49.P1	1-1	high	TRUE
basics	pt	S49.P2	S49.P2	1-1	high	TRUE
basics	pt	S50.P1	S50.P1	1-1	high	TRUE
basics	pt	S51.P1	S51.P1	1-1	high	TRUE
basics	pt	S52.P1	S52.P1	1-1	high	TRUE
basics	pt	S52.P2	S52.P2	1-1	high	TRUE
basics	pt	S53.P1	S53.P1	1-1	high	TRUE
basics	pt	S53.P2	S53.P2	1-1	high	TRUE
basics	pt	S54.P1	S54.P1	1-1	high	TRUE
basics	pt	S55.P1	S55.P1	1-1	high	TRUE
basics	pt	S56.P1	S56.P1	1-1	high	TRUE
basics	pt	S56.P2	S56.P2	1-1	high	TRUE
basics	pt	S56.P3	S56.P3	1-1	high	TRUE
basics	pt	S56.P4	S56.P4	1-1	high	TRUE
basics	pt	S56.P5	S56.P5	1-1	high	TRUE
basics	pt	S56.P6	S56.P6	1-1	high	TRUE
basics	pt	S56.P7	S56.P7	1-1	high	TRUE
basics	pt	S57.P1	S57.P1	1-1	high	TRUE
basics	pt	S57.P2	S57.P2	1-1	high	TRUE
basics	pt	S58.P1	S58.P1	1-1	high	TRUE
basics	pt	S58.P2	S58.P2	1-1	high	TRUE
basics	pt	S58.P3	S58.P3	1-1	high	TRUE
basics	pt	S59.P1	S59.P1	1-1	high	TRUE
basics	pt	S59.P2	S59.P2	1-1	high	TRUE
basics	pt	S59.P3	S59.P3	1-1	high	TRUE
basics	pt	S59.P4	S59.P4	1-1	high	TRUE
basics	pt	S60.P1	S60.P1	1-1	high	TRUE
basics	pt	S60.P2	S60.P2	1-1	high	TRUE
basics	pt	S60.P3	S60.P3	1-1	high	TRUE
basics	pt	S60.P4	S60.P4	1-1	high	TRUE
basics	pt	S60.P5	S60.P5	1-1	high	TRUE
basics	pt	S60.P6	S60.P6	1-1	high	TRUE
basics	pt	S60.P7	S60.P7	1-1	high	TRUE
basics	pt	S61.P1	S61.P1	1-1	high	TRUE
basics	pt	S61.P2	S61.P2	1-1	high	TRUE
basics	pt	S62.P1	S62.P1	1-1	high	TRUE
basics	pt	S63.P1	S63.P1	1-1	high	TRUE
basics	pt	S63.P2	S63.P2	1-1	high	TRUE
basics	pt	S63.P3	S63.P3	1-1	high	TRUE
basics	pt	S64.P1	S64.P1	1-1	high	TRUE
basics	pt	S64.P2	S64.P2	1-1	high	TRUE
basics	pt	S65.P1	S65.P1	1-1	high	TRUE
basics	pt	S66.P1	S66.P1	1-1	high	TRUE
basics	pt	S66.P2	S66.P2	1-1	high	TRUE
basics	pt	S66.P3	S66.P3	1-1	high	TRUE
basics	pt	S67.P1	S67.P1	1-1	high	TRUE
basics	pt	S67.P2	S67.P2	1-1	high	TRUE
basics	pt	S68.P1	S68.P1	1-1	high	TRUE
basics	pt	S68.P2	S68.P2	1-1	high	TRUE
basics	pt	S69.P1	S69.P1	1-1	high	TRUE
basics	pt	S70.P1	S70.P1	1-1	high	TRUE
basics	pt	S71.P1	S71.P1	1-1	high	TRUE
basics	pt	S72.P1	S72.P1	1-1	high	TRUE
basics	pt	S73.P1	S73.P1	1-1	high	TRUE
basics	pt	S74.P1	S74.P1	1-1	high	TRUE
basics	pt	S75.P1	S75.P1	1-1	high	TRUE
basics	pt	S76.P1	S76.P1	1-1	high	TRUE
basics	pt	S76.P2	S76.P2	1-1	high	TRUE
basics	pt	S76.P3	S76.P3	1-1	high	TRUE
basics	pt	S76.P4	S76.P4	1-1	high	TRUE
basics	pt	S77.P1	S77.P1	1-1	high	TRUE
basics	pt	S78.P1	S78.P1	1-1	high	TRUE
basics	pt	S79.P1	S79.P1	1-1	high	TRUE
basics	pt	S80.P1	S80.P1	1-1	high	TRUE
basics	ru	S0.P1	S0.P1	1-1	high	TRUE
basics	ru	S1.P1	S1.P1	1-1	high	TRUE
basics	ru	S1.P2	S1.P2	1-1	high	TRUE
basics	ru	S2.P1	S2.P1	1-1	high	TRUE
basics	ru	S3.P1	S3.P1	1-1	high	TRUE
basics	ru	S5.P1	S5.P1	1-1	high	TRUE
basics	ru	S6.P1	S6.P1	1-1	high	TRUE
basics	ru	S7.P1	S7.P1	1-1	high	TRUE
basics	ru	S8.P1	S8.P1	1-1	high	TRUE
basics	ru	S9.P1	S9.P1	1-1	high	TRUE
basics	ru	S11.P1	S11.P1	1-1	high	TRUE
basics	ru	S12.P1	S12.P1	1-1	high	TRUE
basics	ru	S13.P1	S13.P1	1-1	high	TRUE
basics	ru	S14.P1	S14.P1	1-1	high	TRUE
basics	ru	S15.P1	S15.P1	1-1	high	TRUE
basics	ru	S16.P1	S16.P1	1-1	high	TRUE
basics	ru	S18.P1	S18.P1	1-1	high	TRUE
basics	ru	S18.P2	S18.P2	1-1	high	TRUE
basics	ru	S19.P1	S19.P1	1-1	high	TRUE
basics	ru	S19.P2	S19.P2	1-1	high	TRUE
basics	ru	S20.P1	S20.P1	1-1	high	TRUE
basics	ru	S21.P1	S21.P1	1-1	high	TRUE
basics	ru	S22.P1	S22.P1	1-1	high	TRUE
basics	ru	S22.P2	S22.P2	1-1	high	TRUE
basics	ru	S22.P3	S22.P3	1-1	high	TRUE
basics	ru	S23.P1	S23.P1	1-1	high	TRUE
basics	ru	S23.P2	S23.P2	1-1	high	TRUE
basics	ru	S23.P3	S23.P3	1-1	high	TRUE
basics	ru	S23.P4	S23.P4	1-1	high	TRUE
basics	ru	S23.P5	S23.P5	1-1	high	TRUE
basics	ru	S23.P6	S23.P6	1-1	high	TRUE
basics	ru	S24.P1	S24.P1	1-1	high	TRUE
basics	ru	S24.P2	S24.P2	1-1	high	TRUE
basics	ru	S24.P3	S24.P3	1-1	high	TRUE
basics	ru	S25.P1	S25.P1	1-1	high	TRUE
basics	ru	S26.P1	S26.P1	1-1	high	TRUE
basics	ru	S27.P1	S27.P1	1-1	high	TRUE
basics	ru	S28.P1	S28.P1	1-1	high	TRUE
basics	ru	S29.P1	S29.P1	1-1	high	TRUE
basics	ru	S29.P2	S29.P2	1-1	high	TRUE
basics	ru	S29.P3	S29.P3	1-1	high	TRUE
basics	ru	S29.P4	S29.P4	1-1	high	TRUE
basics	ru	S29.P5	S29.P5	1-1	high	TRUE
basics	ru	S29.P6	S29.P6	1-1	high	TRUE
basics	ru	S29.P7	S29.P7	1-1	high	TRUE
basics	ru	S29.P8	S29.P8	1-1	high	TRUE
basics	ru	S30.P1	S30.P1	1-1	high	TRUE
basics	ru	S31.P1	S31.P1	1-1	high	TRUE
basics	ru	S32.P1	S32.P1	1-1	high	TRUE
basics	ru	S33.P1	S33.P1	1-1	high	TRUE
basics	ru	S34.P1	S34.P1	1-1	high	TRUE
basics	ru	S35.P1	S35.P1	1-1	high	TRUE
basics	ru	S35.P2	S35.P2	1-1	high	TRUE
basics	ru	S36.P1	S36.P1	1-1	high	TRUE
basics	ru	S37.P1	S37.P1	1-1	high	TRUE
basics	ru	S38.P1	S38.P1	1-1	high	TRUE
basics	ru	S39.P1	S39.P1	1-1	high	TRUE
basics	ru	S40.P1	S40.P1	1-1	high	TRUE
basics	ru	S40.P2	S40.P2	1-1	high	TRUE
basics	ru	S41.P1	S41.P1	1-1	high	TRUE
basics	ru	S42.P1	S42.P1	1-1	high	TRUE
basics	ru	S42.P2	S42.P2	1-1	high	TRUE
basics	ru	S43.P1	S43.P1	1-1	high	TRUE
basics	ru	S44.P1	S44.P1	1-1	high	TRUE
basics	ru	S45.P1	S45.P1	1-1	high	TRUE
basics	ru	S46.P1	S46.P1	1-1	high	TRUE
basics	ru	S46.P2	S46.P2	1-1	high	TRUE
basics	ru	S47.P1	S47.P1	1-1	high	TRUE
basics	ru	S48.P1	S48.P1	1-1	high	TRUE
basics	ru	S49.P1	S49.P1	1-1	high	TRUE
basics	ru	S49.P2	S49.P2	1-1	high	TRUE
basics	ru	S50.P1	S50.P1	1-1	high	TRUE
basics	ru	S51.P1	S51.P1	1-1	high	TRUE
basics	ru	S52.P1	S52.P1	1-1	high	TRUE
basics	ru	S52.P2	S52.P2	1-1	high	TRUE
basics	ru	S53.P1	S53.P1	1-1	high	TRUE
basics	ru	S53.P2	S53.P2	1-1	high	TRUE
basics	ru	S54.P1	S54.P1	1-1	high	TRUE
basics	ru	S55.P1	S55.P1	1-1	high	TRUE
basics	ru	S56.P1	S56.P1	1-1	high	TRUE
basics	ru	S56.P2	S56.P2	1-1	high	TRUE
basics	ru	S56.P3	S56.P3	1-1	high	TRUE
basics	ru	S56.P4	S56.P4	1-1	high	TRUE
basics	ru	S56.P5	S56.P5	1-1	high	TRUE
basics	ru	S56.P6	S56.P6	1-1	high	TRUE
basics	ru	S56.P7	S56.P7	1-1	high	TRUE
basics	ru	S56.P8	S56.P8	1-1	high	TRUE
basics	ru	S57.P1	S57.P1	1-1	high	TRUE
basics	ru	S57.P2	S57.P2	1-1	high	TRUE
basics	ru	S58.P1	S58.P1	1-1	high	TRUE
basics	ru	S58.P2	S58.P2	1-1	high	TRUE
basics	ru	S58.P3	S58.P3	1-1	high	TRUE
basics	ru	S59.P1	S59.P1	1-1	high	TRUE
basics	ru	S59.P2	S59.P2	1-1	high	TRUE
basics	ru	S59.P3	S59.P3	1-1	high	TRUE
basics	ru	S59.P4	S59.P4	1-1	high	TRUE
basics	ru	S60.P1	S60.P1	1-1	high	TRUE
basics	ru	S60.P2	S60.P2	1-1	high	TRUE
basics	ru	S60.P3	S60.P3	1-1	high	TRUE
basics	ru	S60.P4	S60.P4	1-1	high	TRUE
basics	ru	S60.P5	S60.P5	1-1	high	TRUE
basics	ru	S60.P6	S60.P6	1-1	high	TRUE
basics	ru	S60.P7	S60.P7	1-1	high	TRUE
basics	ru	S60.P8	S60.P8	1-1	high	TRUE
basics	ru	S61.P1	S61.P1	1-1	high	TRUE
basics	ru	S61.P2	S61.P2	1-1	high	TRUE
basics	ru	S61.P3	S61.P3	1-1	high	TRUE
basics	ru	S62.P1	S62.P1	1-1	high	TRUE
basics	ru	S63.P1	S63.P1	1-1	high	TRUE
basics	ru	S63.P2	S63.P2	1-1	high	TRUE
basics	ru	S63.P3	S63.P3	1-1	high	TRUE
basics	ru	S63.P4	S63.P4	1-1	high	TRUE
basics	ru	S64.P1	S64.P1	1-1	high	TRUE
basics	ru	S64.P2	S64.P2	1-1	high	TRUE
basics	ru	S64.P3	S64.P3	1-1	high	TRUE
basics	ru	S65.P1	S65.P1	1-1	high	TRUE
basics	ru	S66.P1	S66.P1	1-1	high	TRUE
basics	ru	S66.P2	S66.P2	1-1	high	TRUE
basics	ru	S66.P3	S66.P3	1-1	high	TRUE
basics	ru	S67.P1	S67.P1	1-1	high	TRUE
basics	ru	S67.P2	S67.P2	1-1	high	TRUE
basics	ru	S68.P1	S68.P1	1-1	high	TRUE
basics	ru	S68.P2	S68.P2	1-1	high	TRUE
basics	ru	S69.P1	S69.P1	1-1	high	TRUE
basics	ru	S70.P1	S70.P1	1-1	high	TRUE
basics	ru	S71.P1	S71.P1	1-1	high	TRUE
basics	ru	S72.P1	S72.P1	1-1	high	TRUE
basics	ru	S73.P1	S73.P1	1-1	high	TRUE
basics	ru	S74.P1	S74.P1	1-1	high	TRUE
basics	ru	S75.P1	S75.P1	1-1	high	TRUE
basics	ru	S76.P1	S76.P1	1-1	high	TRUE
basics	ru	S76.P2	S76.P2	1-1	high	TRUE
basics	ru	S76.P3	S76.P3	1-1	high	TRUE
basics	ru	S76.P4	S76.P4	1-1	high	TRUE
basics	ru	S76.P5	S76.P5	1-1	high	TRUE
basics	ru	S77.P1	S77.P1	1-1	high	TRUE
basics	ru	S78.P1	S78.P1	1-1	high	TRUE
basics	ru	S79.P1	S79.P1	1-1	high	TRUE
basics	ru	S80.P1	S80.P1	1-1	high	TRUE
basics	tr	S0.P1	S0.P1	1-1	high	TRUE
basics	tr	S1.P1	S1.P1	1-1	high	TRUE
basics	tr	S1.P2	S1.P2	1-1	high	TRUE
basics	tr	S2.P1	S2.P1	1-1	high	TRUE
basics	tr	S3.P1	S3.P1	1-1	high	TRUE
basics	tr	S5.P1	S5.P1	1-1	high	TRUE
basics	tr	S6.P1	S6.P1	1-1	high	TRUE
basics	tr	S7.P1	S7.P1	1-1	high	TRUE
basics	tr	S8.P1	S8.P1	1-1	high	TRUE
basics	tr	S9.P1	S9.P1	1-1	high	TRUE
basics	tr	S11.P1	S11.P1	1-1	high	TRUE
basics	tr	S12.P1	S12.P1	1-1	high	TRUE
basics	tr	S13.P1	S13.P1	1-1	high	TRUE
basics	tr	S14.P1	S14.P1	1-1	high	TRUE
basics	tr	S15.P1	S15.P1	1-1	high	TRUE
basics	tr	S16.P1	S16.P1	1-1	high	TRUE
basics	tr	S18.P1	S18.P1	1-1	high	TRUE
basics	tr	S18.P2	S18.P2	1-1	high	TRUE
basics	tr	S19.P1	S19.P1	1-1	high	TRUE
basics	tr	S19.P2	S19.P2	1-1	high	TRUE
basics	tr	S20.P1	S20.P1	1-1	high	TRUE
basics	tr	S21.P1	S21.P1	1-1	high	TRUE
basics	tr	S22.P1	S22.P1	1-1	high	TRUE
basics	tr	S22.P2	S22.P2	1-1	high	TRUE
basics	tr	S22.P3	S22.P3	1-1	high	TRUE
basics	tr	S23.P1	S23.P1	1-1	high	TRUE
basics	tr	S23.P2	S23.P2	1-1	high	TRUE
basics	tr	S23.P3	S23.P3	1-1	high	TRUE
basics	tr	S23.P4	S23.P4	1-1	high	TRUE
basics	tr	S23.P5	S23.P5	1-1	high	TRUE
basics	tr	S23.P6	S23.P6	1-1	high	TRUE
basics	tr	S24.P1	S24.P1	1-1	high	TRUE
basics	tr	S24.P2	S24.P2	1-1	high	TRUE
basics	tr	S24.P3	S24.P3	1-1	high	TRUE
basics	tr	S25.P1	S25.P1	1-1	high	TRUE
basics	tr	S26.P1	S26.P1	1-1	high	TRUE
basics	tr	S27.P1	S27.P1	1-1	high	TRUE
basics	tr	S28.P1	S28.P1	1-1	high	TRUE
basics	tr	S29.P1	S29.P1	1-1	high	TRUE
basics	tr	S29.P2	S29.P2	1-1	high	TRUE
basics	tr	S29.P3	S29.P3	1-1	high	TRUE
basics	tr	S29.P4	S29.P4	1-1	high	TRUE
basics	tr	S29.P5	S29.P5	1-1	high	TRUE
basics	tr	S29.P6	S29.P6	1-1	high	TRUE
basics	tr	S29.P7	S29.P7	1-1	high	TRUE
basics	tr	S29.P8	S29.P8	1-1	high	TRUE
basics	tr	S30.P1	S30.P1	1-1	high	TRUE
basics	tr	S31.P1	S31.P1	1-1	high	TRUE
basics	tr	S32.P1	S32.P1	1-1	high	TRUE
basics	tr	S33.P1	S33.P1	1-1	high	TRUE
basics	tr	S34.P1	S34.P1	1-1	high	TRUE
basics	tr	S35.P1	S35.P1	1-1	high	TRUE
basics	tr	S35.P2	S35.P2	1-1	high	TRUE
basics	tr	S36.P1	S36.P1	1-1	high	TRUE
basics	tr	S37.P1	S37.P1	1-1	high	TRUE
basics	tr	S38.P1	S38.P1	1-1	high	TRUE
basics	tr	S39.P1	S39.P1	1-1	high	TRUE
basics	tr	S40.P1	S40.P1	1-1	high	TRUE
basics	tr	S40.P2	S40.P2	1-1	high	TRUE
basics	tr	S41.P1	S41.P1	1-1	high	TRUE
basics	tr	S42.P1	S42.P1	1-1	high	TRUE
basics	tr	S42.P2	S42.P2	1-1	high	TRUE
basics	tr	S43.P1	S43.P1	1-1	high	TRUE
basics	tr	S44.P1	S44.P1	1-1	high	TRUE
basics	tr	S45.P1	S45.P1	1-1	high	TRUE
basics	tr	S46.P1	S46.P1	1-1	high	TRUE
basics	tr	S46.P2	S46.P2	1-1	high	TRUE
basics	tr	S47.P1	S47.P1	1-1	high	TRUE
basics	tr	S48.P1	NA	unmatched-en	high	TRUE
basics	tr	S49.P1	S47.P2	1-1	high	TRUE
basics	tr	S49.P2	S47.P3	1-1	high	TRUE
basics	tr	S50.P1	S48.P1	1-1	high	TRUE
basics	tr	S51.P1	S49.P1	1-1	high	TRUE
basics	tr	S52.P1	S50.P1	1-1	high	TRUE
basics	tr	S52.P2	S50.P2	1-1	high	TRUE
basics	tr	S53.P1	S51.P1	1-1	high	TRUE
basics	tr	S53.P2	S51.P2	1-1	high	TRUE
basics	tr	S54.P1	S52.P1	1-1	high	TRUE
basics	tr	S55.P1	S53.P1	1-1	high	TRUE
basics	tr	S56.P1	S54.P1	1-1	high	TRUE
basics	tr	S56.P2	S54.P2	1-1	high	TRUE
basics	tr	S56.P3	S54.P3	1-1	high	TRUE
basics	tr	S56.P4	S54.P4	1-1	high	TRUE
basics	tr	S56.P5	S54.P5	1-1	high	TRUE
basics	tr	S56.P6	S54.P6	1-1	high	TRUE
basics	tr	S56.P7	S54.P7	1-1	high	TRUE
basics	tr	S56.P8	S54.P8	1-1	high	TRUE
basics	tr	S57.P1	S55.P1	1-1	high	TRUE
basics	tr	S57.P2	S55.P2	1-1	high	TRUE
basics	tr	S58.P1	S56.P1	1-1	high	TRUE
basics	tr	S58.P2	S56.P2	1-1	high	TRUE
basics	tr	S58.P3	S56.P3	1-1	high	TRUE
basics	tr	S59.P1	S57.P1	1-1	high	TRUE
basics	tr	S59.P2	S57.P2	1-1	high	TRUE
basics	tr	S59.P3	S57.P3	1-1	high	TRUE
basics	tr	S59.P4	S57.P4	1-1	high	TRUE
basics	tr	S60.P1	S58.P1	1-1	high	TRUE
basics	tr	S60.P2	S58.P2	1-1	high	TRUE
basics	tr	S60.P3	S58.P3	1-1	high	TRUE
basics	tr	S60.P4	S58.P4	1-1	high	TRUE
basics	tr	S60.P5	S58.P5	1-1	high	TRUE
basics	tr	S60.P6	S58.P6	1-1	high	TRUE
basics	tr	S60.P7	S58.P7	1-1	high	TRUE
basics	tr	S60.P8	S58.P8	1-1	high	TRUE
basics	tr	S61.P1	S59.P1	1-1	high	TRUE
basics	tr	S61.P2	S59.P2	1-1	high	TRUE
basics	tr	S61.P3	S59.P3	1-1	high	TRUE
basics	tr	S62.P1	S60.P1	1-1	high	TRUE
basics	tr	S63.P1	S61.P1	1-1	high	TRUE
basics	tr	S63.P2	S61.P2	1-1	high	TRUE
basics	tr	S63.P3	S61.P3	1-1	high	TRUE
basics	tr	S63.P4	S61.P4	1-1	high	TRUE
basics	tr	S64.P1	S62.P1	1-1	high	TRUE
basics	tr	S64.P2	S62.P2	1-1	high	TRUE
basics	tr	S64.P3	S62.P3	1-1	high	TRUE
basics	tr	S65.P1	S63.P1	1-1	high	TRUE
basics	tr	S66.P1	S64.P1	1-1	high	TRUE
basics	tr	S66.P2	S64.P2	1-1	high	TRUE
basics	tr	S66.P3	S64.P3	1-1	high	TRUE
basics	tr	S67.P1	S65.P1	1-1	high	TRUE
basics	tr	S67.P2	S65.P2	1-1	high	TRUE
basics	tr	S68.P1	S66.P1	1-1	high	TRUE
basics	tr	S68.P2	S66.P2	1-1	high	TRUE
basics	tr	S69.P1	S67.P1	1-1	high	TRUE
basics	tr	S70.P1	S68.P1	1-1	high	TRUE
basics	tr	S71.P1	S69.P1	1-1	high	TRUE
basics	tr	S72.P1	S70.P1	1-1	high	TRUE
basics	tr	S73.P1	S71.P1	1-1	high	TRUE
basics	tr	S74.P1	S72.P1	1-1	high	TRUE
basics	tr	S75.P1	S73.P1	1-1	high	TRUE
basics	tr	S76.P1	S74.P1	1-1	high	TRUE
basics	tr	S76.P2	S74.P2	1-1	high	TRUE
basics	tr	S76.P3	S74.P3	1-1	high	TRUE
basics	tr	S76.P4	S74.P4	1-1	high	TRUE
basics	tr	S76.P5	S74.P5	1-1	high	TRUE
basics	tr	S77.P1	S75.P1	1-1	high	TRUE
basics	tr	S78.P1	S76.P1	1-1	high	TRUE
basics	tr	S79.P1	S77.P1	1-1	high	TRUE
basics	tr	S80.P1	S78.P1	1-1	high	TRUE
basics	vn	S1.P1	S1.P1	1-1	high	TRUE
basics	vn	S2.P1	S2.P1	1-1	high	TRUE
basics	vn	S2.P2	S2.P2	1-1	high	TRUE
basics	vn	S2.P3	S2.P3	1-1	high	TRUE
basics	vn	S3.P1	S3.P1	1-1	high	TRUE
basics	vn	S4.P1	S4.P1	1-1	high	TRUE
basics	vn	S5.P1	S5.P1	1-1	high	TRUE
basics	vn	S6.P1	S6.P1	1-1	high	TRUE
basics	vn	S7.P1	S7.P1	1-1	high	TRUE
basics	vn	S8.P1	S8.P1	1-1	high	TRUE
basics	vn	S9.P1	S9.P1	1-1	high	TRUE
basics	vn	S10.P1	S10.P1	1-1	high	TRUE
basics	vn	S11.P1	S11.P1	1-1	high	TRUE
basics	vn	S12.P1	S12.P1	1-1	high	TRUE
basics	vn	S13.P1	S13.P1	1-1	high	TRUE
basics	vn	S14.P1	S14.P1	1-1	high	TRUE
basics	vn	S15.P1	S15.P1	1-1	high	TRUE
basics	vn	S16.P1	S16.P1	1-1	high	TRUE
basics	vn	S17.P1	S17.P1	1-1	high	TRUE
basics	vn	S18.P1	S18.P1	1-1	high	TRUE
basics	vn	S19.P1	S19.P1	1-1	high	TRUE
basics	vn	S19.P2	S19.P2	1-1	high	TRUE
basics	vn	S20.P1	S20.P1	1-1	high	TRUE
basics	vn	S20.P2	S20.P2	1-1	high	TRUE
basics	vn	S21.P1	S21.P1	1-1	high	TRUE
basics	vn	S22.P1	S22.P1	1-1	high	TRUE
basics	vn	S23.P1	S23.P1	1-1	high	TRUE
basics	vn	S23.P2	S23.P2	1-1	high	TRUE
basics	vn	S23.P3	S23.P3	1-1	high	TRUE
basics	vn	S24.P1	S24.P1	1-1	high	TRUE
basics	vn	S24.P2	S24.P2	1-1	high	TRUE
basics	vn	S24.P3	S24.P3	1-1	high	TRUE
basics	vn	S24.P4	S24.P4	1-1	high	TRUE
basics	vn	S24.P5	S24.P5	1-1	high	TRUE
basics	vn	S24.P6	S24.P6	1-1	high	TRUE
basics	vn	S25.P1	S25.P1	1-1	high	TRUE
basics	vn	S25.P2	S25.P2	1-1	high	TRUE
basics	vn	S25.P3	S25.P3	1-1	high	TRUE
basics	vn	S26.P1	S26.P1	1-1	high	TRUE
basics	vn	S27.P1	S27.P1	1-1	high	TRUE
basics	vn	S28.P1	S28.P1	1-1	high	TRUE
basics	vn	S29.P1	S29.P1	1-1	high	TRUE
basics	vn	S30.P1	S30.P1	1-1	high	TRUE
basics	vn	S30.P2	S30.P2	1-1	high	TRUE
basics	vn	S30.P3	S30.P3	1-1	high	TRUE
basics	vn	S30.P4	S30.P4	1-1	high	TRUE
basics	vn	S30.P5	S30.P5	1-1	high	TRUE
basics	vn	S30.P6	S30.P6	1-1	high	TRUE
basics	vn	S30.P7	S30.P7	1-1	high	TRUE
basics	vn	S30.P8	S30.P8	1-1	high	TRUE
basics	vn	S31.P1	S31.P1	1-1	high	TRUE
basics	vn	S32.P1	S32.P1	1-1	high	TRUE
basics	vn	S33.P1	S33.P1	1-1	high	TRUE
basics	vn	S34.P1	S34.P1	1-1	high	TRUE
basics	vn	S35.P1	S35.P1	1-1	high	TRUE
basics	vn	S36.P1	S36.P1	1-1	high	TRUE
basics	vn	S36.P2	S36.P2	1-1	high	TRUE
basics	vn	S37.P1	S37.P1	1-1	high	TRUE
basics	vn	S38.P1	S38.P1	1-1	high	TRUE
basics	vn	S39.P1	S39.P1	1-1	high	TRUE
basics	vn	S40.P1	S40.P1	1-1	high	TRUE
basics	vn	S41.P1	S41.P1	1-1	high	TRUE
basics	vn	S41.P2	S41.P2	1-1	high	TRUE
basics	vn	S42.P1	S42.P1	1-1	high	TRUE
basics	vn	S43.P1	S43.P1	1-1	high	TRUE
basics	vn	S43.P2	S43.P2	1-1	high	TRUE
basics	vn	S44.P1	S44.P1	1-1	high	TRUE
basics	vn	S45.P1	S45.P1	1-1	high	TRUE
basics	vn	S46.P1	S46.P1	1-1	high	TRUE
basics	vn	S47.P1	S47.P1	1-1	high	TRUE
basics	vn	S47.P2	S47.P2	1-1	high	TRUE
basics	vn	S48.P1	S48.P1	1-1	high	TRUE
basics	vn	S49.P1	S49.P1	1-1	high	TRUE
basics	vn	S50.P1	S50.P1	1-1	high	TRUE
basics	vn	S50.P2	S50.P2	1-1	high	TRUE
basics	vn	S51.P1	S51.P1	1-1	high	TRUE
basics	vn	S52.P1	S52.P1	1-1	high	TRUE
basics	vn	S53.P1	S53.P1	1-1	high	TRUE
basics	vn	S53.P2	S53.P2	1-1	high	TRUE
basics	vn	S54.P1	S54.P1	1-1	high	TRUE
basics	vn	S54.P2	S54.P2	1-1	high	TRUE
basics	vn	S55.P1	S55.P1	1-1	high	TRUE
basics	vn	S56.P1	S56.P1	1-1	high	TRUE
basics	vn	S57.P1	S57.P1	1-1	high	TRUE
basics	vn	S57.P2	S57.P2	1-1	high	TRUE
basics	vn	S57.P3	S57.P3	1-1	high	TRUE
basics	vn	S57.P4	S57.P4	1-1	high	TRUE
basics	vn	S57.P5	S57.P5	1-1	high	TRUE
basics	vn	S57.P6	S57.P6	1-1	high	TRUE
basics	vn	S57.P7	S57.P7	1-1	high	TRUE
basics	vn	S57.P8	S57.P8	1-1	high	TRUE
basics	vn	S58.P1	S58.P1	1-1	high	TRUE
basics	vn	S58.P2	S58.P2	1-1	high	TRUE
basics	vn	S59.P1	S59.P1	1-1	high	TRUE
basics	vn	S59.P2	S59.P2	1-1	high	TRUE
basics	vn	S59.P3	S59.P3	1-1	high	TRUE
basics	vn	S60.P1	S60.P1	1-1	high	TRUE
basics	vn	S60.P2	S60.P2	1-1	high	TRUE
basics	vn	S60.P3	S60.P3	1-1	high	TRUE
basics	vn	S60.P4	S60.P4	1-1	high	TRUE
basics	vn	S61.P1	S61.P1	1-1	high	TRUE
basics	vn	S61.P2	S61.P2	1-1	high	TRUE
basics	vn	S61.P3	S61.P3	1-1	high	TRUE
basics	vn	S61.P4	S61.P4	1-1	high	TRUE
basics	vn	S61.P5	S61.P5	1-1	high	TRUE
basics	vn	S61.P6	S61.P6	1-1	high	TRUE
basics	vn	S61.P7	S61.P7	1-1	high	TRUE
basics	vn	S61.P8	S61.P8	1-1	high	TRUE
basics	vn	S62.P1	S62.P1	1-1	high	TRUE
basics	vn	S62.P2	S62.P2	1-1	high	TRUE
basics	vn	S62.P3	S62.P3	1-1	high	TRUE
basics	vn	S63.P1	S63.P1	1-1	high	TRUE
basics	vn	S64.P1	S64.P1	1-1	high	TRUE
basics	vn	S64.P2	S64.P2	1-1	high	TRUE
basics	vn	S64.P3	S64.P3	1-1	high	TRUE
basics	vn	S64.P4	S64.P4	1-1	high	TRUE
basics	vn	S65.P1	S65.P1	1-1	high	TRUE
basics	vn	S65.P2	S65.P2	1-1	high	TRUE
basics	vn	S65.P3	S65.P3	1-1	high	TRUE
basics	vn	S66.P1	S66.P1	1-1	high	TRUE
basics	vn	S67.P1	S67.P1	1-1	high	TRUE
basics	vn	S67.P2	S67.P2	1-1	high	TRUE
basics	vn	S67.P3	S67.P3	1-1	high	TRUE
basics	vn	S68.P1	S68.P1	1-1	high	TRUE
basics	vn	S68.P2	S68.P2	1-1	high	TRUE
basics	vn	S69.P1	S69.P1	1-1	high	TRUE
basics	vn	S69.P2	S69.P2	1-1	high	TRUE
basics	vn	S70.P1	S70.P1	1-1	high	TRUE
basics	vn	S71.P1	S71.P1	1-1	high	TRUE
basics	vn	S72.P1	S72.P1	1-1	high	TRUE
basics	vn	S73.P1	S73.P1	1-1	high	TRUE
basics	vn	S74.P1	S74.P1	1-1	high	TRUE
basics	vn	S75.P1	S75.P1	1-1	high	TRUE
basics	vn	S76.P1	S76.P1	1-1	high	TRUE
basics	vn	S77.P1	S77.P1	1-1	high	TRUE
basics	vn	S77.P2	S77.P2	1-1	high	TRUE
basics	vn	S77.P3	S77.P3	1-1	high	TRUE
basics	vn	S77.P4	S77.P4	1-1	high	TRUE
basics	vn	S77.P5	S77.P5	1-1	high	TRUE
basics	vn	S78.P1	S78.P1	1-1	high	TRUE
basics	vn	S79.P1	S79.P1	1-1	high	TRUE
basics	vn	S80.P1	S80.P1	1-1	high	TRUE
basics	vn	S81.P1	S81.P1	1-1	high	TRUE
characters_strings	es	S1.P1	S1.P1	1-1	high	TRUE
characters_strings	es	S1.P2	S1.P2	1-1	high	TRUE
characters_strings	es	S2.P1	S2.P1	1-1	high	TRUE
characters_strings	es	S3.P1	S3.P1	1-1	high	TRUE
characters_strings	es	S3.P2	S3.P2	1-1	high	TRUE
characters_strings	es	S4.P1	S4.P1	1-1	high	TRUE
characters_strings	es	S4.P2	S4.P2	1-1	high	TRUE
characters_strings	es	S4.P3	S4.P3	1-1	high	TRUE
characters_strings	es	S4.P4	S4.P4	1-1	high	TRUE
characters_strings	es	S5.P1	S5.P1	1-1	high	TRUE
characters_strings	es	S6.P1	S6.P1	1-1	high	TRUE
characters_strings	es	S6.P2	S6.P2	1-1	high	TRUE
characters_strings	es	S6.P3	S6.P3	1-1	high	TRUE
characters_strings	es	S6.P4	S6.P4	1-1	high	TRUE
characters_strings	es	S6.P5	S6.P5	1-1	high	TRUE
characters_strings	es	S7.P1	S7.P1	1-1	high	TRUE
characters_strings	es	S7.P2	S7.P2	1-1	high	TRUE
characters_strings	es	S7.P3	S7.P3	1-1	high	TRUE
characters_strings	es	S7.P4	S7.P4	1-1	high	TRUE
characters_strings	es	S7.P5	S7.P5	1-1	high	TRUE
characters_strings	es	S7.P6	S7.P6	1-1	high	TRUE
characters_strings	es	S7.P7	S7.P7	1-1	high	TRUE
characters_strings	es	S7.P8	S7.P8	1-1	high	TRUE
characters_strings	es	S8.P1	S8.P1	1-1	high	TRUE
characters_strings	es	S8.P2	S8.P2	1-1	high	TRUE
characters_strings	es	S8.P3	S8.P3	1-1	high	TRUE
characters_strings	es	S8.P4	S8.P4	1-1	high	TRUE
characters_strings	es	S8.P5	S8.P5	1-1	high	TRUE
characters_strings	es	S9.P1	S9.P1	1-1	high	TRUE
characters_strings	es	S9.P2	S9.P2	1-1	high	TRUE
characters_strings	es	S9.P3	S9.P3	1-1	high	TRUE
characters_strings	es	S9.P4	S9.P4	1-1	high	TRUE
characters_strings	es	S9.P5	S9.P5	1-1	high	TRUE
characters_strings	es	S9.P6	S9.P6	1-1	high	TRUE
characters_strings	es	S9.P7	S9.P7	1-1	high	TRUE
characters_strings	es	S10.P1	S10.P1	1-1	high	TRUE
characters_strings	es	S10.P2	S10.P2	1-1	high	TRUE
characters_strings	es	S10.P3	S10.P3	1-1	high	TRUE
characters_strings	es	S10.P4	S10.P4	1-1	high	TRUE
characters_strings	es	S11.P1	S11.P1	1-1	high	TRUE
characters_strings	es	S11.P2	S11.P2	1-1	high	TRUE
characters_strings	es	S12.P1	S12.P1	1-1	high	TRUE
characters_strings	es	S12.P2	S12.P2	1-1	high	TRUE
characters_strings	es	S13.P1	S13.P1	1-1	high	TRUE
characters_strings	es	S14.P1	S14.P1	1-1	high	TRUE
characters_strings	es	S14.P2	S14.P2	1-1	high	TRUE
characters_strings	es	S14.P3	S14.P3	1-1	high	TRUE
characters_strings	es	S14.P4	S14.P4	1-1	high	TRUE
characters_strings	es	S14.P5	S14.P5	1-1	high	TRUE
characters_strings	es	S15.P1	S15.P1	1-1	high	TRUE
characters_strings	es	S15.P2	S15.P2	1-1	high	TRUE
characters_strings	es	S15.P3	S15.P3	1-1	high	TRUE
characters_strings	es	S16.P1	S16.P1	1-1	high	TRUE
characters_strings	es	S16.P2	S16.P2	1-1	high	TRUE
characters_strings	es	S17.P1	S17.P1	1-1	high	TRUE
characters_strings	es	S17.P2	S17.P2	1-1	high	TRUE
characters_strings	es	S18.P1	S18.P1	1-1	high	TRUE
characters_strings	es	S18.P2	S18.P2	1-1	high	TRUE
characters_strings	es	S19.P1	S19.P1	1-1	high	TRUE
characters_strings	es	S19.P2	S19.P2	1-1	high	TRUE
characters_strings	es	S20.P1	S20.P1	1-1	high	TRUE
characters_strings	es	S20.P2	S20.P2	1-1	high	TRUE
characters_strings	es	S20.P3	S20.P3	1-1	high	TRUE
characters_strings	es	S21.P1	S21.P1	1-1	high	TRUE
characters_strings	es	S22.P1	S22.P1	1-1	high	TRUE
characters_strings	es	S22.P2	S22.P2	1-1	high	TRUE
characters_strings	es	S23.P1	S23.P1	1-1	high	TRUE
characters_strings	es	S23.P2	S23.P2	1-1	high	TRUE
characters_strings	es	S24.P1	S24.P1	1-1	high	TRUE
characters_strings	es	S24.P2	S24.P2	1-1	high	TRUE
characters_strings	es	S24.P3	S24.P3	1-1	high	TRUE
characters_strings	es	S25.P1	S25.P1	1-1	high	TRUE
characters_strings	es	S25.P2	S25.P2	1-1	high	TRUE
characters_strings	es	S26.P1	S26.P1	1-1	high	TRUE
characters_strings	es	S27.P1	S27.P1	1-1	high	TRUE
characters_strings	es	S27.P2	S27.P2	1-1	high	TRUE
characters_strings	es	S27.P3	S27.P3	1-1	high	TRUE
characters_strings	es	S27.P4	S27.P4	1-1	high	TRUE
characters_strings	es	S27.P5	S27.P5	1-1	high	TRUE
characters_strings	es	S27.P6	S27.P6	1-1	high	TRUE
characters_strings	es	S27.P7	S27.P7	1-1	high	TRUE
characters_strings	es	S27.P8	S27.P8	1-1	high	TRUE
characters_strings	es	S27.P9	S27.P9	1-1	high	TRUE
characters_strings	es	S28.P1	S28.P1	1-1	high	TRUE
characters_strings	es	S28.P2	S28.P2	1-1	high	TRUE
characters_strings	es	S29.P1	S29.P1	1-1	high	TRUE
characters_strings	es	S29.P2	S29.P2	1-1	high	TRUE
characters_strings	es	S30.P1	S30.P1	1-1	high	TRUE
characters_strings	es	S30.P2	S30.P2	1-1	high	TRUE
characters_strings	es	S30.P3	S30.P3	1-1	high	TRUE
characters_strings	es	S31.P1	S31.P1	1-1	high	TRUE
characters_strings	es	S31.P2	S31.P2	1-1	high	TRUE
characters_strings	es	S31.P3	S31.P3	1-1	high	TRUE
characters_strings	es	S32.P1	S32.P1	1-1	high	TRUE
characters_strings	es	S32.P2	S32.P2	1-1	high	TRUE
characters_strings	es	S32.P3	S32.P3	1-1	high	TRUE
characters_strings	es	S33.P1	S33.P1	1-1	high	TRUE
characters_strings	es	S33.P2	S33.P2	1-1	high	TRUE
characters_strings	es	S33.P3	S33.P3	1-1	high	TRUE
characters_strings	es	S34.P1	S34.P1	1-1	high	TRUE
characters_strings	es	S35.P1	S35.P1	1-1	high	TRUE
characters_strings	es	S36.P1	S36.P1	1-1	high	TRUE
characters_strings	es	S37.P1	S37.P1	1-1	high	TRUE
characters_strings	es	S37.P2	S37.P2	1-1	high	TRUE
characters_strings	es	S37.P3	S37.P3	1-1	high	TRUE
characters_strings	es	S37.P4	S37.P4	1-1	high	TRUE
characters_strings	es	S37.P5	S37.P5	1-1	high	TRUE
characters_strings	es	S37.P6	S37.P6	1-1	high	TRUE
characters_strings	es	S37.P7	S37.P7	1-1	high	TRUE
characters_strings	es	S37.P8	S37.P8	1-1	high	TRUE
characters_strings	es	S37.P9	S37.P9	1-1	high	TRUE
characters_strings	es	S38.P1	S38.P1	1-1	high	TRUE
characters_strings	fr	S1.P1	S1.P1	1-1	high	TRUE
characters_strings	fr	S3.P1	S3.P1	1-1	high	TRUE
characters_strings	fr	S4.P1	S4.P1	1-1	high	TRUE
characters_strings	fr	S4.P2	S4.P2	1-1	high	TRUE
characters_strings	fr	S5.P1	S5.P1	1-1	high	TRUE
characters_strings	fr	S6.P1	S6.P1	1-1	high	TRUE
characters_strings	fr	S6.P2	S6.P2	1-1	high	TRUE
characters_strings	fr	S6.P3	S6.P3	1-1	high	TRUE
characters_strings	fr	S6.P4	S6.P4	1-1	high	TRUE
characters_strings	fr	S7.P1	S7.P1	1-1	high	TRUE
characters_strings	fr	S7.P2	S7.P2	1-1	high	TRUE
characters_strings	fr	S7.P3	S7.P3	1-1	high	TRUE
characters_strings	fr	S7.P4	S7.P4	1-1	high	TRUE
characters_strings	fr	S7.P5	S7.P5	1-1	high	TRUE
characters_strings	fr	S7.P6	S7.P6	1-1	high	TRUE
characters_strings	fr	S8.P1	S8.P1	1-1	high	TRUE
characters_strings	fr	S8.P2	S8.P2	1-1	high	TRUE
characters_strings	fr	S8.P3	S8.P3	1-1	high	TRUE
characters_strings	fr	S9.P1	S9.P1	1-1	high	TRUE
characters_strings	fr	S9.P2	S9.P2	1-1	high	TRUE
characters_strings	fr	S9.P3	S9.P3	1-1	high	TRUE
characters_strings	fr	S9.P4	S9.P4	1-1	high	TRUE
characters_strings	fr	S9.P5	S9.P5	1-1	high	TRUE
characters_strings	fr	S9.P6	S9.P6	1-1	high	TRUE
characters_strings	fr	S10.P1	S10.P1	1-1	high	TRUE
characters_strings	fr	S10.P2	S10.P2	1-1	high	TRUE
characters_strings	fr	S10.P3	S10.P3	1-1	high	TRUE
characters_strings	fr	S10.P4	S10.P4	1-1	high	TRUE
characters_strings	fr	S10.P5	S10.P5	1-1	high	TRUE
characters_strings	fr	S11.P1	S11.P1	1-1	high	TRUE
characters_strings	fr	S11.P2	S11.P2	1-1	high	TRUE
characters_strings	fr	S12.P1	S12.P1	1-1	high	TRUE
characters_strings	fr	S12.P2	S12.P2	1-1	high	TRUE
characters_strings	fr	S14.P1	S14.P1	1-1	high	TRUE
characters_strings	fr	S14.P2	S14.P2	1-1	high	TRUE
characters_strings	fr	S14.P3	S14.P3	1-1	high	TRUE
characters_strings	fr	S14.P4	S14.P4	1-1	high	TRUE
characters_strings	fr	S15.P1	S15.P1	1-1	high	TRUE
characters_strings	fr	S15.P2	S15.P2	1-1	high	TRUE
characters_strings	fr	S16.P1	S16.P1	1-1	high	TRUE
characters_strings	fr	S17.P1	S17.P1	1-1	high	TRUE
characters_strings	fr	S18.P1	S18.P1	1-1	high	TRUE
characters_strings	fr	S19.P1	S19.P1	1-1	high	TRUE
characters_strings	fr	S19.P2	S19.P2	1-1	high	TRUE
characters_strings	fr	S20.P1	S20.P1	1-1	high	TRUE
characters_strings	fr	S20.P2	S20.P2	1-1	high	TRUE
characters_strings	fr	S22.P1	S22.P1	1-1	high	TRUE
characters_strings	fr	S23.P1	S23.P1	1-1	high	TRUE
characters_strings	fr	S24.P1	S24.P1	1-1	high	TRUE
characters_strings	fr	S24.P2	S24.P2	1-1	high	TRUE
characters_strings	fr	S25.P1	S25.P1	1-1	high	TRUE
characters_strings	fr	S26.P1	S26.P1	1-1	high	TRUE
characters_strings	fr	S27.P1	S27.P1	1-1	high	TRUE
characters_strings	fr	S27.P2	S27.P2	1-1	high	TRUE
characters_strings	fr	S27.P3	S27.P3	1-1	high	TRUE
characters_strings	fr	S27.P4	S27.P4	1-1	high	TRUE
characters_strings	fr	S27.P5	S27.P5	1-1	high	TRUE
characters_strings	fr	S27.P6	S27.P6	1-1	high	TRUE
characters_strings	fr	S27.P7	S27.P7	1-1	high	TRUE
characters_strings	fr	S27.P8	S27.P8	1-1	high	TRUE
characters_strings	fr	S27.P9	S27.P9	1-1	high	TRUE
characters_strings	fr	S28.P1	S28.P1	1-1	high	TRUE
characters_strings	fr	S29.P1	S29.P1	1-1	high	TRUE
characters_strings	fr	S29.P2	S29.P2	1-1	high	TRUE
characters_strings	fr	S30.P1	S30.P1	1-1	high	TRUE
characters_strings	fr	S30.P2	S30.P2	1-1	high	TRUE
characters_strings	fr	S31.P1	S31.P1	1-1	high	TRUE
characters_strings	fr	S31.P2	S31.P2	1-1	high	TRUE
characters_strings	fr	S32.P1	S32.P1	1-1	high	TRUE
characters_strings	fr	S32.P2	S32.P2	1-1	high	TRUE
characters_strings	fr	S33.P1	S33.P1	1-1	high	TRUE
characters_strings	fr	S33.P2	S33.P2	1-1	high	TRUE
characters_strings	fr	S34.P1	S34.P1	1-1	high	TRUE
characters_strings	fr	S35.P1	S35.P1	1-1	high	TRUE
characters_strings	fr	S37.P1	S37.P1	1-1	high	TRUE
characters_strings	fr	S37.P2	S37.P2	1-1	high	TRUE
characters_strings	fr	S37.P3	S37.P3	1-1	high	TRUE
characters_strings	fr	S37.P4	S37.P4	1-1	high	TRUE
characters_strings	fr	S37.P5	S37.P5	1-1	high	TRUE
characters_strings	fr	S37.P6	S37.P6	1-1	high	TRUE
characters_strings	fr	S37.P7	S37.P7	1-1	high	TRUE
characters_strings	fr	S37.P8	S37.P8	1-1	high	TRUE
characters_strings	fr	S37.P9	S37.P9	1-1	high	TRUE
characters_strings	fr	S38.P1	S38.P1	1-1	high	TRUE
characters_strings	jp	S1.P1	S1.P1	1-1	high	TRUE
characters_strings	jp	S1.P2	S1.P2	1-1	high	TRUE
characters_strings	jp	S2.P1	S2.P1	1-1	high	TRUE
characters_strings	jp	S3.P1	S3.P1	1-1	high	TRUE
characters_strings	jp	S3.P2	S3.P2	1-1	high	TRUE
characters_strings	jp	S4.P1	S4.P1	1-1	high	TRUE
characters_strings	jp	S4.P2	S4.P2	1-1	high	TRUE
characters_strings	jp	S4.P3	S4.P3	1-1	high	TRUE
characters_strings	jp	S4.P4	S4.P4	1-1	high	TRUE
characters_strings	jp	S5.P1	S5.P1	1-1	high	TRUE
characters_strings	jp	S6.P1	S6.P1	1-1	high	TRUE
characters_strings	jp	S6.P2	S6.P2	1-1	high	TRUE
characters_strings	jp	S6.P3	S6.P3	1-1	high	TRUE
characters_strings	jp	S6.P4	S6.P4	1-1	high	TRUE
characters_strings	jp	S6.P5	S6.P5	1-1	high	TRUE
characters_strings	jp	S7.P1	S7.P1	1-1	high	TRUE
characters_strings	jp	S7.P2	S7.P2	1-1	high	TRUE
characters_strings	jp	S7.P3	S7.P3	1-1	high	TRUE
characters_strings	jp	S7.P4	S7.P4	1-1	high	TRUE
characters_strings	jp	S7.P5	S7.P5	1-1	high	TRUE
characters_strings	jp	S7.P6	S7.P6	1-1	high	TRUE
characters_strings	jp	S7.P7	S7.P7	1-1	high	TRUE
characters_strings	jp	S7.P8	S7.P8	1-1	high	TRUE
characters_strings	jp	S8.P1	S8.P1	1-1	high	TRUE
characters_strings	jp	S8.P2	S8.P2	1-1	high	TRUE
characters_strings	jp	S8.P3	S8.P3	1-1	high	TRUE
characters_strings	jp	S8.P4	S8.P4	1-1	high	TRUE
characters_strings	jp	S8.P5	S8.P5	1-1	high	TRUE
characters_strings	jp	S9.P1	S9.P1	1-1	high	TRUE
characters_strings	jp	S9.P2	S9.P2	1-1	high	TRUE
characters_strings	jp	S9.P3	S9.P3	1-1	high	TRUE
characters_strings	jp	S9.P4	S9.P4	1-1	high	TRUE
characters_strings	jp	S9.P5	S9.P5	1-1	high	TRUE
characters_strings	jp	S9.P6	S9.P6	1-1	high	TRUE
characters_strings	jp	S9.P7	S9.P7	1-1	high	TRUE
characters_strings	jp	S10.P1	S10.P1	1-1	high	TRUE
characters_strings	jp	S10.P2	S10.P2	1-1	high	TRUE
characters_strings	jp	S10.P3	S10.P3	1-1	high	TRUE
characters_strings	jp	S10.P4	S10.P4	1-1	high	TRUE
characters_strings	jp	S11.P1	S11.P1	1-1	high	TRUE
characters_strings	jp	S11.P2	S11.P2	1-1	high	TRUE
characters_strings	jp	S12.P1	S12.P1	1-1	high	TRUE
characters_strings	jp	S12.P2	S12.P2	1-1	high	TRUE
characters_strings	jp	S13.P1	S13.P1	1-1	high	TRUE
characters_strings	jp	S14.P1	S14.P1	1-1	high	TRUE
characters_strings	jp	S14.P2	S14.P2	1-1	high	TRUE
characters_strings	jp	S14.P3	S14.P3	1-1	high	TRUE
characters_strings	jp	S14.P4	S14.P4	1-1	high	TRUE
characters_strings	jp	S14.P5	S14.P5	1-1	high	TRUE
characters_strings	jp	S15.P1	S15.P1	1-1	high	TRUE
characters_strings	jp	S15.P2	S15.P2	1-1	high	TRUE
characters_strings	jp	S15.P3	S15.P3	1-1	high	TRUE
characters_strings	jp	S16.P1	S16.P1	1-1	high	TRUE
characters_strings	jp	S16.P2	S16.P2	1-1	high	TRUE
characters_strings	jp	S17.P1	S17.P1	1-1	high	TRUE
characters_strings	jp	S17.P2	S17.P2	1-1	high	TRUE
characters_strings	jp	S18.P1	S18.P1	1-1	high	TRUE
characters_strings	jp	S18.P2	S18.P2	1-1	high	TRUE
characters_strings	jp	S19.P1	S19.P1	1-1	high	TRUE
characters_strings	jp	S19.P2	S19.P2	1-1	high	TRUE
characters_strings	jp	S20.P1	S20.P1	1-1	high	TRUE
characters_strings	jp	S20.P2	S20.P2	1-1	high	TRUE
characters_strings	jp	S20.P3	S20.P3	1-1	high	TRUE
characters_strings	jp	S21.P1	S21.P1	1-1	high	TRUE
characters_strings	jp	S22.P1	S22.P1	1-1	high	TRUE
characters_strings	jp	S22.P2	S22.P2	1-1	high	TRUE
characters_strings	jp	S23.P1	S23.P1	1-1	high	TRUE
characters_strings	jp	S23.P2	S23.P2	1-1	high	TRUE
characters_strings	jp	S24.P1	S24.P1	1-1	high	TRUE
characters_strings	jp	S24.P2	S24.P2	1-1	high	TRUE
characters_strings	jp	S24.P3	S24.P3	1-1	high	TRUE
characters_strings	jp	S25.P1	S25.P1	1-1	high	TRUE
characters_strings	jp	S25.P2	S25.P2	1-1	high	TRUE
characters_strings	jp	S26.P1	S26.P1	1-1	high	TRUE
characters_strings	jp	S27.P1	S27.P1	1-1	high	TRUE
characters_strings	jp	S27.P2	S27.P2	1-1	high	TRUE
characters_strings	jp	S27.P3	S27.P3	1-1	high	TRUE
characters_strings	jp	S27.P4	S27.P4	1-1	high	TRUE
characters_strings	jp	S27.P5	S27.P5	1-1	high	TRUE
characters_strings	jp	S27.P6	S27.P6	1-1	high	TRUE
characters_strings	jp	S27.P7	S27.P7	1-1	high	TRUE
characters_strings	jp	S27.P8	S27.P8	1-1	high	TRUE
characters_strings	jp	S27.P9	S27.P9	1-1	high	TRUE
characters_strings	jp	S28.P1	S28.P1	1-1	high	TRUE
characters_strings	jp	S28.P2	S28.P2	1-1	high	TRUE
characters_strings	jp	S29.P1	S29.P1	1-1	high	TRUE
characters_strings	jp	S29.P2	S29.P2	1-1	high	TRUE
characters_strings	jp	S30.P1	S30.P1	1-1	high	TRUE
characters_strings	jp	S30.P2	S30.P2	1-1	high	TRUE
characters_strings	jp	S30.P3	S30.P3	1-1	high	TRUE
characters_strings	jp	S31.P1	S31.P1	1-1	high	TRUE
characters_strings	jp	S31.P2	S31.P2	1-1	high	TRUE
characters_strings	jp	S31.P3	S31.P3	1-1	high	TRUE
characters_strings	jp	S32.P1	S32.P1	1-1	high	TRUE
characters_strings	jp	S32.P2	S32.P2	1-1	high	TRUE
characters_strings	jp	S32.P3	S32.P3	1-1	high	TRUE
characters_strings	jp	S33.P1	S33.P1	1-1	high	TRUE
characters_strings	jp	S33.P2	S33.P2	1-1	high	TRUE
characters_strings	jp	S33.P3	S33.P3	1-1	high	TRUE
characters_strings	jp	S34.P1	S34.P1	1-1	high	TRUE
characters_strings	jp	S35.P1	S35.P1	1-1	high	TRUE
characters_strings	jp	S36.P1	S36.P1	1-1	high	TRUE
characters_strings	jp	S37.P1	S37.P1	1-1	high	TRUE
characters_strings	jp	S37.P2	S37.P2	1-1	high	TRUE
characters_strings	jp	S37.P3	S37.P3	1-1	high	TRUE
characters_strings	jp	S37.P4	S37.P4	1-1	high	TRUE
characters_strings	jp	S37.P5	S37.P5	1-1	high	TRUE
characters_strings	jp	S37.P6	S37.P6	1-1	high	TRUE
characters_strings	jp	S37.P7	S37.P7	1-1	high	TRUE
characters_strings	jp	S37.P8	S37.P8	1-1	high	TRUE
characters_strings	jp	S37.P9	S37.P9	1-1	high	TRUE
characters_strings	jp	S38.P1	S38.P1	1-1	high	TRUE
characters_strings	pt	S1.P1	S1.P1	1-1	high	TRUE
characters_strings	pt	S3.P1	S3.P1	1-1	high	TRUE
characters_strings	pt	S4.P1	S4.P1	1-1	high	TRUE
characters_strings	pt	S4.P2	S4.P2	1-1	high	TRUE
characters_strings	pt	S5.P1	S5.P1	1-1	high	TRUE
characters_strings	pt	S6.P1	S6.P1	1-1	high	TRUE
characters_strings	pt	S6.P2	S6.P2	1-1	high	TRUE
characters_strings	pt	S6.P3	S6.P3	1-1	high	TRUE
characters_strings	pt	S6.P4	S6.P4	1-1	high	TRUE
characters_strings	pt	S7.P1	S7.P1	1-1	high	TRUE
characters_strings	pt	S7.P2	S7.P2	1-1	high	TRUE
characters_strings	pt	S7.P3	S7.P3	1-1	high	TRUE
characters_strings	pt	S7.P4	S7.P4	1-1	high	TRUE
characters_strings	pt	S7.P5	S7.P5	1-1	high	TRUE
characters_strings	pt	S7.P6	S7.P6	1-1	high	TRUE
characters_strings	pt	S8.P1	S8.P1	1-1	high	TRUE
characters_strings	pt	S8.P2	S8.P2	1-1	high	TRUE
characters_strings	pt	S8.P3	S8.P3	1-1	high	TRUE
characters_strings	pt	S9.P1	S9.P1	1-1	high	TRUE
characters_strings	pt	S9.P2	S9.P2	1-1	high	TRUE
characters_strings	pt	S9.P3	S9.P3	1-1	high	TRUE
characters_strings	pt	S9.P4	S9.P4	1-1	high	TRUE
characters_strings	pt	S9.P5	S9.P5	1-1	high	TRUE
characters_strings	pt	S9.P6	S9.P6	1-1	high	TRUE
characters_strings	pt	S10.P1	S10.P1	1-1	high	TRUE
characters_strings	pt	S10.P2	S10.P2	1-1	high	TRUE
characters_strings	pt	S10.P3	S10.P3	1-1	high	TRUE
characters_strings	pt	S10.P4	S10.P4	1-1	high	TRUE
characters_strings	pt	S11.P1	S11.P1	1-1	high	TRUE
characters_strings	pt	S11.P2	S11.P2	1-1	high	TRUE
characters_strings	pt	S12.P1	S12.P1	1-1	high	TRUE
characters_strings	pt	S12.P2	S12.P2	1-1	high	TRUE
characters_strings	pt	S14.P1	S14.P1	1-1	high	TRUE
characters_strings	pt	S14.P2	S14.P2	1-1	high	TRUE
characters_strings	pt	S14.P3	S14.P3	1-1	high	TRUE
characters_strings	pt	S14.P4	S14.P4	1-1	high	TRUE
characters_strings	pt	S15.P1	S15.P1	1-1	high	TRUE
characters_strings	pt	S15.P2	S15.P2	1-1	high	TRUE
characters_strings	pt	S16.P1	S16.P1	1-1	high	TRUE
characters_strings	pt	S17.P1	S17.P1	1-1	high	TRUE
characters_strings	pt	S18.P1	S18.P1	1-1	high	TRUE
characters_strings	pt	S19.P1	S19.P1	1-1	high	TRUE
characters_strings	pt	S19.P2	S19.P2	1-1	high	TRUE
characters_strings	pt	S20.P1	S20.P1	1-1	high	TRUE
characters_strings	pt	S20.P2	S20.P2	1-1	high	TRUE
characters_strings	pt	S22.P1	S22.P1	1-1	high	TRUE
characters_strings	pt	S23.P1	S23.P1	1-1	high	TRUE
characters_strings	pt	S24.P1	S24.P1	1-1	high	TRUE
characters_strings	pt	S24.P2	S24.P2	1-1	high	TRUE
characters_strings	pt	S25.P1	S25.P1	1-1	high	TRUE
characters_strings	pt	S26.P1	S26.P1	1-1	high	TRUE
characters_strings	pt	S27.P1	S27.P1	1-1	high	TRUE
characters_strings	pt	S27.P2	S27.P2	1-1	high	TRUE
characters_strings	pt	S27.P3	S27.P3	1-1	high	TRUE
characters_strings	pt	S27.P4	S27.P4	1-1	high	TRUE
characters_strings	pt	S27.P5	S27.P5	1-1	high	TRUE
characters_strings	pt	S27.P6	S27.P6	1-1	high	TRUE
characters_strings	pt	S27.P7	S27.P7	1-1	high	TRUE
characters_strings	pt	S27.P8	S27.P8	1-1	high	TRUE
characters_strings	pt	S27.P9	S27.P9	1-1	high	TRUE
characters_strings	pt	S28.P1	S28.P1	1-1	high	TRUE
characters_strings	pt	S28.P2	S28.P2	1-1	high	TRUE
characters_strings	pt	S29.P1	S29.P1	1-1	high	TRUE
characters_strings	pt	S29.P2	S29.P2	1-1	high	TRUE
characters_strings	pt	S30.P1	S30.P1	1-1	high	TRUE
characters_strings	pt	S30.P2	S30.P2	1-1	high	TRUE
characters_strings	pt	S31.P1	S31.P1	1-1	high	TRUE
characters_strings	pt	S31.P2	S31.P2	1-1	high	TRUE
characters_strings	pt	S32.P1	S32.P1	1-1	high	TRUE
characters_strings	pt	S32.P2	S32.P2	1-1	high	TRUE
characters_strings	pt	S32.P3	S32.P3	1-1	high	TRUE
characters_strings	pt	S33.P1	S33.P1	1-1	high	TRUE
characters_strings	pt	S33.P2	S33.P2	1-1	high	TRUE
characters_strings	pt	S34.P1	S34.P1	1-1	high	TRUE
characters_strings	pt	S35.P1	S35.P1	1-1	high	TRUE
characters_strings	pt	S35.P2	S35.P2	1-1	high	TRUE
characters_strings	pt	S37.P1	S37.P1	1-1	high	TRUE
characters_strings	pt	S37.P2	S37.P2	1-1	high	TRUE
characters_strings	pt	S37.P3	S37.P3	1-1	high	TRUE
characters_strings	pt	S37.P4	S37.P4	1-1	high	TRUE
characters_strings	pt	S37.P5	S37.P5	1-1	high	TRUE
characters_strings	pt	S37.P6	S37.P6	1-1	high	TRUE
characters_strings	pt	S37.P7	S37.P7	1-1	high	TRUE
characters_strings	pt	S37.P8	S37.P8	1-1	high	TRUE
characters_strings	pt	S37.P9	S37.P9	1-1	high	TRUE
characters_strings	pt	S37.P10	S37.P10	1-1	high	TRUE
characters_strings	pt	S38.P1	S38.P1	1-1	high	TRUE
characters_strings	ru	S0.P1	S0.P1	1-1	high	TRUE
characters_strings	ru	S1.P1	S1.P1	1-1	high	TRUE
characters_strings	ru	S1.P2	S1.P2	1-1	high	TRUE
characters_strings	ru	S2.P1	S2.P1	1-1	high	TRUE
characters_strings	ru	S3.P1	S3.P1	1-1	high	TRUE
characters_strings	ru	S4.P1	S4.P1	1-1	high	TRUE
characters_strings	ru	S4.P2	S4.P2	1-1	high	TRUE
characters_strings	ru	S4.P3	S4.P3	1-1	high	TRUE
characters_strings	ru	S5.P1	S5.P1	1-1	high	TRUE
characters_strings	ru	S6.P1	S6.P1	1-1	high	TRUE
characters_strings	ru	S6.P2	S6.P2	1-1	high	TRUE
characters_strings	ru	S6.P3	S6.P3	1-1	high	TRUE
characters_strings	ru	S6.P4	S6.P4	1-1	high	TRUE
characters_strings	ru	S6.P5	S6.P5	1-1	high	TRUE
characters_strings	ru	S7.P1	S7.P1	1-1	high	TRUE
characters_strings	ru	S7.P2	S7.P2	1-1	high	TRUE
characters_strings	ru	S7.P3	S7.P3	1-1	high	TRUE
characters_strings	ru	S7.P4	S7.P4	1-1	high	TRUE
characters_strings	ru	S7.P5	S7.P5	1-1	high	TRUE
characters_strings	ru	S7.P6	S7.P6	1-1	high	TRUE
characters_strings	ru	S8.P1	S8.P1	1-1	high	TRUE
characters_strings	ru	S8.P2	S8.P2	1-1	high	TRUE
characters_strings	ru	S8.P3	S8.P3	1-1	high	TRUE
characters_strings	ru	S8.P4	S8.P4	1-1	high	TRUE
characters_strings	ru	S9.P1	S9.P1	1-1	high	TRUE
characters_strings	ru	S9.P2	S9.P2	1-1	high	TRUE
characters_strings	ru	S9.P3	S9.P3	1-1	high	TRUE
characters_strings	ru	S9.P4	S9.P4	1-1	high	TRUE
characters_strings	ru	S9.P5	S9.P5	1-1	high	TRUE
characters_strings	ru	S9.P6	S9.P6	1-1	high	TRUE
characters_strings	ru	S10.P1	S10.P1	1-1	high	TRUE
characters_strings	ru	S10.P2	S10.P2	1-1	high	TRUE
characters_strings	ru	S10.P3	S10.P3	1-1	high	TRUE
characters_strings	ru	S10.P4	S10.P4	1-1	high	TRUE
characters_strings	ru	S11.P1	S11.P1	1-1	high	TRUE
characters_strings	ru	S11.P2	S11.P2	1-1	high	TRUE
characters_strings	ru	S12.P1	S12.P1	1-1	high	TRUE
characters_strings	ru	S12.P2	S12.P2	1-1	high	TRUE
characters_strings	ru	S13.P1	S13.P1	1-1	high	TRUE
characters_strings	ru	S14.P1	S14.P1	1-1	high	TRUE
characters_strings	ru	S14.P2	S14.P2	1-1	high	TRUE
characters_strings	ru	S14.P3	S14.P3	1-1	high	TRUE
characters_strings	ru	S14.P4	S14.P4	1-1	high	TRUE
characters_strings	ru	S15.P1	S15.P1	1-1	high	TRUE
characters_strings	ru	S15.P2	S15.P2	1-1	high	TRUE
characters_strings	ru	S16.P1	S16.P1	1-1	high	TRUE
characters_strings	ru	S17.P1	S17.P1	1-1	high	TRUE
characters_strings	ru	S18.P1	S18.P1	1-1	high	TRUE
characters_strings	ru	S19.P1	S19.P1	1-1	high	TRUE
characters_strings	ru	S19.P2	S19.P2	1-1	high	TRUE
characters_strings	ru	S20.P1	S20.P1	1-1	high	TRUE
characters_strings	ru	S20.P2	S20.P2	1-1	high	TRUE
characters_strings	ru	S20.P3	S20.P3	1-1	high	TRUE
characters_strings	ru	S21.P1	S21.P1	1-1	high	TRUE
characters_strings	ru	S22.P1	S22.P1	1-1	high	TRUE
characters_strings	ru	S23.P1	S23.P1	1-1	high	TRUE
characters_strings	ru	S24.P1	S24.P1	1-1	high	TRUE
characters_strings	ru	S24.P2	S24.P2	1-1	high	TRUE
characters_strings	ru	S25.P1	S25.P1	1-1	high	TRUE
characters_strings	ru	S25.P2	S25.P2	1-1	high	TRUE
characters_strings	ru	S26.P1	S26.P1	1-1	high	TRUE
characters_strings	ru	S27.P1	S27.P1	1-1	high	TRUE
characters_strings	ru	S27.P2	S27.P2	1-1	high	TRUE
characters_strings	ru	S27.P3	S27.P3	1-1	high	TRUE
characters_strings	ru	S27.P4	S27.P4	1-1	high	TRUE
characters_strings	ru	S27.P5	S27.P5	1-1	high	TRUE
characters_strings	ru	S27.P6	S27.P6	1-1	high	TRUE
characters_strings	ru	S27.P7	S27.P7	1-1	high	TRUE
characters_strings	ru	S27.P8	S27.P8	1-1	high	TRUE
characters_strings	ru	S27.P9	S27.P9	1-1	high	TRUE
characters_strings	ru	S28.P1	S28.P1	1-1	high	TRUE
characters_strings	ru	S29.P1	S29.P1	1-1	high	TRUE
characters_strings	ru	S29.P2	S29.P2	1-1	high	TRUE
characters_strings	ru	S30.P1	S30.P1	1-1	high	TRUE
characters_strings	ru	S30.P2	S30.P2	1-1	high	TRUE
characters_strings	ru	S30.P3	S30.P3	1-1	high	TRUE
characters_strings	ru	S31.P1	S31.P1	1-1	high	TRUE
characters_strings	ru	S31.P2	S31.P2	1-1	high	TRUE
characters_strings	ru	S31.P3	S31.P3	1-1	high	TRUE
characters_strings	ru	S32.P1	S32.P1	1-1	high	TRUE
characters_strings	ru	S32.P2	S32.P2	1-1	high	TRUE
characters_strings	ru	S32.P3	S32.P3	1-1	high	TRUE
characters_strings	ru	S33.P1	S33.P1	1-1	high	TRUE
characters_strings	ru	S33.P2	S33.P2	1-1	high	TRUE
characters_strings	ru	S33.P3	S33.P3	1-1	high	TRUE
characters_strings	ru	S34.P1	S34.P1	1-1	high	TRUE
characters_strings	ru	S35.P1	S35.P1	1-1	high	TRUE
characters_strings	ru	S36.P1	S36.P1	1-1	high	TRUE
characters_strings	ru	S37.P1	S37.P1	1-1	high	TRUE
characters_strings	ru	S37.P2	S37.P2	1-1	high	TRUE
characters_strings	ru	S37.P3	S37.P3	1-1	high	TRUE
characters_strings	ru	S37.P4	S37.P4	1-1	high	TRUE
characters_strings	ru	S37.P5	S37.P5	1-1	high	TRUE
characters_strings	ru	S37.P6	S37.P6	1-1	high	TRUE
characters_strings	ru	S37.P7	S37.P7	1-1	high	TRUE
characters_strings	ru	S37.P8	S37.P8	1-1	high	TRUE
characters_strings	ru	S37.P9	S37.P9	1-1	high	TRUE
characters_strings	ru	S38.P1	S38.P1	1-1	high	TRUE
characters_strings	tr	S1.P1	S1.P1	1-1	high	TRUE
characters_strings	tr	S3.P1	S3.P1	1-1	high	TRUE
characters_strings	tr	S4.P1	S4.P1	1-1	high	TRUE
characters_strings	tr	S4.P2	S4.P2	1-1	high	TRUE
characters_strings	tr	S5.P1	S5.P1	1-1	high	TRUE
characters_strings	tr	S6.P1	S6.P1	1-1	high	TRUE
characters_strings	tr	S6.P2	S6.P2	1-1	high	TRUE
characters_strings	tr	S6.P3	S6.P3	1-1	high	TRUE
characters_strings	tr	S6.P4	S6.P4	1-1	high	TRUE
characters_strings	tr	S7.P1	S7.P1	1-1	high	TRUE
characters_strings	tr	S7.P2	S7.P2	1-1	high	TRUE
characters_strings	tr	S7.P3	S7.P3	1-1	high	TRUE
characters_strings	tr	S7.P4	S7.P4	1-1	high	TRUE
characters_strings	tr	S7.P5	S7.P5	1-1	high	TRUE
characters_strings	tr	S7.P6	S7.P6	1-1	high	TRUE
characters_strings	tr	S8.P1	S8.P1	1-1	high	TRUE
characters_strings	tr	S8.P2	S8.P2	1-1	high	TRUE
characters_strings	tr	S8.P3	S8.P3	1-1	high	TRUE
characters_strings	tr	S9.P1	S9.P1	1-1	high	TRUE
characters_strings	tr	S9.P2	S9.P2	1-1	high	TRUE
characters_strings	tr	S9.P3	S9.P3	1-1	high	TRUE
characters_strings	tr	S9.P4	S9.P4	1-1	high	TRUE
characters_strings	tr	S9.P5	S9.P5	1-1	high	TRUE
characters_strings	tr	S9.P6	S9.P6	1-1	high	TRUE
characters_strings	tr	S10.P1	S10.P1	1-1	high	TRUE
characters_strings	tr	S10.P2	S10.P2	1-1	high	TRUE
characters_strings	tr	S10.P3	S10.P3	1-1	high	TRUE
characters_strings	tr	S10.P4	S10.P4	1-1	high	TRUE
characters_strings	tr	S11.P1	S11.P1	1-1	high	TRUE
characters_strings	tr	S11.P2	S11.P2	1-1	high	TRUE
characters_strings	tr	S12.P1	S12.P1	1-1	high	TRUE
characters_strings	tr	S12.P2	S12.P2	1-1	high	TRUE
characters_strings	tr	S14.P1	S14.P1	1-1	high	TRUE
characters_strings	tr	S14.P2	S14.P2	1-1	high	TRUE
characters_strings	tr	S14.P3	S14.P3	1-1	high	TRUE
characters_strings	tr	S14.P4	S14.P4	1-1	high	TRUE
characters_strings	tr	S15.P1	S15.P1	1-1	high	TRUE
characters_strings	tr	S15.P2	S15.P2	1-1	high	TRUE
characters_strings	tr	S16.P1	S16.P1	1-1	high	TRUE
characters_strings	tr	S17.P1	S17.P1	1-1	high	TRUE
characters_strings	tr	S18.P1	S18.P1	1-1	high	TRUE
characters_strings	tr	S19.P1	S19.P1	1-1	high	TRUE
characters_strings	tr	S19.P2	S19.P2	1-1	high	TRUE
characters_strings	tr	S20.P1	S20.P1	1-1	high	TRUE
characters_strings	tr	S20.P2	S20.P2	1-1	high	TRUE
characters_strings	tr	S22.P1	S22.P1	1-1	high	TRUE
characters_strings	tr	S23.P1	S23.P1	1-1	high	TRUE
characters_strings	tr	S24.P1	S24.P1	1-1	high	TRUE
characters_strings	tr	S24.P2	S24.P2	1-1	high	TRUE
characters_strings	tr	S25.P1	S25.P1	1-1	high	TRUE
characters_strings	tr	S26.P1	S26.P1	1-1	high	TRUE
characters_strings	tr	S27.P1	S27.P1	1-1	high	TRUE
characters_strings	tr	S27.P2	S27.P2	1-1	high	TRUE
characters_strings	tr	S27.P3	S27.P3	1-1	high	TRUE
characters_strings	tr	S27.P4	S27.P4	1-1	high	TRUE
characters_strings	tr	S27.P5	S27.P5	1-1	high	TRUE
characters_strings	tr	S27.P6	S27.P6	1-1	high	TRUE
characters_strings	tr	S27.P7	S27.P7	1-1	high	TRUE
characters_strings	tr	S27.P8	S27.P8	1-1	high	TRUE
characters_strings	tr	S27.P9	S27.P9	1-1	high	TRUE
characters_strings	tr	S28.P1	S28.P1	1-1	high	TRUE
characters_strings	tr	S29.P1	S29.P1	1-1	high	TRUE
characters_strings	tr	S29.P2	S29.P2	1-1	high	TRUE
characters_strings	tr	S30.P1	S30.P1	1-1	high	TRUE
characters_strings	tr	S30.P2	S30.P2	1-1	high	TRUE
characters_strings	tr	S31.P1	S31.P1	1-1	high	TRUE
characters_strings	tr	S31.P2	S31.P2	1-1	high	TRUE
characters_strings	tr	S32.P1	S32.P1	1-1	high	TRUE
characters_strings	tr	S32.P2	S32.P2	1-1	high	TRUE
characters_strings	tr	S33.P1	S33.P1	1-1	high	TRUE
characters_strings	tr	S33.P2	S33.P2	1-1	high	TRUE
characters_strings	tr	S34.P1	S34.P1	1-1	high	TRUE
characters_strings	tr	S35.P1	S35.P1	1-1	high	TRUE
characters_strings	tr	S37.P1	S37.P1	1-1	high	TRUE
characters_strings	tr	S37.P2	S37.P2	1-1	high	TRUE
characters_strings	tr	S37.P3	S37.P3	1-1	high	TRUE
characters_strings	tr	S37.P4	S37.P4	1-1	high	TRUE
characters_strings	tr	S37.P5	S37.P5	1-1	high	TRUE
characters_strings	tr	S37.P6	S37.P6	1-1	high	TRUE
characters_strings	tr	S37.P7	S37.P7	1-1	high	TRUE
characters_strings	tr	S37.P8	S37.P8	1-1	high	TRUE
characters_strings	tr	S37.P9	S37.P9	1-1	high	TRUE
characters_strings	tr	S38.P1	S38.P1	1-1	high	TRUE
characters_strings	vn	S0.P1	S0.P1	1-1	high	TRUE
characters_strings	vn	S1.P1	S1.P1	1-1	high	TRUE
characters_strings	vn	S1.P2	S1.P2	1-1	high	TRUE
characters_strings	vn	S2.P1	S2.P1	1-1	high	TRUE
characters_strings	vn	S3.P1	S3.P1	1-1	high	TRUE
characters_strings	vn	S3.P2	S3.P2	1-1	high	TRUE
characters_strings	vn	S4.P1	S4.P1	1-1	high	TRUE
characters_strings	vn	S4.P2	S4.P2	1-1	high	TRUE
characters_strings	vn	S4.P3	S4.P3	1-1	high	TRUE
characters_strings	vn	S4.P4	S4.P4	1-1	high	TRUE
characters_strings	vn	S5.P1	S5.P1	1-1	high	TRUE
characters_strings	vn	S6.P1	S6.P1	1-1	high	TRUE
characters_strings	vn	S6.P2	S6.P2	1-1	high	TRUE
characters_strings	vn	S6.P3	S6.P3	1-1	high	TRUE
characters_strings	vn	S6.P4	S6.P4	1-1	high	TRUE
characters_strings	vn	S6.P5	S6.P5	1-1	high	TRUE
characters_strings	vn	S7.P1	S7.P1	1-1	high	TRUE
characters_strings	vn	S7.P2	S7.P2	1-1	high	TRUE
characters_strings	vn	S7.P3	S7.P3	1-1	high	TRUE
characters_strings	vn	S7.P4	S7.P4	1-1	high	TRUE
characters_strings	vn	S7.P5	S7.P5	1-1	high	TRUE
characters_strings	vn	S7.P6	S7.P6	1-1	high	TRUE
characters_strings	vn	S7.P7	S7.P7	1-1	high	TRUE
characters_strings	vn	S7.P8	S7.P8	1-1	high	TRUE
characters_strings	vn	S8.P1	S8.P1	1-1	high	TRUE
characters_strings	vn	S8.P2	S8.P2	1-1	high	TRUE
characters_strings	vn	S8.P3	S8.P3	1-1	high	TRUE
characters_strings	vn	S8.P4	S8.P4	1-1	high	TRUE
characters_strings	vn	S8.P5	S8.P5	1-1	high	TRUE
characters_strings	vn	S9.P1	S9.P1	1-1	high	TRUE
characters_strings	vn	S9.P2	S9.P2	1-1	high	TRUE
characters_strings	vn	S9.P3	S9.P3	1-1	high	TRUE
characters_strings	vn	S9.P4	S9.P4	1-1	high	TRUE
characters_strings	vn	S9.P5	S9.P5	1-1	high	TRUE
characters_strings	vn	S9.P6	S9.P6	1-1	high	TRUE
characters_strings	vn	S9.P7	S9.P7	1-1	high	TRUE
characters_strings	vn	S10.P1	S10.P1	1-1	high	TRUE
characters_strings	vn	S10.P2	S10.P2	1-1	high	TRUE
characters_strings	vn	S10.P3	S10.P3	1-1	high	TRUE
characters_strings	vn	S10.P4	S10.P4	1-1	high	TRUE
characters_strings	vn	S11.P1	S11.P1	1-1	high	TRUE
characters_strings	vn	S11.P2	S11.P2	1-1	high	TRUE
characters_strings	vn	S12.P1	S12.P1	1-1	high	TRUE
characters_strings	vn	S12.P2	S12.P2	1-1	high	TRUE
characters_strings	vn	S13.P1	S13.P1	1-1	high	TRUE
characters_strings	vn	S14.P1	S14.P1	1-1	high	TRUE
characters_strings	vn	S14.P2	S14.P2	1-1	high	TRUE
characters_strings	vn	S14.P3	S14.P3	1-1	high	TRUE
characters_strings	vn	S14.P4	S14.P4	1-1	high	TRUE
characters_strings	vn	S14.P5	S14.P5	1-1	high	TRUE
characters_strings	vn	S15.P1	S15.P1	1-1	high	TRUE
characters_strings	vn	S15.P2	S15.P2	1-1	high	TRUE
characters_strings	vn	S15.P3	S15.P3	1-1	high	TRUE
characters_strings	vn	S16.P1	S16.P1	1-1	high	TRUE
characters_strings	vn	S16.P2	S16.P2	1-1	high	TRUE
characters_strings	vn	S17.P1	S17.P1	1-1	high	TRUE
characters_strings	vn	S17.P2	S17.P2	1-1	high	TRUE
characters_strings	vn	S18.P1	S18.P1	1-1	high	TRUE
characters_strings	vn	S18.P2	S18.P2	1-1	high	TRUE
characters_strings	vn	S19.P1	S19.P1	1-1	high	TRUE
characters_strings	vn	S19.P2	S19.P2	1-1	high	TRUE
characters_strings	vn	S20.P1	S20.P1	1-1	high	TRUE
characters_strings	vn	S20.P2	S20.P2	1-1	high	TRUE
characters_strings	vn	S20.P3	S20.P3	1-1	high	TRUE
characters_strings	vn	S21.P1	S21.P1	1-1	high	TRUE
characters_strings	vn	S22.P1	S22.P1	1-1	high	TRUE
characters_strings	vn	S22.P2	S22.P2	1-1	high	TRUE
characters_strings	vn	S23.P1	S23.P1	1-1	high	TRUE
characters_strings	vn	S23.P2	S23.P2	1-1	high	TRUE
characters_strings	vn	S24.P1	S24.P1	1-1	high	TRUE
characters_strings	vn	S24.P2	S24.P2	1-1	high	TRUE
characters_strings	vn	S24.P3	S24.P3	1-1	high	TRUE
characters_strings	vn	S25.P1	S25.P1	1-1	high	TRUE
characters_strings	vn	S25.P2	S25.P2	1-1	high	TRUE
characters_strings	vn	S26.P1	S26.P1	1-1	high	TRUE
characters_strings	vn	S27.P1	S27.P1	1-1	high	TRUE
characters_strings	vn	S27.P2	S27.P2	1-1	high	TRUE
characters_strings	vn	S27.P3	S27.P3	1-1	high	TRUE
characters_strings	vn	S27.P4	S27.P4	1-1	high	TRUE
characters_strings	vn	S27.P5	S27.P5	1-1	high	TRUE
characters_strings	vn	S27.P6	S27.P6	1-1	high	TRUE
characters_strings	vn	S27.P7	S27.P7	1-1	high	TRUE
characters_strings	vn	S27.P8	S27.P8	1-1	high	TRUE
characters_strings	vn	S27.P9	S27.P9	1-1	high	TRUE
characters_strings	vn	S28.P1	S28.P1	1-1	high	TRUE
characters_strings	vn	S28.P2	S28.P2	1-1	high	TRUE
characters_strings	vn	S29.P1	S29.P1	1-1	high	TRUE
characters_strings	vn	S29.P2	S29.P2	1-1	high	TRUE
characters_strings	vn	S30.P1	S30.P1	1-1	high	TRUE
characters_strings	vn	S30.P2	S30.P2	1-1	high	TRUE
characters_strings	vn	S30.P3	S30.P3	1-1	high	TRUE
characters_strings	vn	S31.P1	S31.P1	1-1	high	TRUE
characters_strings	vn	S31.P2	S31.P2	1-1	high	TRUE
characters_strings	vn	S31.P3	S31.P3	1-1	high	TRUE
characters_strings	vn	S32.P1	S32.P1	1-1	high	TRUE
characters_strings	vn	S32.P2	S32.P2	1-1	high	TRUE
characters_strings	vn	S32.P3	S32.P3	1-1	high	TRUE
characters_strings	vn	S33.P1	S33.P1	1-1	high	TRUE
characters_strings	vn	S33.P2	S33.P2	1-1	high	TRUE
characters_strings	vn	S33.P3	S33.P3	1-1	high	TRUE
characters_strings	vn	S34.P1	S34.P1	1-1	high	TRUE
characters_strings	vn	S35.P1	S35.P1	1-1	high	TRUE
characters_strings	vn	S36.P1	S36.P1	1-1	high	TRUE
characters_strings	vn	S37.P1	S37.P1	1-1	high	TRUE
characters_strings	vn	S37.P2	S37.P2	1-1	high	TRUE
characters_strings	vn	S37.P3	S37.P3	1-1	high	TRUE
characters_strings	vn	S37.P4	S37.P4	1-1	high	TRUE
characters_strings	vn	S37.P5	S37.P5	1-1	high	TRUE
characters_strings	vn	S37.P6	S37.P6	1-1	high	TRUE
characters_strings	vn	S37.P7	S37.P7	1-1	high	TRUE
characters_strings	vn	S37.P8	S37.P8	1-1	high	TRUE
characters_strings	vn	S37.P9	S37.P9	1-1	high	TRUE
characters_strings	vn	S38.P1	S38.P1	1-1	high	TRUE
cleaning	es	S2.P1	S2.P1	1-1	high	TRUE
cleaning	es	S3.P1	S3.P1	1-1	high	TRUE
cleaning	es	S4.P1	S4.P1	1-1	high	TRUE
cleaning	es	S5.P1	S5.P1	1-1	high	TRUE
cleaning	es	S6.P1	S6.P1	1-1	high	TRUE
cleaning	es	S6.P2	S6.P2	1-1	high	TRUE
cleaning	es	S8.P1	S8.P1	1-1	high	TRUE
cleaning	es	S8.P2	S8.P2	1-1	high	TRUE
cleaning	es	S9.P1	S9.P1	1-1	high	TRUE
cleaning	es	S9.P2	S9.P2	1-1	high	TRUE
cleaning	es	S10.P1	S10.P1	1-1	high	TRUE
cleaning	es	S10.P2	S10.P2	1-1	high	TRUE
cleaning	es	S11.P1	S11.P1	1-1	high	TRUE
cleaning	es	S11.P2	S11.P2	1-1	high	TRUE
cleaning	es	S12.P1	S12.P1	1-1	high	TRUE
cleaning	es	S12.P2	S12.P2	1-1	high	TRUE
cleaning	es	S13.P1	S13.P1	1-1	high	TRUE
cleaning	es	S14.P1	S14.P1	1-1	high	TRUE
cleaning	es	S16.P1	S16.P1	1-1	high	TRUE
cleaning	es	S17.P1	S17.P1	1-1	high	TRUE
cleaning	es	S17.P2	S17.P2	1-1	high	TRUE
cleaning	es	S18.P1	S18.P1	1-1	high	TRUE
cleaning	es	S19.P1	S19.P1	1-1	high	TRUE
cleaning	es	S20.P1	S20.P1	1-1	high	TRUE
cleaning	es	S20.P2	S20.P2	1-1	high	TRUE
cleaning	es	S20.P3	S20.P3	1-1	high	TRUE
cleaning	es	S20.P4	S20.P4	1-1	high	TRUE
cleaning	es	S20.P5	S20.P5	1-1	high	TRUE
cleaning	es	S21.P1	S21.P1	1-1	high	TRUE
cleaning	es	S21.P2	S21.P2	1-1	high	TRUE
cleaning	es	S22.P1	S22.P1	1-1	high	TRUE
cleaning	es	S23.P1	S23.P1	1-1	high	TRUE
cleaning	es	S23.P2	S23.P2	1-1	high	TRUE
cleaning	es	S24.P1	S24.P1	1-1	high	TRUE
cleaning	es	S24.P2	S24.P2	1-1	high	TRUE
cleaning	es	S24.P3	S24.P3	1-1	high	TRUE
cleaning	es	S25.P1	S25.P1	1-1	high	TRUE
cleaning	es	S26.P1	S26.P1	1-1	high	TRUE
cleaning	es	S26.P2	S26.P2	1-1	high	TRUE
cleaning	es	S26.P3	S26.P3	1-1	high	TRUE
cleaning	es	S26.P4	S26.P4	1-1	high	TRUE
cleaning	es	S26.P5	S26.P5	1-1	high	TRUE
cleaning	es	S27.P1	S27.P1	1-1	high	TRUE
cleaning	es	S27.P2	S27.P2	1-1	high	TRUE
cleaning	es	S27.P3	S27.P3	1-1	high	TRUE
cleaning	es	S27.P4	S27.P4	1-1	high	TRUE
cleaning	es	S28.P1	S28.P1	1-1	high	TRUE
cleaning	es	S28.P2	S28.P2	1-1	high	TRUE
cleaning	es	S29.P1	S29.P1	1-1	high	TRUE
cleaning	es	S30.P1	S30.P1	1-1	high	TRUE
cleaning	es	S30.P2	S30.P2	1-1	high	TRUE
cleaning	es	S30.P3	S30.P3	1-1	high	TRUE
cleaning	es	S30.P4	S30.P4	1-1	high	TRUE
cleaning	es	S30.P5	S30.P5	1-1	high	TRUE
cleaning	es	S31.P1	S31.P1	1-1	high	TRUE
cleaning	es	S32.P1	S32.P1	1-1	high	TRUE
cleaning	es	S32.P2	S32.P2	1-1	high	TRUE
cleaning	es	S32.P3	S32.P3	1-1	high	TRUE
cleaning	es	S33.P1	S33.P1	1-1	high	TRUE
cleaning	es	S33.P2	S33.P2	1-1	high	TRUE
cleaning	es	S33.P3	S33.P3	1-1	high	TRUE
cleaning	es	S33.P4	S33.P4	1-1	high	TRUE
cleaning	es	S34.P1	S34.P1	1-1	high	TRUE
cleaning	es	S35.P1	S35.P1	1-1	high	TRUE
cleaning	es	S36.P1	S36.P1	1-1	high	TRUE
cleaning	es	S37.P1	S37.P1	1-1	high	TRUE
cleaning	es	S37.P2	S37.P2	1-1	high	TRUE
cleaning	es	S37.P3	S37.P3	1-1	high	TRUE
cleaning	es	S37.P4	S37.P4	1-1	high	TRUE
cleaning	es	S37.P5	S37.P5	1-1	high	TRUE
cleaning	es	S38.P1	S38.P1	1-1	high	TRUE
cleaning	es	S40.P1	S40.P1	1-1	high	TRUE
cleaning	es	S40.P2	S40.P2	1-1	high	TRUE
cleaning	es	S41.P1	S41.P1	1-1	high	TRUE
cleaning	es	S41.P2	S41.P2	1-1	high	TRUE
cleaning	es	S41.P3	S41.P3	1-1	high	TRUE
cleaning	es	S41.P4	S41.P4	1-1	high	TRUE
cleaning	es	S42.P1	S42.P1	1-1	high	TRUE
cleaning	es	S42.P2	S42.P2	1-1	high	TRUE
cleaning	es	S42.P3	S42.P3	1-1	high	TRUE
cleaning	es	S43.P1	S43.P1	1-1	high	TRUE
cleaning	es	S43.P2	S43.P2	1-1	high	TRUE
cleaning	es	S43.P3	S43.P3	1-1	high	TRUE
cleaning	es	S43.P4	S43.P4	1-1	high	TRUE
cleaning	es	S44.P1	S44.P1	1-1	high	TRUE
cleaning	es	S44.P2	S44.P2	1-1	high	TRUE
cleaning	es	S44.P3	S44.P3	1-1	high	TRUE
cleaning	es	S44.P4	S44.P4	1-1	high	TRUE
cleaning	es	S44.P5	S44.P5	1-1	high	TRUE
cleaning	es	S45.P1	S45.P1	1-1	high	TRUE
cleaning	es	S45.P2	S45.P2	1-1	high	TRUE
cleaning	es	S46.P1	S46.P1	1-1	high	TRUE
cleaning	es	S47.P1	S47.P1	1-1	high	TRUE
cleaning	es	S47.P2	S47.P2	1-1	high	TRUE
cleaning	es	S47.P3	S47.P3	1-1	high	TRUE
cleaning	es	S48.P1	S48.P1	1-1	high	TRUE
cleaning	es	S48.P2	S48.P2	1-1	high	TRUE
cleaning	es	S48.P3	S48.P3	1-1	high	TRUE
cleaning	es	S48.P4	S48.P4	1-1	high	TRUE
cleaning	es	S48.P5	S48.P5	1-1	high	TRUE
cleaning	es	S49.P1	S49.P1	1-1	high	TRUE
cleaning	es	S49.P2	S49.P2	1-1	high	TRUE
cleaning	es	S49.P3	S49.P3	1-1	high	TRUE
cleaning	es	S49.P4	S49.P4	1-1	high	TRUE
cleaning	es	S49.P5	S49.P5	1-1	high	TRUE
cleaning	es	S50.P1	S50.P1	1-1	high	TRUE
cleaning	es	S50.P2	S50.P2	1-1	high	TRUE
cleaning	es	S51.P1	S51.P1	1-1	high	TRUE
cleaning	es	S51.P2	S51.P2	1-1	high	TRUE
cleaning	es	S52.P1	S52.P1	1-1	high	TRUE
cleaning	es	S53.P1	S53.P1	1-1	high	TRUE
cleaning	es	S53.P2	S53.P2	1-1	high	TRUE
cleaning	es	S55.P1	S55.P1	1-1	high	TRUE
cleaning	es	S55.P2	S55.P2	1-1	high	TRUE
cleaning	es	S56.P1	S56.P1	1-1	high	TRUE
cleaning	es	S57.P1	S57.P1	1-1	high	TRUE
cleaning	es	S58.P1	S58.P1	1-1	high	TRUE
cleaning	es	S58.P2	S58.P2	1-1	high	TRUE
cleaning	es	S59.P1	S59.P1	1-1	high	TRUE
cleaning	es	S59.P2	S59.P2	1-1	high	TRUE
cleaning	es	S60.P1	S60.P1	1-1	high	TRUE
cleaning	es	S60.P2	S60.P2	1-1	high	TRUE
cleaning	es	S61.P1	S61.P1	1-1	high	TRUE
cleaning	es	S62.P1	S62.P1	1-1	high	TRUE
cleaning	es	S63.P1	S63.P1	1-1	high	TRUE
cleaning	es	S64.P1	S64.P1	1-1	high	TRUE
cleaning	es	S64.P2	S64.P2	1-1	high	TRUE
cleaning	es	S64.P3	S64.P3	1-1	high	TRUE
cleaning	es	S64.P4	S64.P4	1-1	high	TRUE
cleaning	es	S65.P1	S65.P1	1-1	high	TRUE
cleaning	es	S65.P2	S65.P2	1-1	high	TRUE
cleaning	es	S66.P1	S66.P1	1-1	high	TRUE
cleaning	es	S66.P2	S66.P2	1-1	high	TRUE
cleaning	es	S66.P3	S66.P3	1-1	high	TRUE
cleaning	es	S67.P1	S67.P1	1-1	high	TRUE
cleaning	es	S68.P1	S68.P1	1-1	high	TRUE
cleaning	es	S68.P2	S68.P2	1-1	high	TRUE
cleaning	es	S68.P3	S68.P3	1-1	high	TRUE
cleaning	es	S69.P1	S69.P1	1-1	high	TRUE
cleaning	fr	S1.P1	S1.P1	1-1	high	TRUE
cleaning	fr	S2.P1	S2.P1	1-1	high	TRUE
cleaning	fr	S3.P1	S3.P1	1-1	high	TRUE
cleaning	fr	S4.P1	S4.P1	1-1	high	TRUE
cleaning	fr	S5.P1	S5.P1	1-1	high	TRUE
cleaning	fr	S6.P1	S6.P1	1-1	high	TRUE
cleaning	fr	S6.P2	S6.P2	1-1	high	TRUE
cleaning	fr	S8.P1	S8.P1	1-1	high	TRUE
cleaning	fr	S8.P2	S8.P2	1-1	high	TRUE
cleaning	fr	S9.P1	S9.P1	1-1	high	TRUE
cleaning	fr	S9.P2	S9.P2	1-1	high	TRUE
cleaning	fr	S10.P1	S10.P1	1-1	high	TRUE
cleaning	fr	S10.P2	S10.P2	1-1	high	TRUE
cleaning	fr	NA	S11.P1	unmatched-tr	high	TRUE
cleaning	fr	S11.P1	S12.P1	1-1	high	TRUE
cleaning	fr	S11.P2	S12.P2	1-1	high	TRUE
cleaning	fr	S12.P1	S13.P1	1-1	high	TRUE
cleaning	fr	S12.P2	S13.P2	1-1	high	TRUE
cleaning	fr	S13.P1	S14.P1	1-1	high	TRUE
cleaning	fr	S14.P1	S15.P1	1-1	high	TRUE
cleaning	fr	S16.P1	S17.P1	1-1	high	TRUE
cleaning	fr	S17.P1	S18.P1	1-1	high	TRUE
cleaning	fr	S17.P2	S18.P2	1-1	high	TRUE
cleaning	fr	S18.P1	S19.P1	1-1	high	TRUE
cleaning	fr	S19.P1	S20.P1	1-1	high	TRUE
cleaning	fr	S20.P1	S21.P1	1-1	high	TRUE
cleaning	fr	S20.P2	S21.P2	1-1	high	TRUE
cleaning	fr	S20.P3	S21.P3	1-1	high	TRUE
cleaning	fr	S20.P4	S21.P4	1-1	high	TRUE
cleaning	fr	S20.P5	S21.P5	1-1	high	TRUE
cleaning	fr	S21.P1	S22.P1	1-1	high	TRUE
cleaning	fr	S21.P2	S22.P2	1-1	high	TRUE
cleaning	fr	S22.P1	S23.P1	1-1	high	TRUE
cleaning	fr	S23.P1	S24.P1	1-1	high	TRUE
cleaning	fr	S23.P2	S24.P2	1-1	high	TRUE
cleaning	fr	S24.P1	S25.P1	1-1	high	TRUE
cleaning	fr	S24.P2	S25.P2	1-1	high	TRUE
cleaning	fr	S24.P3	S25.P3	1-1	high	TRUE
cleaning	fr	S25.P1	S26.P1	1-1	high	TRUE
cleaning	fr	S26.P1	S27.P1	1-1	high	TRUE
cleaning	fr	S26.P2	S27.P2	1-1	high	TRUE
cleaning	fr	S26.P3	S27.P3	1-1	high	TRUE
cleaning	fr	S26.P4	S27.P4	1-1	high	TRUE
cleaning	fr	S26.P5	S27.P5	1-1	high	TRUE
cleaning	fr	S27.P1	S28.P1	1-1	high	TRUE
cleaning	fr	S27.P2	S28.P2	1-1	high	TRUE
cleaning	fr	S27.P3	S28.P3	1-1	high	TRUE
cleaning	fr	S27.P4	S28.P4	1-1	high	TRUE
cleaning	fr	S28.P1	S29.P1	1-1	high	TRUE
cleaning	fr	S28.P2	S29.P2	1-1	high	TRUE
cleaning	fr	S29.P1	S30.P1	1-1	high	TRUE
cleaning	fr	S30.P1	S31.P1	1-1	high	TRUE
cleaning	fr	S30.P2	S31.P2	1-1	high	TRUE
cleaning	fr	S30.P3	S31.P3	1-1	high	TRUE
cleaning	fr	S30.P4	S31.P4	1-1	high	TRUE
cleaning	fr	S30.P5	S31.P5	1-1	high	TRUE
cleaning	fr	S31.P1	S32.P1	1-1	high	TRUE
cleaning	fr	S32.P1	S33.P1	1-1	high	TRUE
cleaning	fr	S32.P2	S33.P2	1-1	high	TRUE
cleaning	fr	S32.P3	S33.P3	1-1	high	TRUE
cleaning	fr	S33.P1	S34.P1	1-1	high	TRUE
cleaning	fr	S33.P2	S34.P2	1-1	high	TRUE
cleaning	fr	S33.P3	S34.P3	1-1	high	TRUE
cleaning	fr	S33.P4	S34.P4	1-1	high	TRUE
cleaning	fr	S34.P1	S35.P1	1-1	high	TRUE
cleaning	fr	S35.P1	S36.P1	1-1	high	TRUE
cleaning	fr	S36.P1	S37.P1	1-1	high	TRUE
cleaning	fr	S37.P1	S38.P1	1-1	high	TRUE
cleaning	fr	S37.P2	S38.P2	1-1	high	TRUE
cleaning	fr	S37.P3	S38.P3	1-1	high	TRUE
cleaning	fr	S37.P4	S38.P4	1-1	high	TRUE
cleaning	fr	S37.P5	S38.P5	1-1	high	TRUE
cleaning	fr	S38.P1	S39.P1	1-1	high	TRUE
cleaning	fr	S40.P1	S41.P1	1-1	high	TRUE
cleaning	fr	S40.P2	S41.P2	1-1	high	TRUE
cleaning	fr	S41.P1	S42.P1	1-1	high	TRUE
cleaning	fr	S41.P2	S42.P2	1-1	high	TRUE
cleaning	fr	S41.P3	S42.P3	1-1	high	TRUE
cleaning	fr	S41.P4	S42.P4	1-1	high	TRUE
cleaning	fr	S42.P1	S43.P1	1-1	high	TRUE
cleaning	fr	S42.P2	S43.P2	1-1	high	TRUE
cleaning	fr	S42.P3	S43.P3	1-1	high	TRUE
cleaning	fr	S43.P1	S44.P1	1-1	high	TRUE
cleaning	fr	S43.P2	S44.P2	1-1	high	TRUE
cleaning	fr	S43.P3	S44.P3	1-1	high	TRUE
cleaning	fr	S43.P4	S44.P4	1-1	high	TRUE
cleaning	fr	S44.P1	S45.P1	1-1	high	TRUE
cleaning	fr	S44.P2	S45.P2	1-1	high	TRUE
cleaning	fr	S44.P3	S45.P3	1-1	high	TRUE
cleaning	fr	S44.P4	S45.P4	1-1	high	TRUE
cleaning	fr	S44.P5	S45.P5	1-1	high	TRUE
cleaning	fr	S45.P1	S46.P1	1-1	high	TRUE
cleaning	fr	S45.P2	S46.P2	1-1	high	TRUE
cleaning	fr	S46.P1	S47.P1	1-1	high	TRUE
cleaning	fr	S47.P1	S48.P1	1-1	high	TRUE
cleaning	fr	S47.P2	S48.P2	1-1	high	TRUE
cleaning	fr	S47.P3	S48.P3	1-1	high	TRUE
cleaning	fr	S48.P1	S49.P1	1-1	high	TRUE
cleaning	fr	S48.P2	S49.P2	1-1	high	TRUE
cleaning	fr	S48.P3	S49.P3	1-1	high	TRUE
cleaning	fr	S48.P4	S49.P4	1-1	high	TRUE
cleaning	fr	S48.P5	S49.P5	1-1	high	TRUE
cleaning	fr	S49.P1	S50.P1	1-1	high	TRUE
cleaning	fr	S49.P2	S50.P2	1-1	high	TRUE
cleaning	fr	S49.P3	S50.P3	1-1	high	TRUE
cleaning	fr	S49.P4	S50.P4	1-1	high	TRUE
cleaning	fr	S49.P5	S50.P5	1-1	high	TRUE
cleaning	fr	S50.P1	S51.P1	1-1	high	TRUE
cleaning	fr	S50.P2	S51.P2	1-1	high	TRUE
cleaning	fr	S51.P1	S52.P1	1-1	high	TRUE
cleaning	fr	S51.P2	S52.P2	1-1	high	TRUE
cleaning	fr	S52.P1	S53.P1	1-1	high	TRUE
cleaning	fr	S53.P1	S54.P1	1-1	high	TRUE
cleaning	fr	S53.P2	S54.P2	1-1	high	TRUE
cleaning	fr	S55.P1	S56.P1	1-1	high	TRUE
cleaning	fr	S55.P2	S56.P2	1-1	high	TRUE
cleaning	fr	S56.P1	S57.P1	1-1	high	TRUE
cleaning	fr	S57.P1	S58.P1	1-1	high	TRUE
cleaning	fr	S58.P1	S59.P1	1-1	high	TRUE
cleaning	fr	S58.P2	S59.P2	1-1	high	TRUE
cleaning	fr	S59.P1	S60.P1	1-1	high	TRUE
cleaning	fr	S59.P2	S60.P2	1-1	high	TRUE
cleaning	fr	S60.P1	S61.P1	1-1	high	TRUE
cleaning	fr	S60.P2	S61.P2	1-1	high	TRUE
cleaning	fr	S61.P1	S62.P1	1-1	high	TRUE
cleaning	fr	S62.P1	S63.P1	1-1	high	TRUE
cleaning	fr	S63.P1	S64.P1	1-1	high	TRUE
cleaning	fr	S64.P1	S65.P1	1-1	high	TRUE
cleaning	fr	S64.P2	S65.P2	1-1	high	TRUE
cleaning	fr	S64.P3	S65.P3	1-1	high	TRUE
cleaning	fr	S64.P4	S65.P4	1-1	high	TRUE
cleaning	fr	S65.P1	S66.P1	1-1	high	TRUE
cleaning	fr	S65.P2	S66.P2	1-1	high	TRUE
cleaning	fr	S66.P1	S67.P1	1-1	high	TRUE
cleaning	fr	S66.P2	S67.P2	1-1	high	TRUE
cleaning	fr	S66.P3	S67.P3	1-1	high	TRUE
cleaning	fr	S67.P1	S68.P1	1-1	high	TRUE
cleaning	fr	S68.P1	S69.P1	1-1	high	TRUE
cleaning	fr	S68.P2	S69.P2	1-1	high	TRUE
cleaning	fr	S68.P3	S69.P3	1-1	high	TRUE
cleaning	fr	S69.P1	S70.P1	1-1	high	TRUE
cleaning	jp	S0.P1	S0.P1	1-1	high	TRUE
cleaning	jp	S1.P1	S1.P1	1-1	high	TRUE
cleaning	jp	S1.P2	S1.P2	1-1	high	TRUE
cleaning	jp	S2.P1	S2.P1	1-1	high	TRUE
cleaning	jp	S3.P1	S3.P1	1-1	high	TRUE
cleaning	jp	S4.P1	S4.P1	1-1	high	TRUE
cleaning	jp	S5.P1	S5.P1	1-1	high	TRUE
cleaning	jp	S5.P2	S5.P2	1-1	high	TRUE
cleaning	jp	S6.P1	S6.P1	1-1	high	TRUE
cleaning	jp	S7.P1	S7.P1	1-1	high	TRUE
cleaning	jp	S7.P2	S7.P2	1-1	high	TRUE
cleaning	jp	S8.P1	S8.P1	1-1	high	TRUE
cleaning	jp	S8.P2	S8.P2	1-1	high	TRUE
cleaning	jp	S9.P1	S9.P1	1-1	high	TRUE
cleaning	jp	S9.P2	S9.P2	1-1	high	TRUE
cleaning	jp	S10.P1	S10.P1	1-1	high	TRUE
cleaning	jp	S10.P2	S10.P2	1-1	high	TRUE
cleaning	jp	S11.P1	S11.P1	1-1	high	TRUE
cleaning	jp	S11.P2	S11.P2	1-1	high	TRUE
cleaning	jp	S12.P1	S12.P1	1-1	high	TRUE
cleaning	jp	S13.P1	S13.P1	1-1	high	TRUE
cleaning	jp	S14.P1	S14.P1	1-1	high	TRUE
cleaning	jp	S15.P1	S15.P1	1-1	high	TRUE
cleaning	jp	S16.P1	S16.P1	1-1	high	TRUE
cleaning	jp	S16.P2	S16.P2	1-1	high	TRUE
cleaning	jp	S17.P1	S17.P1	1-1	high	TRUE
cleaning	jp	S18.P1	S18.P1	1-1	high	TRUE
cleaning	jp	S19.P1	S19.P1	1-1	high	TRUE
cleaning	jp	S19.P2	S19.P2	1-1	high	TRUE
cleaning	jp	S19.P3	S19.P3	1-1	high	TRUE
cleaning	jp	S19.P4	S19.P4	1-1	high	TRUE
cleaning	jp	S19.P5	S19.P5	1-1	high	TRUE
cleaning	jp	S20.P1	S20.P1	1-1	high	TRUE
cleaning	jp	S20.P2	S20.P2	1-1	high	TRUE
cleaning	jp	S21.P1	S21.P1	1-1	high	TRUE
cleaning	jp	S22.P1	S22.P1	1-1	high	TRUE
cleaning	jp	S22.P2	S22.P2	1-1	high	TRUE
cleaning	jp	S23.P1	S23.P1	1-1	high	TRUE
cleaning	jp	S23.P2	S23.P2	1-1	high	TRUE
cleaning	jp	S23.P3	S23.P3	1-1	high	TRUE
cleaning	jp	S24.P1	S24.P1	1-1	high	TRUE
cleaning	jp	S25.P1	S25.P1	1-1	high	TRUE
cleaning	jp	S25.P2	S25.P2	1-1	high	TRUE
cleaning	jp	S25.P3	S25.P3	1-1	high	TRUE
cleaning	jp	S25.P4	S25.P4	1-1	high	TRUE
cleaning	jp	S25.P5	S25.P5	1-1	high	TRUE
cleaning	jp	S26.P1	S26.P1	1-1	high	TRUE
cleaning	jp	S26.P2	S26.P2	1-1	high	TRUE
cleaning	jp	S26.P3	S26.P3	1-1	high	TRUE
cleaning	jp	S26.P4	S26.P4	1-1	high	TRUE
cleaning	jp	S27.P1	S27.P1	1-1	high	TRUE
cleaning	jp	S27.P2	S27.P2	1-1	high	TRUE
cleaning	jp	S28.P1	S28.P1	1-1	high	TRUE
cleaning	jp	S29.P1	S29.P1	1-1	high	TRUE
cleaning	jp	S29.P2	S29.P2	1-1	high	TRUE
cleaning	jp	S29.P3	S29.P3	1-1	high	TRUE
cleaning	jp	S29.P4	S29.P4	1-1	high	TRUE
cleaning	jp	S29.P5	S29.P5	1-1	high	TRUE
cleaning	jp	S30.P1	S30.P1	1-1	high	TRUE
cleaning	jp	S31.P1	S31.P1	1-1	high	TRUE
cleaning	jp	S31.P2	S31.P2	1-1	high	TRUE
cleaning	jp	S31.P3	S31.P3	1-1	high	TRUE
cleaning	jp	S32.P1	S32.P1	1-1	high	TRUE
cleaning	jp	S32.P2	S32.P2	1-1	high	TRUE
cleaning	jp	S32.P3	S32.P3	1-1	high	TRUE
cleaning	jp	S32.P4	S32.P4	1-1	high	TRUE
cleaning	jp	S33.P1	S33.P1	1-1	high	TRUE
cleaning	jp	S34.P1	S34.P1	1-1	high	TRUE
cleaning	jp	S35.P1	S35.P1	1-1	high	TRUE
cleaning	jp	S36.P1	S36.P1	1-1	high	TRUE
cleaning	jp	S36.P2	S36.P2	1-1	high	TRUE
cleaning	jp	S36.P3	S36.P3	1-1	high	TRUE
cleaning	jp	S36.P4	S36.P4	1-1	high	TRUE
cleaning	jp	S36.P5	S36.P5	1-1	high	TRUE
cleaning	jp	S37.P1	S37.P1	1-1	high	TRUE
cleaning	jp	S38.P1	S38.P1	1-1	high	TRUE
cleaning	jp	S39.P1	S39.P1	1-1	high	TRUE
cleaning	jp	S39.P2	S39.P2	1-1	high	TRUE
cleaning	jp	S40.P1	S40.P1	1-1	high	TRUE
cleaning	jp	S40.P2	S40.P2	1-1	high	TRUE
cleaning	jp	S40.P3	S40.P3	1-1	high	TRUE
cleaning	jp	S40.P4	S40.P4	1-1	high	TRUE
cleaning	jp	S41.P1	S41.P1	1-1	high	TRUE
cleaning	jp	S41.P2	S41.P2	1-1	high	TRUE
cleaning	jp	S41.P3	S41.P3	1-1	high	TRUE
cleaning	jp	S42.P1	S42.P1	1-1	high	TRUE
cleaning	jp	S42.P2	S42.P2	1-1	high	TRUE
cleaning	jp	S42.P3	S42.P3	1-1	high	TRUE
cleaning	jp	S42.P4	S42.P4	1-1	high	TRUE
cleaning	jp	S43.P1	S43.P1	1-1	high	TRUE
cleaning	jp	S43.P2	S43.P2	1-1	high	TRUE
cleaning	jp	S43.P3	S43.P3	1-1	high	TRUE
cleaning	jp	S43.P4	S43.P4	1-1	high	TRUE
cleaning	jp	S43.P5	S43.P5	1-1	high	TRUE
cleaning	jp	S44.P1	S44.P1	1-1	high	TRUE
cleaning	jp	S44.P2	S44.P2	1-1	high	TRUE
cleaning	jp	S45.P1	S45.P1	1-1	high	TRUE
cleaning	jp	S46.P1	S46.P1	1-1	high	TRUE
cleaning	jp	S46.P2	S46.P2	1-1	high	TRUE
cleaning	jp	S46.P3	S46.P3	1-1	high	TRUE
cleaning	jp	S47.P1	S47.P1	1-1	high	TRUE
cleaning	jp	S47.P2	S47.P2	1-1	high	TRUE
cleaning	jp	S47.P3	S47.P3	1-1	high	TRUE
cleaning	jp	S47.P4	S47.P4	1-1	high	TRUE
cleaning	jp	S47.P5	S47.P5	1-1	high	TRUE
cleaning	jp	S48.P1	S48.P1	1-1	high	TRUE
cleaning	jp	S48.P2	S48.P2	1-1	high	TRUE
cleaning	jp	S48.P3	S48.P3	1-1	high	TRUE
cleaning	jp	S48.P4	S48.P4	1-1	high	TRUE
cleaning	jp	S48.P5	S48.P5	1-1	high	TRUE
cleaning	jp	S49.P1	S49.P1	1-1	high	TRUE
cleaning	jp	S49.P2	S49.P2	1-1	high	TRUE
cleaning	jp	S50.P1	S50.P1	1-1	high	TRUE
cleaning	jp	S50.P2	S50.P2	1-1	high	TRUE
cleaning	jp	S51.P1	S51.P1	1-1	high	TRUE
cleaning	jp	S52.P1	S52.P1	1-1	high	TRUE
cleaning	jp	S52.P2	S52.P2	1-1	high	TRUE
cleaning	jp	S53.P1	S53.P1	1-1	high	TRUE
cleaning	jp	S54.P1	S54.P1	1-1	high	TRUE
cleaning	jp	S54.P2	S54.P2	1-1	high	TRUE
cleaning	jp	S55.P1	S55.P1	1-1	high	TRUE
cleaning	jp	S56.P1	S56.P1	1-1	high	TRUE
cleaning	jp	S57.P1	S57.P1	1-1	high	TRUE
cleaning	jp	S57.P2	S57.P2	1-1	high	TRUE
cleaning	jp	S58.P1	S58.P1	1-1	high	TRUE
cleaning	jp	S58.P2	S58.P2	1-1	high	TRUE
cleaning	jp	S59.P1	S59.P1	1-1	high	TRUE
cleaning	jp	S59.P2	S59.P2	1-1	high	TRUE
cleaning	jp	S60.P1	S60.P1	1-1	high	TRUE
cleaning	jp	S61.P1	S61.P1	1-1	high	TRUE
cleaning	jp	S62.P1	S62.P1	1-1	high	TRUE
cleaning	jp	S63.P1	S63.P1	1-1	high	TRUE
cleaning	jp	S63.P2	S63.P2	1-1	high	TRUE
cleaning	jp	S63.P3	S63.P3	1-1	high	TRUE
cleaning	jp	S63.P4	S63.P4	1-1	high	TRUE
cleaning	jp	S64.P1	S64.P1	1-1	high	TRUE
cleaning	jp	S64.P2	S64.P2	1-1	high	TRUE
cleaning	jp	S65.P1	S65.P1	1-1	high	TRUE
cleaning	jp	S65.P2	S65.P2	1-1	high	TRUE
cleaning	jp	S65.P3	S65.P3	1-1	high	TRUE
cleaning	jp	S66.P1	S66.P1	1-1	high	TRUE
cleaning	jp	S66.P2	S66.P2	1-1	high	TRUE
cleaning	jp	S67.P1	S67.P1	1-1	high	TRUE
cleaning	jp	S67.P2	S67.P2	1-1	high	TRUE
cleaning	jp	S67.P3	S67.P3	1-1	high	TRUE
cleaning	jp	S68.P1	S68.P1	1-1	high	TRUE
cleaning	pt	S0.P1	S0.P1	1-1	high	TRUE
cleaning	pt	S1.P1	S1.P1	1-1	high	TRUE
cleaning	pt	S1.P2	S1.P2	1-1	high	TRUE
cleaning	pt	S2.P1	S2.P1	1-1	high	TRUE
cleaning	pt	S3.P1	S3.P1	1-1	high	TRUE
cleaning	pt	S4.P1	S4.P1	1-1	high	TRUE
cleaning	pt	S5.P1	S5.P1	1-1	high	TRUE
cleaning	pt	S5.P2	S5.P2	1-1	high	TRUE
cleaning	pt	S6.P1	S6.P1	1-1	high	TRUE
cleaning	pt	S7.P1	S7.P1	1-1	high	TRUE
cleaning	pt	S7.P2	S7.P2	1-1	high	TRUE
cleaning	pt	S8.P1	S8.P1	1-1	high	TRUE
cleaning	pt	S8.P2	S8.P2	1-1	high	TRUE
cleaning	pt	S9.P1	S9.P1	1-1	high	TRUE
cleaning	pt	S9.P2	S9.P2	1-1	high	TRUE
cleaning	pt	S10.P1	S10.P1	1-1	high	TRUE
cleaning	pt	S10.P2	S10.P2	1-1	high	TRUE
cleaning	pt	S11.P1	S11.P1	1-1	high	TRUE
cleaning	pt	S11.P2	S11.P2	1-1	high	TRUE
cleaning	pt	S12.P1	S12.P1	1-1	high	TRUE
cleaning	pt	S13.P1	S13.P1	1-1	high	TRUE
cleaning	pt	S14.P1	S14.P1	1-1	high	TRUE
cleaning	pt	S15.P1	S15.P1	1-1	high	TRUE
cleaning	pt	S16.P1	S16.P1	1-1	high	TRUE
cleaning	pt	S16.P2	S16.P2	1-1	high	TRUE
cleaning	pt	S17.P1	S17.P1	1-1	high	TRUE
cleaning	pt	S18.P1	S18.P1	1-1	high	TRUE
cleaning	pt	S19.P1	S19.P1	1-1	high	TRUE
cleaning	pt	S19.P2	S19.P2	1-1	high	TRUE
cleaning	pt	S19.P3	S19.P3	1-1	high	TRUE
cleaning	pt	S19.P4	S19.P4	1-1	high	TRUE
cleaning	pt	S19.P5	S19.P5	1-1	high	TRUE
cleaning	pt	S20.P1	S20.P1	1-1	high	TRUE
cleaning	pt	S20.P2	S20.P2	1-1	high	TRUE
cleaning	pt	S21.P1	S21.P1	1-1	high	TRUE
cleaning	pt	S22.P1	S22.P1	1-1	high	TRUE
cleaning	pt	S22.P2	S22.P2	1-1	high	TRUE
cleaning	pt	S23.P1	S23.P1	1-1	high	TRUE
cleaning	pt	S23.P2	S23.P2	1-1	high	TRUE
cleaning	pt	S23.P3	S23.P3	1-1	high	TRUE
cleaning	pt	S24.P1	S24.P1	1-1	high	TRUE
cleaning	pt	S25.P1	S25.P1	1-1	high	TRUE
cleaning	pt	S25.P2	S25.P2	1-1	high	TRUE
cleaning	pt	S25.P3	S25.P3	1-1	high	TRUE
cleaning	pt	S25.P4	S25.P4	1-1	high	TRUE
cleaning	pt	S25.P5	S25.P5	1-1	high	TRUE
cleaning	pt	S26.P1	S26.P1	1-1	high	TRUE
cleaning	pt	S26.P2	S26.P2	1-1	high	TRUE
cleaning	pt	S26.P3	S26.P3	1-1	high	TRUE
cleaning	pt	S26.P4	S26.P4	1-1	high	TRUE
cleaning	pt	S27.P1	S27.P1	1-1	high	TRUE
cleaning	pt	S27.P2	S27.P2	1-1	high	TRUE
cleaning	pt	S28.P1	S28.P1	1-1	high	TRUE
cleaning	pt	S29.P1	S29.P1	1-1	high	TRUE
cleaning	pt	S29.P2	S29.P2	1-1	high	TRUE
cleaning	pt	S29.P3	S29.P3	1-1	high	TRUE
cleaning	pt	S29.P4	S29.P4	1-1	high	TRUE
cleaning	pt	S29.P5	S29.P5	1-1	high	TRUE
cleaning	pt	S30.P1	S30.P1	1-1	high	TRUE
cleaning	pt	S31.P1	S31.P1	1-1	high	TRUE
cleaning	pt	S31.P2	S31.P2	1-1	high	TRUE
cleaning	pt	S31.P3	S31.P3	1-1	high	TRUE
cleaning	pt	S32.P1	S32.P1	1-1	high	TRUE
cleaning	pt	S32.P2	S32.P2	1-1	high	TRUE
cleaning	pt	S32.P3	S32.P3	1-1	high	TRUE
cleaning	pt	S32.P4	S32.P4	1-1	high	TRUE
cleaning	pt	S33.P1	S33.P1	1-1	high	TRUE
cleaning	pt	S34.P1	S34.P1	1-1	high	TRUE
cleaning	pt	S35.P1	S35.P1	1-1	high	TRUE
cleaning	pt	S36.P1	S36.P1	1-1	high	TRUE
cleaning	pt	S36.P2	S36.P2	1-1	high	TRUE
cleaning	pt	S36.P3	S36.P3	1-1	high	TRUE
cleaning	pt	S36.P4	S36.P4	1-1	high	TRUE
cleaning	pt	S36.P5	S36.P5	1-1	high	TRUE
cleaning	pt	S37.P1	S37.P1	1-1	high	TRUE
cleaning	pt	S38.P1	S38.P1	1-1	high	TRUE
cleaning	pt	S39.P1	S39.P1	1-1	high	TRUE
cleaning	pt	S39.P2	S39.P2	1-1	high	TRUE
cleaning	pt	S40.P1	S40.P1	1-1	high	TRUE
cleaning	pt	S40.P2	S40.P2	1-1	high	TRUE
cleaning	pt	S40.P3	S40.P3	1-1	high	TRUE
cleaning	pt	S40.P4	S40.P4	1-1	high	TRUE
cleaning	pt	S41.P1	S41.P1	1-1	high	TRUE
cleaning	pt	S41.P2	S41.P2	many-1	high	TRUE
cleaning	pt	S41.P3	S41.P2	many-1	high	TRUE
cleaning	pt	S42.P1	S42.P1	1-1	high	TRUE
cleaning	pt	S42.P2	S42.P2	1-1	high	TRUE
cleaning	pt	S42.P3	S42.P3	1-1	high	TRUE
cleaning	pt	S42.P4	S42.P4	1-1	high	TRUE
cleaning	pt	S43.P1	S43.P1	1-1	high	TRUE
cleaning	pt	S43.P2	S43.P2	1-1	high	TRUE
cleaning	pt	S43.P3	S43.P3	1-1	high	TRUE
cleaning	pt	S43.P4	S43.P4	1-1	high	TRUE
cleaning	pt	S43.P5	S43.P5	1-1	high	TRUE
cleaning	pt	S44.P1	S44.P1	1-1	high	TRUE
cleaning	pt	S44.P2	S44.P2	1-1	high	TRUE
cleaning	pt	S45.P1	S45.P1	1-1	high	TRUE
cleaning	pt	S46.P1	S46.P1	1-1	high	TRUE
cleaning	pt	S46.P2	S46.P2	1-1	high	TRUE
cleaning	pt	S46.P3	S46.P3	1-1	high	TRUE
cleaning	pt	S47.P1	S47.P1	1-1	high	TRUE
cleaning	pt	S47.P2	S47.P2	1-1	high	TRUE
cleaning	pt	S47.P3	S47.P3	1-1	high	TRUE
cleaning	pt	S47.P4	S47.P4	1-1	high	TRUE
cleaning	pt	S47.P5	S47.P5	1-1	high	TRUE
cleaning	pt	S48.P1	S48.P1	1-1	high	TRUE
cleaning	pt	S48.P2	S48.P2	1-1	high	TRUE
cleaning	pt	S48.P3	S48.P3	1-1	high	TRUE
cleaning	pt	S48.P4	S48.P4	1-1	high	TRUE
cleaning	pt	S48.P5	S48.P5	1-1	high	TRUE
cleaning	pt	S49.P1	S49.P1	1-1	high	TRUE
cleaning	pt	S49.P2	S49.P2	1-1	high	TRUE
cleaning	pt	S50.P1	S50.P1	1-1	high	TRUE
cleaning	pt	S50.P2	S50.P2	1-1	high	TRUE
cleaning	pt	S51.P1	S51.P1	1-1	high	TRUE
cleaning	pt	S52.P1	S52.P1	1-1	high	TRUE
cleaning	pt	S52.P2	S52.P2	1-1	high	TRUE
cleaning	pt	S53.P1	S53.P1	1-1	high	TRUE
cleaning	pt	S54.P1	S54.P1	1-1	high	TRUE
cleaning	pt	S54.P2	S54.P2	1-1	high	TRUE
cleaning	pt	S55.P1	S55.P1	1-1	high	TRUE
cleaning	pt	S56.P1	S56.P1	1-1	high	TRUE
cleaning	pt	S57.P1	S57.P1	1-1	high	TRUE
cleaning	pt	S57.P2	S57.P2	1-1	high	TRUE
cleaning	pt	S58.P1	S58.P1	1-1	high	TRUE
cleaning	pt	S58.P2	S58.P2	1-1	high	TRUE
cleaning	pt	S59.P1	S59.P1	1-1	high	TRUE
cleaning	pt	S59.P2	S59.P2	1-1	high	TRUE
cleaning	pt	S60.P1	S60.P1	1-1	high	TRUE
cleaning	pt	S61.P1	S61.P1	1-1	high	TRUE
cleaning	pt	S62.P1	S62.P1	1-1	high	TRUE
cleaning	pt	S63.P1	S63.P1	1-1	high	TRUE
cleaning	pt	S63.P2	S63.P2	1-1	high	TRUE
cleaning	pt	S63.P3	S63.P3	1-1	high	TRUE
cleaning	pt	S63.P4	S63.P4	1-1	high	TRUE
cleaning	pt	S64.P1	S64.P1	1-1	high	TRUE
cleaning	pt	S64.P2	S64.P2	1-1	high	TRUE
cleaning	pt	S65.P1	S65.P1	1-1	high	TRUE
cleaning	pt	S65.P2	S65.P2	1-1	high	TRUE
cleaning	pt	S65.P3	S65.P3	1-1	high	TRUE
cleaning	pt	S66.P1	S66.P1	1-1	high	TRUE
cleaning	pt	S66.P2	S66.P2	1-1	high	TRUE
cleaning	pt	S67.P1	S67.P1	1-1	high	TRUE
cleaning	pt	S67.P2	S67.P2	1-1	high	TRUE
cleaning	pt	S67.P3	S67.P3	1-1	high	TRUE
cleaning	pt	S68.P1	S68.P1	1-1	high	TRUE
cleaning	ru	S0.P1	S0.P1	1-1	high	TRUE
cleaning	ru	S1.P1	S1.P1	1-1	high	TRUE
cleaning	ru	S2.P1	S2.P1	1-1	high	TRUE
cleaning	ru	S3.P1	S3.P1	1-1	high	TRUE
cleaning	ru	S4.P1	S4.P1	1-1	high	TRUE
cleaning	ru	S5.P1	S5.P1	1-1	high	TRUE
cleaning	ru	S5.P2	S5.P2	1-1	high	TRUE
cleaning	ru	S7.P1	S7.P1	1-1	high	TRUE
cleaning	ru	S7.P2	S7.P2	1-1	high	TRUE
cleaning	ru	S8.P1	S8.P1	1-1	high	TRUE
cleaning	ru	S8.P2	S8.P2	1-1	high	TRUE
cleaning	ru	S9.P1	S9.P1	1-1	high	TRUE
cleaning	ru	S9.P2	S9.P2	1-1	high	TRUE
cleaning	ru	S10.P1	S10.P1	1-1	high	TRUE
cleaning	ru	S10.P2	S10.P2	1-1	high	TRUE
cleaning	ru	S11.P1	S11.P1	1-1	high	TRUE
cleaning	ru	S11.P2	S11.P2	1-1	high	TRUE
cleaning	ru	S12.P1	S12.P1	1-1	high	TRUE
cleaning	ru	S13.P1	S13.P1	1-1	high	TRUE
cleaning	ru	S15.P1	S15.P1	1-1	high	TRUE
cleaning	ru	S16.P1	S16.P1	1-1	high	TRUE
cleaning	ru	S16.P2	S16.P2	1-1	high	TRUE
cleaning	ru	S17.P1	S17.P1	1-1	high	TRUE
cleaning	ru	S18.P1	S18.P1	1-1	high	TRUE
cleaning	ru	S19.P1	S19.P1	1-1	high	TRUE
cleaning	ru	S19.P2	S19.P2	1-1	high	TRUE
cleaning	ru	S19.P3	S19.P3	1-1	high	TRUE
cleaning	ru	S19.P4	S19.P4	1-1	high	TRUE
cleaning	ru	S19.P5	S19.P5	1-1	high	TRUE
cleaning	ru	S20.P1	S20.P1	1-1	high	TRUE
cleaning	ru	S20.P2	S20.P2	1-1	high	TRUE
cleaning	ru	S21.P1	S21.P1	1-1	high	TRUE
cleaning	ru	S22.P1	S22.P1	1-1	high	TRUE
cleaning	ru	S22.P2	S22.P2	1-1	high	TRUE
cleaning	ru	S23.P1	S23.P1	1-1	high	TRUE
cleaning	ru	S23.P2	S23.P2	1-1	high	TRUE
cleaning	ru	S23.P3	S23.P3	1-1	high	TRUE
cleaning	ru	S24.P1	S24.P1	1-1	high	TRUE
cleaning	ru	S25.P1	S25.P1	1-1	high	TRUE
cleaning	ru	S25.P2	S25.P2	1-1	high	TRUE
cleaning	ru	S25.P3	S25.P3	1-1	high	TRUE
cleaning	ru	S25.P4	S25.P4	1-1	high	TRUE
cleaning	ru	S25.P5	S25.P5	1-1	high	TRUE
cleaning	ru	S26.P1	S26.P1	1-1	high	TRUE
cleaning	ru	S26.P2	S26.P2	1-1	high	TRUE
cleaning	ru	S26.P3	S26.P3	1-1	high	TRUE
cleaning	ru	S26.P4	S26.P4	1-1	high	TRUE
cleaning	ru	S27.P1	S27.P1	1-1	high	TRUE
cleaning	ru	S27.P2	S27.P2	1-1	high	TRUE
cleaning	ru	S28.P1	S28.P1	1-1	high	TRUE
cleaning	ru	S29.P1	S29.P1	1-1	high	TRUE
cleaning	ru	S29.P2	S29.P2	1-1	high	TRUE
cleaning	ru	S29.P3	S29.P3	1-1	high	TRUE
cleaning	ru	S29.P4	S29.P4	1-1	high	TRUE
cleaning	ru	S29.P5	S29.P5	1-1	high	TRUE
cleaning	ru	S30.P1	S30.P1	1-1	high	TRUE
cleaning	ru	S31.P1	S31.P1	1-1	high	TRUE
cleaning	ru	S31.P2	S31.P2	1-1	high	TRUE
cleaning	ru	S31.P3	S31.P3	1-1	high	TRUE
cleaning	ru	S32.P1	S32.P1	1-1	high	TRUE
cleaning	ru	S32.P2	S32.P2	1-1	high	TRUE
cleaning	ru	S32.P3	S32.P3	1-1	high	TRUE
cleaning	ru	S32.P4	S32.P4	1-1	high	TRUE
cleaning	ru	S33.P1	S33.P1	1-1	high	TRUE
cleaning	ru	S34.P1	S34.P1	1-1	high	TRUE
cleaning	ru	S35.P1	S35.P1	1-1	high	TRUE
cleaning	ru	S36.P1	S36.P1	1-1	high	TRUE
cleaning	ru	S36.P2	S36.P2	1-1	high	TRUE
cleaning	ru	S36.P3	S36.P3	1-1	high	TRUE
cleaning	ru	S36.P4	S36.P4	1-1	high	TRUE
cleaning	ru	S36.P5	S36.P5	1-1	high	TRUE
cleaning	ru	S37.P1	S37.P1	1-1	high	TRUE
cleaning	ru	S39.P1	S39.P1	1-1	high	TRUE
cleaning	ru	S39.P2	S39.P2	1-1	high	TRUE
cleaning	ru	S40.P1	S40.P1	1-1	high	TRUE
cleaning	ru	S40.P2	S40.P2	1-1	high	TRUE
cleaning	ru	S40.P3	S40.P3	1-1	high	TRUE
cleaning	ru	S40.P4	S40.P4	1-1	high	TRUE
cleaning	ru	S41.P1	S41.P1	1-1	high	TRUE
cleaning	ru	S41.P2	S41.P2	1-1	high	TRUE
cleaning	ru	S41.P3	S41.P3	1-1	high	TRUE
cleaning	ru	S42.P1	S42.P1	1-1	high	TRUE
cleaning	ru	S42.P2	S42.P2	1-1	high	TRUE
cleaning	ru	S42.P3	S42.P3	1-1	high	TRUE
cleaning	ru	S42.P4	S42.P4	1-1	high	TRUE
cleaning	ru	S43.P1	S43.P1	1-1	high	TRUE
cleaning	ru	S43.P2	S43.P2	1-1	high	TRUE
cleaning	ru	S43.P3	S43.P3	1-1	high	TRUE
cleaning	ru	S43.P4	S43.P4	1-1	high	TRUE
cleaning	ru	S43.P5	S43.P5	1-1	high	TRUE
cleaning	ru	S44.P1	S44.P1	1-1	high	TRUE
cleaning	ru	S44.P2	S44.P2	1-1	high	TRUE
cleaning	ru	S45.P1	S45.P1	1-1	high	TRUE
cleaning	ru	S46.P1	S46.P1	1-1	high	TRUE
cleaning	ru	S46.P2	S46.P2	1-1	high	TRUE
cleaning	ru	S46.P3	S46.P3	1-1	high	TRUE
cleaning	ru	S47.P1	S47.P1	1-1	high	TRUE
cleaning	ru	S47.P2	S47.P2	1-1	high	TRUE
cleaning	ru	S47.P3	S47.P3	1-1	high	TRUE
cleaning	ru	S47.P4	S47.P4	1-1	high	TRUE
cleaning	ru	S47.P5	S47.P5	1-1	high	TRUE
cleaning	ru	S48.P1	S48.P1	1-1	high	TRUE
cleaning	ru	S48.P2	S48.P2	1-1	high	TRUE
cleaning	ru	S48.P3	S48.P3	1-1	high	TRUE
cleaning	ru	S48.P4	S48.P4	1-1	high	TRUE
cleaning	ru	S48.P5	S48.P5	1-1	high	TRUE
cleaning	ru	S49.P1	S49.P1	1-1	high	TRUE
cleaning	ru	S49.P2	S49.P2	1-1	high	TRUE
cleaning	ru	S50.P1	S50.P1	1-1	high	TRUE
cleaning	ru	S50.P2	S50.P2	1-1	high	TRUE
cleaning	ru	S51.P1	S51.P1	1-1	high	TRUE
cleaning	ru	S52.P1	S52.P1	1-1	high	TRUE
cleaning	ru	S52.P2	S52.P2	1-1	high	TRUE
cleaning	ru	S54.P1	S54.P1	1-1	high	TRUE
cleaning	ru	S54.P2	S54.P2	1-1	high	TRUE
cleaning	ru	S55.P1	S55.P1	1-1	high	TRUE
cleaning	ru	S56.P1	S56.P1	1-1	high	TRUE
cleaning	ru	S57.P1	S57.P1	1-1	high	TRUE
cleaning	ru	S57.P2	S57.P2	1-1	high	TRUE
cleaning	ru	S58.P1	S58.P1	1-1	high	TRUE
cleaning	ru	S58.P2	S58.P2	1-1	high	TRUE
cleaning	ru	S59.P1	S59.P1	1-1	high	TRUE
cleaning	ru	S59.P2	S59.P2	1-1	high	TRUE
cleaning	ru	S60.P1	S60.P1	1-1	high	TRUE
cleaning	ru	S61.P1	S61.P1	1-1	high	TRUE
cleaning	ru	S62.P1	S62.P1	1-1	high	TRUE
cleaning	ru	S63.P1	S63.P1	1-1	high	TRUE
cleaning	ru	S63.P2	S63.P2	1-1	high	TRUE
cleaning	ru	S63.P3	S63.P3	1-1	high	TRUE
cleaning	ru	S63.P4	S63.P4	1-1	high	TRUE
cleaning	ru	S64.P1	S64.P1	1-1	high	TRUE
cleaning	ru	S64.P2	S64.P2	1-1	high	TRUE
cleaning	ru	S65.P1	S65.P1	1-1	high	TRUE
cleaning	ru	S65.P2	S65.P2	1-1	high	TRUE
cleaning	ru	S65.P3	S65.P3	1-1	high	TRUE
cleaning	ru	S66.P1	S66.P1	1-1	high	TRUE
cleaning	ru	S67.P1	S67.P1	1-1	high	TRUE
cleaning	ru	S67.P2	S67.P2	1-1	high	TRUE
cleaning	ru	S67.P3	S67.P3	1-1	high	TRUE
cleaning	ru	S68.P1	S68.P1	1-1	high	TRUE
cleaning	tr	S0.P1	S0.P1	1-1	high	TRUE
cleaning	tr	S1.P1	S1.P1	1-1	high	TRUE
cleaning	tr	S1.P2	S1.P2	1-1	high	TRUE
cleaning	tr	S2.P1	S2.P1	1-1	high	TRUE
cleaning	tr	S3.P1	S3.P1	1-1	high	TRUE
cleaning	tr	S4.P1	S4.P1	1-1	high	TRUE
cleaning	tr	S5.P1	S5.P1	1-1	high	TRUE
cleaning	tr	S5.P2	S5.P2	1-1	high	TRUE
cleaning	tr	S6.P1	S6.P1	1-1	high	TRUE
cleaning	tr	S7.P1	S7.P1	1-1	high	TRUE
cleaning	tr	S7.P2	S7.P2	1-1	high	TRUE
cleaning	tr	S8.P1	S8.P1	1-1	high	TRUE
cleaning	tr	S8.P2	S8.P2	1-1	high	TRUE
cleaning	tr	S9.P1	S9.P1	1-1	high	TRUE
cleaning	tr	S9.P2	S9.P2	1-1	high	TRUE
cleaning	tr	S10.P1	S11.P1	1-1	high	TRUE
cleaning	tr	S10.P2	S11.P2	1-1	high	TRUE
cleaning	tr	S11.P1	S12.P1	1-1	high	TRUE
cleaning	tr	S11.P2	S12.P2	1-1	high	TRUE
cleaning	tr	S12.P1	S13.P1	1-1	high	TRUE
cleaning	tr	S13.P1	S14.P1	1-1	high	TRUE
cleaning	tr	S14.P1	S15.P1	1-1	high	TRUE
cleaning	tr	S15.P1	S16.P1	1-1	high	TRUE
cleaning	tr	S16.P1	S17.P1	1-1	high	TRUE
cleaning	tr	S16.P2	S17.P2	1-1	high	TRUE
cleaning	tr	S17.P1	S18.P1	1-1	high	TRUE
cleaning	tr	S18.P1	S19.P1	1-1	high	TRUE
cleaning	tr	S19.P1	S20.P1	1-1	high	TRUE
cleaning	tr	S19.P2	S20.P2	1-1	high	TRUE
cleaning	tr	S19.P3	S20.P3	1-1	high	TRUE
cleaning	tr	S19.P4	S20.P4	1-1	high	TRUE
cleaning	tr	S19.P5	S20.P5	1-1	high	TRUE
cleaning	tr	S20.P1	S21.P1	1-1	high	TRUE
cleaning	tr	S20.P2	S21.P2	1-1	high	TRUE
cleaning	tr	S21.P1	S22.P1	1-1	high	TRUE
cleaning	tr	S22.P1	S23.P1	1-1	high	TRUE
cleaning	tr	S22.P2	S23.P2	1-1	high	TRUE
cleaning	tr	S23.P1	S24.P1	1-1	high	TRUE
cleaning	tr	S23.P2	S24.P2	1-1	high	TRUE
cleaning	tr	S23.P3	S24.P3	1-1	high	TRUE
cleaning	tr	S24.P1	S25.P1	1-1	high	TRUE
cleaning	tr	S25.P1	S26.P1	1-1	high	TRUE
cleaning	tr	S25.P2	S26.P2	1-1	high	TRUE
cleaning	tr	S25.P3	S26.P3	1-1	high	TRUE
cleaning	tr	S25.P4	S26.P4	1-1	high	TRUE
cleaning	tr	S25.P5	S26.P5	1-1	high	TRUE
cleaning	tr	S26.P1	S27.P1	1-1	high	TRUE
cleaning	tr	S26.P2	S27.P2	1-1	high	TRUE
cleaning	tr	S26.P3	S27.P3	1-1	high	TRUE
cleaning	tr	S26.P4	S27.P4	1-1	high	TRUE
cleaning	tr	S27.P1	S28.P1	1-1	high	TRUE
cleaning	tr	S27.P2	S28.P2	1-1	high	TRUE
cleaning	tr	S28.P1	S29.P1	1-1	high	TRUE
cleaning	tr	S29.P1	S30.P1	1-1	high	TRUE
cleaning	tr	S29.P2	S30.P2	1-1	high	TRUE
cleaning	tr	S29.P3	S30.P3	1-1	high	TRUE
cleaning	tr	S29.P4	S30.P4	1-1	high	TRUE
cleaning	tr	S29.P5	S30.P5	1-1	high	TRUE
cleaning	tr	S30.P1	S31.P1	1-1	high	TRUE
cleaning	tr	S31.P1	S32.P1	1-1	high	TRUE
cleaning	tr	S31.P2	S32.P2	1-1	high	TRUE
cleaning	tr	S31.P3	S32.P3	1-1	high	TRUE
cleaning	tr	S32.P1	S33.P1	1-1	high	TRUE
cleaning	tr	S32.P2	S33.P2	1-1	high	TRUE
cleaning	tr	S32.P3	S33.P3	1-1	high	TRUE
cleaning	tr	S32.P4	S33.P4	1-1	high	TRUE
cleaning	tr	S33.P1	S34.P1	1-1	high	TRUE
cleaning	tr	S34.P1	S35.P1	1-1	high	TRUE
cleaning	tr	S35.P1	S36.P1	1-1	high	TRUE
cleaning	tr	S36.P1	S37.P1	1-1	high	TRUE
cleaning	tr	S36.P2	S37.P2	1-1	high	TRUE
cleaning	tr	S36.P3	S37.P3	1-1	high	TRUE
cleaning	tr	S36.P4	S37.P4	1-1	high	TRUE
cleaning	tr	S36.P5	S37.P5	1-1	high	TRUE
cleaning	tr	S37.P1	S38.P1	1-1	high	TRUE
cleaning	tr	S38.P1	S39.P1	1-1	high	TRUE
cleaning	tr	S39.P1	S40.P1	1-1	high	TRUE
cleaning	tr	S39.P2	S40.P2	1-1	high	TRUE
cleaning	tr	S40.P1	S41.P1	1-1	high	TRUE
cleaning	tr	S40.P2	S41.P2	1-1	high	TRUE
cleaning	tr	S40.P3	S41.P3	1-1	high	TRUE
cleaning	tr	S40.P4	S41.P4	1-1	high	TRUE
cleaning	tr	S41.P1	S42.P1	1-1	high	TRUE
cleaning	tr	S41.P2	S42.P2	1-1	high	TRUE
cleaning	tr	S41.P3	S42.P3	1-1	high	TRUE
cleaning	tr	S42.P1	S43.P1	1-1	high	TRUE
cleaning	tr	S42.P2	S43.P2	1-1	high	TRUE
cleaning	tr	S42.P3	S43.P3	1-1	high	TRUE
cleaning	tr	S42.P4	S43.P4	1-1	high	TRUE
cleaning	tr	S43.P1	S44.P1	1-1	high	TRUE
cleaning	tr	S43.P2	S44.P2	1-1	high	TRUE
cleaning	tr	S43.P3	S44.P3	1-1	high	TRUE
cleaning	tr	S43.P4	S44.P4	1-1	high	TRUE
cleaning	tr	S43.P5	S44.P5	1-1	high	TRUE
cleaning	tr	S44.P1	S45.P1	1-1	high	TRUE
cleaning	tr	S44.P2	S45.P2	1-1	high	TRUE
cleaning	tr	S45.P1	S46.P1	1-1	high	TRUE
cleaning	tr	S46.P1	S47.P1	1-1	high	TRUE
cleaning	tr	S46.P2	S47.P2	1-1	high	TRUE
cleaning	tr	S46.P3	S47.P3	1-1	high	TRUE
cleaning	tr	S47.P1	S48.P1	1-1	high	TRUE
cleaning	tr	S47.P2	S48.P2	1-1	high	TRUE
cleaning	tr	S47.P3	S48.P3	1-1	high	TRUE
cleaning	tr	S47.P4	S48.P4	1-1	high	TRUE
cleaning	tr	S47.P5	S48.P5	1-1	high	TRUE
cleaning	tr	S48.P1	S49.P1	1-1	high	TRUE
cleaning	tr	S48.P2	S49.P2	1-1	high	TRUE
cleaning	tr	S48.P3	S49.P3	1-1	high	TRUE
cleaning	tr	S48.P4	S49.P4	1-1	high	TRUE
cleaning	tr	S48.P5	S49.P5	1-1	high	TRUE
cleaning	tr	S49.P1	S50.P1	1-1	high	TRUE
cleaning	tr	S49.P2	S50.P2	1-1	high	TRUE
cleaning	tr	S50.P1	S51.P1	1-1	high	TRUE
cleaning	tr	S50.P2	S51.P2	1-1	high	TRUE
cleaning	tr	S51.P1	S52.P1	1-1	high	TRUE
cleaning	tr	S52.P1	S53.P1	1-1	high	TRUE
cleaning	tr	S52.P2	S53.P2	1-1	high	TRUE
cleaning	tr	S53.P1	S54.P1	1-1	high	TRUE
cleaning	tr	S54.P1	S55.P1	1-1	high	TRUE
cleaning	tr	S54.P2	S55.P2	1-1	high	TRUE
cleaning	tr	S55.P1	S56.P1	1-1	high	TRUE
cleaning	tr	S56.P1	S57.P1	1-1	high	TRUE
cleaning	tr	S57.P1	S58.P1	1-1	high	TRUE
cleaning	tr	S57.P2	S58.P2	1-1	high	TRUE
cleaning	tr	S58.P1	S59.P1	1-1	high	TRUE
cleaning	tr	S58.P2	S59.P2	1-1	high	TRUE
cleaning	tr	S59.P1	S60.P1	1-1	high	TRUE
cleaning	tr	S59.P2	S60.P2	1-1	high	TRUE
cleaning	tr	S60.P1	S61.P1	1-1	high	TRUE
cleaning	tr	S61.P1	S62.P1	1-1	high	TRUE
cleaning	tr	S62.P1	S63.P1	1-1	high	TRUE
cleaning	tr	S63.P1	S64.P1	1-1	high	TRUE
cleaning	tr	S63.P2	S64.P2	1-1	high	TRUE
cleaning	tr	S63.P3	S64.P3	1-1	high	TRUE
cleaning	tr	S63.P4	S64.P4	1-1	high	TRUE
cleaning	tr	S64.P1	S65.P1	1-1	high	TRUE
cleaning	tr	S64.P2	S65.P2	1-1	high	TRUE
cleaning	tr	S65.P1	S66.P1	1-1	high	TRUE
cleaning	tr	S65.P2	S66.P2	1-1	high	TRUE
cleaning	tr	S65.P3	S66.P3	1-1	high	TRUE
cleaning	tr	S66.P1	S67.P1	1-1	high	TRUE
cleaning	tr	S66.P2	S67.P2	1-1	high	TRUE
cleaning	tr	S67.P1	S68.P1	1-1	high	TRUE
cleaning	tr	S67.P2	S68.P2	1-1	high	TRUE
cleaning	tr	S67.P3	S68.P3	1-1	high	TRUE
cleaning	tr	S68.P1	S69.P1	1-1	high	TRUE
cleaning	tr	NA	S10.P1	unmatched-tr	high	TRUE
cleaning	vn	S1.P1	S1.P1	1-1	high	TRUE
cleaning	vn	S2.P1	S2.P1	1-1	high	TRUE
cleaning	vn	S3.P1	S3.P1	1-1	high	TRUE
cleaning	vn	S4.P1	S4.P1	1-1	high	TRUE
cleaning	vn	S5.P1	S5.P1	1-1	high	TRUE
cleaning	vn	S7.P1	S7.P1	1-1	high	TRUE
cleaning	vn	S7.P2	S7.P2	1-1	high	TRUE
cleaning	vn	S8.P1	S8.P1	1-1	high	TRUE
cleaning	vn	S9.P1	S9.P1	1-1	high	TRUE
cleaning	vn	S9.P2	S9.P2	1-1	high	TRUE
cleaning	vn	S10.P1	S10.P1	1-1	high	TRUE
cleaning	vn	S10.P2	S10.P2	1-1	high	TRUE
cleaning	vn	S11.P1	S11.P1	1-1	high	TRUE
cleaning	vn	S11.P2	S11.P2	1-1	high	TRUE
cleaning	vn	S12.P1	S12.P1	1-1	high	TRUE
cleaning	vn	S13.P1	S13.P1	1-1	high	TRUE
cleaning	vn	S15.P1	S15.P1	1-1	high	TRUE
cleaning	vn	S16.P1	S16.P1	1-1	high	TRUE
cleaning	vn	S16.P2	S16.P2	1-1	high	TRUE
cleaning	vn	S17.P1	S17.P1	1-1	high	TRUE
cleaning	vn	S18.P1	S18.P1	1-1	high	TRUE
cleaning	vn	S19.P1	S19.P1	1-1	high	TRUE
cleaning	vn	S19.P2	S19.P2	1-1	high	TRUE
cleaning	vn	S19.P3	S19.P3	1-1	high	TRUE
cleaning	vn	S19.P4	S19.P4	1-1	high	TRUE
cleaning	vn	S19.P5	S19.P5	1-1	high	TRUE
cleaning	vn	S20.P1	S20.P1	1-1	high	TRUE
cleaning	vn	S20.P2	S20.P2	1-1	high	TRUE
cleaning	vn	S21.P1	S21.P1	1-1	high	TRUE
cleaning	vn	S22.P1	S22.P1	1-1	high	TRUE
cleaning	vn	S23.P1	S23.P1	1-1	high	TRUE
cleaning	vn	S23.P2	S23.P2	1-1	high	TRUE
cleaning	vn	S24.P1	S24.P1	1-1	high	TRUE
cleaning	vn	S25.P1	S25.P1	1-1	high	TRUE
cleaning	vn	S25.P2	S25.P2	1-1	high	TRUE
cleaning	vn	S25.P3	S25.P3	1-1	high	TRUE
cleaning	vn	S25.P4	S25.P4	1-1	high	TRUE
cleaning	vn	S25.P5	S25.P5	1-1	high	TRUE
cleaning	vn	S26.P1	S26.P1	1-1	high	TRUE
cleaning	vn	S26.P2	S26.P2	1-1	high	TRUE
cleaning	vn	S26.P3	S26.P3	1-1	high	TRUE
cleaning	vn	S26.P4	S26.P4	1-1	high	TRUE
cleaning	vn	S27.P1	S27.P1	1-1	high	TRUE
cleaning	vn	S27.P2	S27.P2	1-1	high	TRUE
cleaning	vn	S28.P1	S28.P1	1-1	high	TRUE
cleaning	vn	S29.P1	S29.P1	1-1	high	TRUE
cleaning	vn	S29.P2	S29.P2	1-1	high	TRUE
cleaning	vn	S29.P3	S29.P3	1-1	high	TRUE
cleaning	vn	S29.P4	S29.P4	1-1	high	TRUE
cleaning	vn	S29.P5	S29.P5	1-1	high	TRUE
cleaning	vn	S30.P1	S30.P1	1-1	high	TRUE
cleaning	vn	S31.P1	S31.P1	1-1	high	TRUE
cleaning	vn	S31.P2	S31.P2	1-1	high	TRUE
cleaning	vn	S31.P3	S31.P3	1-1	high	TRUE
cleaning	vn	S32.P1	S32.P1	1-1	high	TRUE
cleaning	vn	S32.P2	S32.P2	1-1	high	TRUE
cleaning	vn	S32.P3	S32.P3	1-1	high	TRUE
cleaning	vn	S32.P4	S32.P4	1-1	high	TRUE
cleaning	vn	S33.P1	S33.P1	1-1	high	TRUE
cleaning	vn	S34.P1	S34.P1	1-1	high	TRUE
cleaning	vn	S35.P1	S35.P1	1-1	high	TRUE
cleaning	vn	S36.P1	S36.P1	1-1	high	TRUE
cleaning	vn	S36.P2	S36.P2	1-1	high	TRUE
cleaning	vn	S36.P3	S36.P3	1-1	high	TRUE
cleaning	vn	S36.P4	S36.P4	1-1	high	TRUE
cleaning	vn	S36.P5	S36.P5	1-1	high	TRUE
cleaning	vn	S37.P1	S37.P1	1-1	high	TRUE
cleaning	vn	S39.P1	S39.P1	1-1	high	TRUE
cleaning	vn	S39.P2	S39.P2	1-1	high	TRUE
cleaning	vn	S40.P1	S40.P1	1-1	high	TRUE
cleaning	vn	S40.P2	S40.P2	1-1	high	TRUE
cleaning	vn	S40.P3	S40.P3	1-1	high	TRUE
cleaning	vn	S40.P4	S40.P4	1-1	high	TRUE
cleaning	vn	S41.P1	S41.P1	1-1	high	TRUE
cleaning	vn	S41.P2	S41.P2	1-1	high	TRUE
cleaning	vn	S41.P3	S41.P3	1-1	high	TRUE
cleaning	vn	S42.P1	S42.P1	1-1	high	TRUE
cleaning	vn	S42.P2	S42.P2	1-1	high	TRUE
cleaning	vn	S42.P3	S42.P3	1-1	high	TRUE
cleaning	vn	S42.P4	S42.P4	1-1	high	TRUE
cleaning	vn	S43.P1	S43.P1	1-1	high	TRUE
cleaning	vn	S43.P2	S43.P2	1-1	high	TRUE
cleaning	vn	S43.P3	S43.P3	1-1	high	TRUE
cleaning	vn	S43.P4	S43.P4	1-1	high	TRUE
cleaning	vn	S43.P5	S43.P5	1-1	high	TRUE
cleaning	vn	S44.P1	S44.P1	1-1	high	TRUE
cleaning	vn	S45.P1	S45.P1	1-1	high	TRUE
cleaning	vn	S46.P1	S46.P1	1-1	high	TRUE
cleaning	vn	S46.P2	S46.P2	1-1	high	TRUE
cleaning	vn	S46.P3	S46.P3	1-1	high	TRUE
cleaning	vn	S47.P1	S47.P1	1-1	high	TRUE
cleaning	vn	S47.P2	S47.P2	1-1	high	TRUE
cleaning	vn	S47.P3	S47.P3	1-1	high	TRUE
cleaning	vn	S47.P4	S47.P4	1-1	high	TRUE
cleaning	vn	S47.P5	S47.P5	1-1	high	TRUE
cleaning	vn	S48.P1	S48.P1	1-1	high	TRUE
cleaning	vn	S48.P2	S48.P2	1-1	high	TRUE
cleaning	vn	S48.P3	S48.P3	1-1	high	TRUE
cleaning	vn	S48.P4	S48.P4	1-1	high	TRUE
cleaning	vn	S48.P5	S48.P5	1-1	high	TRUE
cleaning	vn	S49.P1	S49.P1	1-1	high	TRUE
cleaning	vn	S49.P2	S49.P2	1-1	high	TRUE
cleaning	vn	S50.P1	S50.P1	1-1	high	TRUE
cleaning	vn	S51.P1	S51.P1	1-1	high	TRUE
cleaning	vn	S52.P1	S52.P1	1-1	high	TRUE
cleaning	vn	S54.P1	S54.P1	1-1	high	TRUE
cleaning	vn	S54.P2	S54.P2	1-1	high	TRUE
cleaning	vn	S55.P1	S55.P1	1-1	high	TRUE
cleaning	vn	S56.P1	S56.P1	1-1	high	TRUE
cleaning	vn	S57.P1	S57.P1	1-1	high	TRUE
cleaning	vn	S57.P2	S57.P2	1-1	high	TRUE
cleaning	vn	S58.P1	S58.P1	1-1	high	TRUE
cleaning	vn	S58.P2	S58.P2	1-1	high	TRUE
cleaning	vn	S59.P1	S59.P1	1-1	high	TRUE
cleaning	vn	S59.P2	S59.P2	1-1	high	TRUE
cleaning	vn	S60.P1	S60.P1	1-1	high	TRUE
cleaning	vn	S61.P1	S61.P1	1-1	high	TRUE
cleaning	vn	S62.P1	S62.P1	1-1	high	TRUE
cleaning	vn	S63.P1	S63.P1	1-1	high	TRUE
cleaning	vn	S63.P2	S63.P2	1-1	high	TRUE
cleaning	vn	S63.P3	S63.P3	1-1	high	TRUE
cleaning	vn	S63.P4	S63.P4	1-1	high	TRUE
cleaning	vn	S64.P1	S64.P1	1-1	high	TRUE
cleaning	vn	S64.P2	S64.P2	1-1	high	TRUE
cleaning	vn	S65.P1	S65.P1	1-1	high	TRUE
cleaning	vn	S65.P2	S65.P2	1-1	high	TRUE
cleaning	vn	S65.P3	S65.P3	1-1	high	TRUE
cleaning	vn	S67.P1	S67.P1	1-1	high	TRUE
cleaning	vn	S67.P2	S67.P2	1-1	high	TRUE
cleaning	vn	S67.P3	S67.P3	1-1	high	TRUE
cleaning	vn	S68.P1	S68.P1	1-1	high	TRUE
collaboration	es	S1.P1	S1.P1	1-1	high	TRUE
collaboration	es	S2.P1	S2.P1	1-1	high	TRUE
collaboration	es	S3.P1	S3.P1	1-1	high	TRUE
collaboration	es	S4.P1	S4.P1	1-1	high	TRUE
collaboration	es	S5.P1	S5.P1	1-1	high	TRUE
collaboration	es	S6.P1	S6.P1	1-1	high	TRUE
collaboration	es	S7.P1	S7.P1	1-1	high	TRUE
collaboration	es	S8.P1	S8.P1	1-1	high	TRUE
collaboration	es	S9.P1	S9.P1	1-1	high	TRUE
collaboration	es	S10.P1	S10.P1	1-1	high	TRUE
collaboration	es	S11.P1	S11.P1	1-1	high	TRUE
collaboration	es	S12.P1	S12.P1	1-1	high	TRUE
collaboration	es	S13.P1	S13.P1	1-1	high	TRUE
collaboration	es	S14.P1	S14.P1	1-1	high	TRUE
collaboration	es	S15.P1	S15.P1	1-1	high	TRUE
collaboration	es	S16.P1	S16.P1	1-1	high	TRUE
collaboration	es	S16.P2	S16.P2	1-1	high	TRUE
collaboration	es	S17.P1	S17.P1	1-1	high	TRUE
collaboration	es	S17.P2	S17.P2	1-1	high	TRUE
collaboration	es	S18.P1	S18.P1	1-1	high	TRUE
collaboration	es	S19.P1	S19.P1	1-1	high	TRUE
collaboration	es	S19.P2	S19.P2	1-1	high	TRUE
collaboration	es	S20.P1	S20.P1	1-1	high	TRUE
collaboration	es	S21.P1	S21.P1	1-1	high	TRUE
collaboration	es	S22.P1	S22.P1	1-1	high	TRUE
collaboration	es	S22.P2	S22.P2	1-1	high	TRUE
collaboration	es	S23.P1	S23.P1	1-1	high	TRUE
collaboration	es	S23.P2	S23.P2	1-1	high	TRUE
collaboration	es	S24.P1	S24.P1	1-1	high	TRUE
collaboration	es	S25.P1	S25.P1	1-1	high	TRUE
collaboration	es	S25.P2	S25.P2	1-1	high	TRUE
collaboration	es	S25.P3	S25.P3	1-1	high	TRUE
collaboration	es	S26.P1	S26.P1	1-1	high	TRUE
collaboration	es	S27.P1	S27.P1	1-1	high	TRUE
collaboration	es	S27.P2	S27.P2	1-1	high	TRUE
collaboration	es	S28.P1	S28.P1	1-1	high	TRUE
collaboration	es	S28.P2	S28.P2	1-1	high	TRUE
collaboration	es	S29.P1	S29.P1	1-1	high	TRUE
collaboration	es	S29.P2	S29.P2	1-1	high	TRUE
collaboration	es	S30.P1	S30.P1	1-1	high	TRUE
collaboration	es	S31.P1	S31.P1	1-1	high	TRUE
collaboration	es	S31.P2	S31.P2	1-1	high	TRUE
collaboration	es	S31.P3	S31.P3	1-1	high	TRUE
collaboration	es	S31.P4	S31.P4	1-1	high	TRUE
collaboration	es	S32.P1	S32.P1	1-1	high	TRUE
collaboration	es	S32.P2	S32.P2	1-1	high	TRUE
collaboration	es	S33.P1	S33.P1	1-1	high	TRUE
collaboration	es	S33.P2	S33.P2	1-1	high	TRUE
collaboration	es	S34.P1	S34.P1	1-1	high	TRUE
collaboration	es	S34.P2	S34.P2	1-1	high	TRUE
collaboration	es	S35.P1	S35.P1	1-1	high	TRUE
collaboration	es	S36.P1	S36.P1	1-1	high	TRUE
collaboration	es	S37.P1	S37.P1	1-1	high	TRUE
collaboration	es	S37.P2	S37.P2	1-1	high	TRUE
collaboration	es	S37.P3	S37.P3	1-1	high	TRUE
collaboration	es	S37.P4	S37.P4	1-1	high	TRUE
collaboration	es	S37.P5	S37.P5	1-1	high	TRUE
collaboration	es	S38.P1	S38.P1	1-1	high	TRUE
collaboration	es	S38.P2	S38.P2	1-1	high	TRUE
collaboration	es	S39.P1	S39.P1	1-1	high	TRUE
collaboration	es	S39.P2	S39.P2	1-1	high	TRUE
collaboration	es	S40.P1	S40.P1	1-1	high	TRUE
collaboration	es	S41.P1	S41.P1	1-1	high	TRUE
collaboration	es	S41.P2	S41.P2	1-1	high	TRUE
collaboration	es	S42.P1	S42.P1	1-1	high	TRUE
collaboration	es	S42.P2	S42.P2	1-1	high	TRUE
collaboration	es	S43.P1	S43.P1	1-1	high	TRUE
collaboration	es	S43.P2	S43.P2	1-1	high	TRUE
collaboration	es	S43.P3	S43.P3	1-1	high	TRUE
collaboration	es	S44.P1	S44.P1	1-1	high	TRUE
collaboration	es	S44.P2	S44.P2	1-1	high	TRUE
collaboration	es	S44.P3	S44.P3	1-1	high	TRUE
collaboration	es	S45.P1	S45.P1	1-1	high	TRUE
collaboration	es	S46.P1	S46.P1	1-1	high	TRUE
collaboration	es	S47.P1	S47.P1	1-1	high	TRUE
collaboration	es	S48.P1	S48.P1	1-1	high	TRUE
collaboration	es	S48.P2	S48.P2	1-1	high	TRUE
collaboration	es	S48.P3	S48.P3	1-1	high	TRUE
collaboration	es	S48.P4	S48.P4	1-1	high	TRUE
collaboration	es	S48.P5	S48.P5	1-1	high	TRUE
collaboration	es	S48.P6	S48.P6	1-1	high	TRUE
collaboration	es	S48.P7	S48.P7	1-1	high	TRUE
collaboration	es	S48.P8	S48.P8	1-1	high	TRUE
collaboration	es	S49.P1	S49.P1	1-1	high	TRUE
collaboration	es	S50.P1	S50.P1	1-1	high	TRUE
collaboration	es	S51.P1	S51.P1	1-1	high	TRUE
collaboration	es	S52.P1	S52.P1	1-1	high	TRUE
collaboration	es	S52.P2	S52.P2	1-1	high	TRUE
collaboration	es	S53.P1	S53.P1	1-1	high	TRUE
collaboration	es	S54.P1	S54.P1	1-1	high	TRUE
collaboration	fr	S1.P1	S1.P1	1-1	high	TRUE
collaboration	fr	S2.P1	S2.P1	1-1	high	TRUE
collaboration	fr	S3.P1	S3.P1	1-1	high	TRUE
collaboration	fr	S4.P1	S4.P1	1-1	high	TRUE
collaboration	fr	S5.P1	S5.P1	1-1	high	TRUE
collaboration	fr	S6.P1	S6.P1	1-1	high	TRUE
collaboration	fr	S7.P1	S7.P1	1-1	high	TRUE
collaboration	fr	S8.P1	S8.P1	1-1	high	TRUE
collaboration	fr	S9.P1	S9.P1	1-1	high	TRUE
collaboration	fr	S10.P1	S10.P1	1-1	high	TRUE
collaboration	fr	S11.P1	S11.P1	1-1	high	TRUE
collaboration	fr	S12.P1	S12.P1	1-1	high	TRUE
collaboration	fr	S13.P1	S13.P1	1-1	high	TRUE
collaboration	fr	S14.P1	S14.P1	1-1	high	TRUE
collaboration	fr	S15.P1	S15.P1	1-1	high	TRUE
collaboration	fr	S16.P1	S16.P1	1-1	high	TRUE
collaboration	fr	S16.P2	S16.P2	1-1	high	TRUE
collaboration	fr	S17.P1	S17.P1	1-1	high	TRUE
collaboration	fr	S17.P2	S17.P2	1-1	high	TRUE
collaboration	fr	S18.P1	S18.P1	1-1	high	TRUE
collaboration	fr	S19.P1	S19.P1	1-1	high	TRUE
collaboration	fr	S20.P1	S20.P1	1-1	high	TRUE
collaboration	fr	S21.P1	S21.P1	1-1	high	TRUE
collaboration	fr	S22.P1	S22.P1	1-1	high	TRUE
collaboration	fr	S22.P2	S22.P2	1-1	high	TRUE
collaboration	fr	S23.P1	S23.P1	1-1	high	TRUE
collaboration	fr	S24.P1	S24.P1	1-1	high	TRUE
collaboration	fr	S25.P1	S25.P1	1-1	high	TRUE
collaboration	fr	S25.P2	S25.P2	1-1	high	TRUE
collaboration	fr	S25.P3	S25.P3	1-1	high	TRUE
collaboration	fr	S26.P1	S26.P1	1-1	high	TRUE
collaboration	fr	S27.P1	S27.P1	1-1	high	TRUE
collaboration	fr	S28.P1	S28.P1	1-1	high	TRUE
collaboration	fr	S29.P1	S29.P1	1-1	high	TRUE
collaboration	fr	S29.P2	S29.P2	1-1	high	TRUE
collaboration	fr	S30.P1	S30.P1	1-1	high	TRUE
collaboration	fr	S31.P1	S31.P1	1-1	high	TRUE
collaboration	fr	S31.P2	S31.P2	1-1	high	TRUE
collaboration	fr	S31.P3	S31.P3	1-1	high	TRUE
collaboration	fr	S32.P1	S32.P1	1-1	high	TRUE
collaboration	fr	S33.P1	S33.P1	1-1	high	TRUE
collaboration	fr	S34.P1	S34.P1	1-1	high	TRUE
collaboration	fr	S34.P2	S34.P2	1-1	high	TRUE
collaboration	fr	S35.P1	S35.P1	1-1	high	TRUE
collaboration	fr	S36.P1	S36.P1	1-1	high	TRUE
collaboration	fr	S37.P1	S37.P1	1-1	high	TRUE
collaboration	fr	S37.P2	S37.P2	1-1	high	TRUE
collaboration	fr	S37.P3	S37.P3	1-1	high	TRUE
collaboration	fr	S37.P4	S37.P4	1-1	high	TRUE
collaboration	fr	S38.P1	S38.P1	1-1	high	TRUE
collaboration	fr	S39.P1	S39.P1	1-1	high	TRUE
collaboration	fr	S40.P1	S40.P1	1-1	high	TRUE
collaboration	fr	S41.P1	S41.P1	1-1	high	TRUE
collaboration	fr	S42.P1	S42.P1	1-1	high	TRUE
collaboration	fr	S42.P2	S42.P2	1-1	high	TRUE
collaboration	fr	S43.P1	S43.P1	1-1	high	TRUE
collaboration	fr	S43.P2	S43.P2	1-1	high	TRUE
collaboration	fr	S44.P1	S44.P1	1-1	high	TRUE
collaboration	fr	S44.P2	S44.P2	1-1	high	TRUE
collaboration	fr	S44.P3	S44.P3	1-1	high	TRUE
collaboration	fr	S45.P1	S45.P1	1-1	high	TRUE
collaboration	fr	S46.P1	S46.P1	1-1	high	TRUE
collaboration	fr	S47.P1	S47.P1	1-1	high	TRUE
collaboration	fr	S48.P1	S48.P1	1-1	high	TRUE
collaboration	fr	S48.P2	S48.P2	1-1	high	TRUE
collaboration	fr	S48.P3	S48.P3	1-1	high	TRUE
collaboration	fr	S48.P4	S48.P4	1-1	high	TRUE
collaboration	fr	S48.P5	S48.P5	1-1	high	TRUE
collaboration	fr	S48.P6	S48.P6	1-1	high	TRUE
collaboration	fr	S49.P1	S49.P1	1-1	high	TRUE
collaboration	fr	S50.P1	S50.P1	1-1	high	TRUE
collaboration	fr	S51.P1	S51.P1	1-1	high	TRUE
collaboration	fr	S52.P1	S52.P1	1-1	high	TRUE
collaboration	fr	S52.P2	S52.P2	1-1	high	TRUE
collaboration	fr	S53.P1	S53.P1	1-1	high	TRUE
collaboration	fr	S54.P1	S54.P1	1-1	high	TRUE
collaboration	jp	S1.P1	S1.P1	1-1	high	TRUE
collaboration	jp	S2.P1	S2.P1	1-1	high	TRUE
collaboration	jp	S3.P1	S3.P1	1-1	high	TRUE
collaboration	jp	S4.P1	S4.P1	1-1	high	TRUE
collaboration	jp	S6.P1	S6.P1	1-1	high	TRUE
collaboration	jp	S7.P1	S7.P1	1-1	high	TRUE
collaboration	jp	S8.P1	S8.P1	1-1	high	TRUE
collaboration	jp	S9.P1	S9.P1	1-1	high	TRUE
collaboration	jp	S10.P1	S10.P1	1-1	high	TRUE
collaboration	jp	S11.P1	S11.P1	1-1	high	TRUE
collaboration	jp	S12.P1	S12.P1	1-1	high	TRUE
collaboration	jp	S13.P1	S13.P1	1-1	high	TRUE
collaboration	jp	S14.P1	S14.P1	1-1	high	TRUE
collaboration	jp	S15.P1	S15.P1	1-1	high	TRUE
collaboration	jp	S16.P1	S16.P1	1-1	high	TRUE
collaboration	jp	S16.P2	S16.P2	1-1	high	TRUE
collaboration	jp	S17.P1	S17.P1	1-1	high	TRUE
collaboration	jp	S17.P2	S17.P2	1-1	high	TRUE
collaboration	jp	S18.P1	S18.P1	1-1	high	TRUE
collaboration	jp	S19.P1	S19.P1	1-1	high	TRUE
collaboration	jp	S20.P1	S20.P1	1-1	high	TRUE
collaboration	jp	S22.P1	S22.P1	1-1	high	TRUE
collaboration	jp	S22.P2	S22.P2	1-1	high	TRUE
collaboration	jp	S23.P1	S23.P1	1-1	high	TRUE
collaboration	jp	S25.P1	S25.P1	1-1	high	TRUE
collaboration	jp	S25.P2	S25.P2	1-1	high	TRUE
collaboration	jp	S25.P3	S25.P3	1-1	high	TRUE
collaboration	jp	S26.P1	S26.P1	1-1	high	TRUE
collaboration	jp	S27.P1	S27.P1	1-1	high	TRUE
collaboration	jp	S28.P1	S28.P1	1-1	high	TRUE
collaboration	jp	S29.P1	S29.P1	1-1	high	TRUE
collaboration	jp	S29.P2	S29.P2	1-1	high	TRUE
collaboration	jp	S30.P1	S30.P1	1-1	high	TRUE
collaboration	jp	S31.P1	S31.P1	1-1	high	TRUE
collaboration	jp	S31.P2	S31.P2	1-1	high	TRUE
collaboration	jp	S31.P3	S31.P3	1-1	high	TRUE
collaboration	jp	S32.P1	S32.P1	1-1	high	TRUE
collaboration	jp	S33.P1	S33.P1	1-1	high	TRUE
collaboration	jp	S34.P1	S34.P1	1-1	high	TRUE
collaboration	jp	S34.P2	S34.P2	1-1	high	TRUE
collaboration	jp	S35.P1	S35.P1	1-1	high	TRUE
collaboration	jp	S36.P1	S36.P1	1-1	high	TRUE
collaboration	jp	S37.P1	S37.P1	1-1	high	TRUE
collaboration	jp	S37.P2	S37.P2	1-1	high	TRUE
collaboration	jp	S37.P3	S37.P3	1-1	high	TRUE
collaboration	jp	S37.P4	S37.P4	1-1	high	TRUE
collaboration	jp	S38.P1	S38.P1	1-1	high	TRUE
collaboration	jp	S39.P1	S39.P1	1-1	high	TRUE
collaboration	jp	S40.P1	S40.P1	1-1	high	TRUE
collaboration	jp	S41.P1	S41.P1	1-1	high	TRUE
collaboration	jp	S42.P1	S42.P1	1-1	high	TRUE
collaboration	jp	S42.P2	S42.P2	1-1	high	TRUE
collaboration	jp	S43.P1	S43.P1	1-1	high	TRUE
collaboration	jp	S43.P2	S43.P2	1-1	high	TRUE
collaboration	jp	S44.P1	S44.P1	1-1	high	TRUE
collaboration	jp	S44.P2	S44.P2	1-1	high	TRUE
collaboration	jp	S44.P3	S44.P3	1-1	high	TRUE
collaboration	jp	S45.P1	S45.P1	1-1	high	TRUE
collaboration	jp	S46.P1	S46.P1	1-1	high	TRUE
collaboration	jp	S47.P1	S47.P1	1-1	high	TRUE
collaboration	jp	S48.P1	S48.P1	1-1	high	TRUE
collaboration	jp	S48.P2	S48.P2	1-1	high	TRUE
collaboration	jp	S48.P3	S48.P3	1-1	high	TRUE
collaboration	jp	S48.P4	S48.P4	1-1	high	TRUE
collaboration	jp	S48.P5	S48.P5	1-1	high	TRUE
collaboration	jp	S48.P6	S48.P6	1-1	high	TRUE
collaboration	jp	S48.P7	S48.P7	1-1	high	TRUE
collaboration	jp	S49.P1	S49.P1	1-1	high	TRUE
collaboration	jp	S51.P1	S51.P1	1-1	high	TRUE
collaboration	jp	S52.P1	S52.P1	1-1	high	TRUE
collaboration	jp	S52.P2	S52.P2	1-1	high	TRUE
collaboration	jp	S53.P1	S53.P1	1-1	high	TRUE
collaboration	jp	S54.P1	S54.P1	1-1	high	TRUE
collaboration	pt	S0.P1	S0.P1	1-1	high	TRUE
collaboration	pt	S1.P1	S1.P1	1-1	high	TRUE
collaboration	pt	S2.P1	S2.P1	1-1	high	TRUE
collaboration	pt	S3.P1	S3.P1	1-1	high	TRUE
collaboration	pt	S4.P1	S4.P1	1-1	high	TRUE
collaboration	pt	S6.P1	S6.P1	1-1	high	TRUE
collaboration	pt	S7.P1	S7.P1	1-1	high	TRUE
collaboration	pt	S8.P1	S8.P1	1-1	high	TRUE
collaboration	pt	S9.P1	S9.P1	1-1	high	TRUE
collaboration	pt	S10.P1	S10.P1	1-1	high	TRUE
collaboration	pt	S11.P1	S11.P1	1-1	high	TRUE
collaboration	pt	S12.P1	S12.P1	1-1	high	TRUE
collaboration	pt	S13.P1	S13.P1	1-1	high	TRUE
collaboration	pt	S14.P1	S14.P1	1-1	high	TRUE
collaboration	pt	S15.P1	S15.P1	1-1	high	TRUE
collaboration	pt	S16.P1	S16.P1	1-1	high	TRUE
collaboration	pt	S16.P2	S16.P2	1-1	high	TRUE
collaboration	pt	S17.P1	S17.P1	1-1	high	TRUE
collaboration	pt	S17.P2	S17.P2	1-1	high	TRUE
collaboration	pt	S18.P1	S18.P1	1-1	high	TRUE
collaboration	pt	S19.P1	S19.P1	1-1	high	TRUE
collaboration	pt	S20.P1	S20.P1	1-1	high	TRUE
collaboration	pt	S22.P1	S22.P1	1-1	high	TRUE
collaboration	pt	S22.P2	S22.P2	1-1	high	TRUE
collaboration	pt	S23.P1	S23.P1	1-1	high	TRUE
collaboration	pt	S25.P1	S25.P1	1-1	high	TRUE
collaboration	pt	S25.P2	S25.P2	1-1	high	TRUE
collaboration	pt	S25.P3	S25.P3	1-1	high	TRUE
collaboration	pt	S26.P1	S26.P1	1-1	high	TRUE
collaboration	pt	S27.P1	S27.P1	1-1	high	TRUE
collaboration	pt	S28.P1	S28.P1	1-1	high	TRUE
collaboration	pt	S29.P1	S29.P1	1-1	high	TRUE
collaboration	pt	S29.P2	S29.P2	1-1	high	TRUE
collaboration	pt	S30.P1	S30.P1	1-1	high	TRUE
collaboration	pt	S31.P1	S31.P1	1-1	high	TRUE
collaboration	pt	S31.P2	S31.P2	1-1	high	TRUE
collaboration	pt	S31.P3	S31.P3	1-1	high	TRUE
collaboration	pt	S32.P1	S32.P1	1-1	high	TRUE
collaboration	pt	S33.P1	S33.P1	1-1	high	TRUE
collaboration	pt	S34.P1	S34.P1	1-1	high	TRUE
collaboration	pt	S34.P2	S34.P2	1-1	high	TRUE
collaboration	pt	S35.P1	S35.P1	1-1	high	TRUE
collaboration	pt	S36.P1	S36.P1	1-1	high	TRUE
collaboration	pt	S37.P1	S37.P1	1-1	high	TRUE
collaboration	pt	S37.P2	S37.P2	1-1	high	TRUE
collaboration	pt	S37.P3	S37.P3	1-1	high	TRUE
collaboration	pt	S37.P4	S37.P4	1-1	high	TRUE
collaboration	pt	S38.P1	S38.P1	1-1	high	TRUE
collaboration	pt	S39.P1	S39.P1	1-1	high	TRUE
collaboration	pt	S40.P1	S40.P1	1-1	high	TRUE
collaboration	pt	S41.P1	S41.P1	1-1	high	TRUE
collaboration	pt	S42.P1	S42.P1	1-1	high	TRUE
collaboration	pt	S42.P2	S42.P2	1-1	high	TRUE
collaboration	pt	S43.P1	S43.P1	1-1	high	TRUE
collaboration	pt	S43.P2	S43.P2	1-1	high	TRUE
collaboration	pt	S44.P1	S44.P1	1-1	high	TRUE
collaboration	pt	S44.P2	S44.P2	1-1	high	TRUE
collaboration	pt	S44.P3	S44.P3	1-1	high	TRUE
collaboration	pt	S45.P1	S45.P1	1-1	high	TRUE
collaboration	pt	S46.P1	S46.P1	1-1	high	TRUE
collaboration	pt	S47.P1	S47.P1	1-1	high	TRUE
collaboration	pt	S48.P1	S48.P1	1-1	high	TRUE
collaboration	pt	S48.P2	S48.P2	1-1	high	TRUE
collaboration	pt	S48.P3	S48.P3	1-1	high	TRUE
collaboration	pt	S48.P4	S48.P4	1-1	high	TRUE
collaboration	pt	S48.P5	S48.P5	1-1	high	TRUE
collaboration	pt	S48.P6	S48.P6	1-1	high	TRUE
collaboration	pt	S48.P7	S48.P7	1-1	high	TRUE
collaboration	pt	S49.P1	S49.P1	1-1	high	TRUE
collaboration	pt	S51.P1	S51.P1	1-1	high	TRUE
collaboration	pt	S52.P1	S52.P1	1-1	high	TRUE
collaboration	pt	S52.P2	S52.P2	1-1	high	TRUE
collaboration	pt	S53.P1	S53.P1	1-1	high	TRUE
collaboration	pt	S54.P1	S54.P1	1-1	high	TRUE
collaboration	ru	S1.P1	S1.P1	1-1	high	TRUE
collaboration	ru	S2.P1	S2.P1	1-1	high	TRUE
collaboration	ru	S3.P1	S3.P1	1-1	high	TRUE
collaboration	ru	S4.P1	S4.P1	1-1	high	TRUE
collaboration	ru	S5.P1	S5.P1	1-1	high	TRUE
collaboration	ru	S6.P1	S6.P1	1-1	high	TRUE
collaboration	ru	S7.P1	S7.P1	1-1	high	TRUE
collaboration	ru	S8.P1	S8.P1	1-1	high	TRUE
collaboration	ru	S9.P1	S9.P1	1-1	high	TRUE
collaboration	ru	S10.P1	S10.P1	1-1	high	TRUE
collaboration	ru	S11.P1	S11.P1	1-1	high	TRUE
collaboration	ru	S12.P1	S12.P1	1-1	high	TRUE
collaboration	ru	S13.P1	S13.P1	1-1	high	TRUE
collaboration	ru	S14.P1	S14.P1	1-1	high	TRUE
collaboration	ru	S15.P1	S15.P1	1-1	high	TRUE
collaboration	ru	S16.P1	S16.P1	1-1	high	TRUE
collaboration	ru	S16.P2	S16.P2	1-1	high	TRUE
collaboration	ru	S17.P1	S17.P1	1-1	high	TRUE
collaboration	ru	S17.P2	S17.P2	1-1	high	TRUE
collaboration	ru	S18.P1	S18.P1	1-1	high	TRUE
collaboration	ru	S19.P1	S19.P1	1-1	high	TRUE
collaboration	ru	S20.P1	S20.P1	1-1	high	TRUE
collaboration	ru	S21.P1	S21.P1	1-1	high	TRUE
collaboration	ru	S22.P1	S22.P1	1-1	high	TRUE
collaboration	ru	S22.P2	S22.P2	1-1	high	TRUE
collaboration	ru	S23.P1	S23.P1	1-1	high	TRUE
collaboration	ru	S24.P1	S24.P1	1-1	high	TRUE
collaboration	ru	S25.P1	S25.P1	1-1	high	TRUE
collaboration	ru	S25.P2	S25.P2	1-1	high	TRUE
collaboration	ru	S25.P3	S25.P3	1-1	high	TRUE
collaboration	ru	S26.P1	S26.P1	1-1	high	TRUE
collaboration	ru	S27.P1	S27.P1	1-1	high	TRUE
collaboration	ru	S28.P1	S28.P1	1-1	high	TRUE
collaboration	ru	S29.P1	S29.P1	1-1	high	TRUE
collaboration	ru	S29.P2	S29.P2	1-1	high	TRUE
collaboration	ru	S30.P1	S30.P1	1-1	high	TRUE
collaboration	ru	S31.P1	S31.P1	1-1	high	TRUE
collaboration	ru	S31.P2	S31.P2	1-1	high	TRUE
collaboration	ru	S31.P3	S31.P3	1-1	high	TRUE
collaboration	ru	S32.P1	S32.P1	1-1	high	TRUE
collaboration	ru	S33.P1	S33.P1	1-1	high	TRUE
collaboration	ru	S34.P1	S34.P1	1-1	high	TRUE
collaboration	ru	S34.P2	S34.P2	1-1	high	TRUE
collaboration	ru	S35.P1	S35.P1	1-1	high	TRUE
collaboration	ru	S36.P1	S36.P1	1-1	high	TRUE
collaboration	ru	S37.P1	S37.P1	1-1	high	TRUE
collaboration	ru	S37.P2	S37.P2	1-1	high	TRUE
collaboration	ru	S37.P3	S37.P3	1-1	high	TRUE
collaboration	ru	S37.P4	S37.P4	1-1	high	TRUE
collaboration	ru	S38.P1	S38.P1	1-1	high	TRUE
collaboration	ru	S39.P1	S39.P1	1-1	high	TRUE
collaboration	ru	S40.P1	S40.P1	1-1	high	TRUE
collaboration	ru	S41.P1	S41.P1	1-1	high	TRUE
collaboration	ru	S42.P1	S42.P1	1-1	high	TRUE
collaboration	ru	S42.P2	S42.P2	1-1	high	TRUE
collaboration	ru	S43.P1	S43.P1	1-1	high	TRUE
collaboration	ru	S43.P2	S43.P2	1-1	high	TRUE
collaboration	ru	S44.P1	S44.P1	1-1	high	TRUE
collaboration	ru	S44.P2	S44.P2	1-1	high	TRUE
collaboration	ru	S44.P3	S44.P3	1-1	high	TRUE
collaboration	ru	S45.P1	S45.P1	1-1	high	TRUE
collaboration	ru	S46.P1	S46.P1	1-1	high	TRUE
collaboration	ru	S47.P1	S47.P1	1-1	high	TRUE
collaboration	ru	S48.P1	S48.P1	1-1	high	TRUE
collaboration	ru	S48.P2	S48.P2	1-1	high	TRUE
collaboration	ru	S48.P3	S48.P3	1-1	high	TRUE
collaboration	ru	S48.P4	S48.P4	1-1	high	TRUE
collaboration	ru	S48.P5	S48.P5	1-1	high	TRUE
collaboration	ru	S48.P6	S48.P6	1-1	high	TRUE
collaboration	ru	S48.P7	S48.P7	1-1	high	TRUE
collaboration	ru	S49.P1	S49.P1	1-1	high	TRUE
collaboration	ru	S50.P1	S50.P1	1-1	high	TRUE
collaboration	ru	S51.P1	S51.P1	1-1	high	TRUE
collaboration	ru	S52.P1	S52.P1	1-1	high	TRUE
collaboration	ru	S52.P2	S52.P2	1-1	high	TRUE
collaboration	ru	S53.P1	S53.P1	1-1	high	TRUE
collaboration	ru	S54.P1	S54.P1	1-1	high	TRUE
collaboration	tr	S1.P1	S1.P1	1-1	high	TRUE
collaboration	tr	S2.P1	S2.P1	1-1	high	TRUE
collaboration	tr	S3.P1	S3.P1	1-1	high	TRUE
collaboration	tr	S4.P1	S4.P1	1-1	high	TRUE
collaboration	tr	S5.P1	S5.P1	1-1	high	TRUE
collaboration	tr	S6.P1	S6.P1	1-1	high	TRUE
collaboration	tr	S7.P1	S7.P1	1-1	high	TRUE
collaboration	tr	S8.P1	S8.P1	1-1	high	TRUE
collaboration	tr	S9.P1	S9.P1	1-1	high	TRUE
collaboration	tr	S10.P1	S10.P1	1-1	high	TRUE
collaboration	tr	S11.P1	S11.P1	1-1	high	TRUE
collaboration	tr	S12.P1	S12.P1	1-1	high	TRUE
collaboration	tr	S13.P1	S13.P1	1-1	high	TRUE
collaboration	tr	S14.P1	S14.P1	1-1	high	TRUE
collaboration	tr	S15.P1	S15.P1	1-1	high	TRUE
collaboration	tr	S16.P1	S16.P1	1-1	high	TRUE
collaboration	tr	S16.P2	S16.P2	1-1	high	TRUE
collaboration	tr	S17.P1	S17.P1	1-1	high	TRUE
collaboration	tr	S17.P2	S17.P2	1-1	high	TRUE
collaboration	tr	S18.P1	S18.P1	1-1	high	TRUE
collaboration	tr	S19.P1	S19.P1	1-1	high	TRUE
collaboration	tr	S20.P1	S20.P1	1-1	high	TRUE
collaboration	tr	S21.P1	S21.P1	1-1	high	TRUE
collaboration	tr	S22.P1	S22.P1	1-1	high	TRUE
collaboration	tr	S22.P2	S22.P2	1-1	high	TRUE
collaboration	tr	S23.P1	S23.P1	1-1	high	TRUE
collaboration	tr	S24.P1	S24.P1	1-1	high	TRUE
collaboration	tr	S25.P1	S25.P1	1-1	high	TRUE
collaboration	tr	S25.P2	S25.P2	1-1	high	TRUE
collaboration	tr	S25.P3	S25.P3	1-1	high	TRUE
collaboration	tr	S26.P1	S26.P1	1-1	high	TRUE
collaboration	tr	S27.P1	S27.P1	1-1	high	TRUE
collaboration	tr	S28.P1	S28.P1	1-1	high	TRUE
collaboration	tr	S29.P1	S29.P1	1-1	high	TRUE
collaboration	tr	S29.P2	S29.P2	1-1	high	TRUE
collaboration	tr	S30.P1	S30.P1	1-1	high	TRUE
collaboration	tr	S31.P1	S31.P1	1-1	high	TRUE
collaboration	tr	S31.P2	S31.P2	1-1	high	TRUE
collaboration	tr	S31.P3	S31.P3	1-1	high	TRUE
collaboration	tr	S32.P1	S32.P1	1-1	high	TRUE
collaboration	tr	S33.P1	S33.P1	1-1	high	TRUE
collaboration	tr	S34.P1	S34.P1	1-1	high	TRUE
collaboration	tr	S34.P2	S34.P2	1-1	high	TRUE
collaboration	tr	S35.P1	S35.P1	1-1	high	TRUE
collaboration	tr	S36.P1	S36.P1	1-1	high	TRUE
collaboration	tr	S37.P1	S37.P1	1-1	high	TRUE
collaboration	tr	S37.P2	S37.P2	1-1	high	TRUE
collaboration	tr	S37.P3	S37.P3	1-1	high	TRUE
collaboration	tr	S37.P4	S37.P4	1-1	high	TRUE
collaboration	tr	S38.P1	S38.P1	1-1	high	TRUE
collaboration	tr	S39.P1	S39.P1	1-1	high	TRUE
collaboration	tr	S40.P1	S40.P1	1-1	high	TRUE
collaboration	tr	S41.P1	S41.P1	1-1	high	TRUE
collaboration	tr	S42.P1	S42.P1	1-1	high	TRUE
collaboration	tr	S42.P2	S42.P2	1-1	high	TRUE
collaboration	tr	S43.P1	S43.P1	1-1	high	TRUE
collaboration	tr	S43.P2	S43.P2	1-1	high	TRUE
collaboration	tr	S44.P1	S44.P1	1-1	high	TRUE
collaboration	tr	S44.P2	S44.P2	1-1	high	TRUE
collaboration	tr	S44.P3	S44.P3	1-1	high	TRUE
collaboration	tr	S45.P1	S45.P1	1-1	high	TRUE
collaboration	tr	S46.P1	S46.P1	1-1	high	TRUE
collaboration	tr	S47.P1	S47.P1	1-1	high	TRUE
collaboration	tr	S48.P1	S48.P1	1-1	high	TRUE
collaboration	tr	S48.P2	S48.P2	1-1	high	TRUE
collaboration	tr	S48.P3	S48.P3	1-1	high	TRUE
collaboration	tr	S48.P4	S48.P4	1-1	high	TRUE
collaboration	tr	S48.P5	S48.P5	1-1	high	TRUE
collaboration	tr	S48.P6	S48.P6	1-1	high	TRUE
collaboration	tr	S48.P7	S48.P7	1-1	high	TRUE
collaboration	tr	S49.P1	S49.P1	1-1	high	TRUE
collaboration	tr	S50.P1	S50.P1	1-1	high	TRUE
collaboration	tr	S51.P1	S51.P1	1-1	high	TRUE
collaboration	tr	S52.P1	S52.P1	1-1	high	TRUE
collaboration	tr	S52.P2	S52.P2	1-1	high	TRUE
collaboration	tr	S53.P1	S53.P1	1-1	high	TRUE
collaboration	tr	S54.P1	S54.P1	1-1	high	TRUE
collaboration	vn	S1.P1	S1.P1	1-1	high	TRUE
collaboration	vn	S2.P1	S2.P1	1-1	high	TRUE
collaboration	vn	S3.P1	S3.P1	1-1	high	TRUE
collaboration	vn	S4.P1	S4.P1	1-1	high	TRUE
collaboration	vn	S6.P1	S6.P1	1-1	high	TRUE
collaboration	vn	S7.P1	S7.P1	1-1	high	TRUE
collaboration	vn	S8.P1	S8.P1	1-1	high	TRUE
collaboration	vn	S9.P1	S9.P1	1-1	high	TRUE
collaboration	vn	S10.P1	S10.P1	1-1	high	TRUE
collaboration	vn	S11.P1	S11.P1	1-1	high	TRUE
collaboration	vn	S12.P1	S12.P1	1-1	high	TRUE
collaboration	vn	S13.P1	S13.P1	1-1	high	TRUE
collaboration	vn	S14.P1	S14.P1	1-1	high	TRUE
collaboration	vn	S15.P1	S15.P1	1-1	high	TRUE
collaboration	vn	S16.P1	S16.P1	1-1	high	TRUE
collaboration	vn	S16.P2	S16.P2	1-1	high	TRUE
collaboration	vn	S17.P1	S17.P1	1-1	high	TRUE
collaboration	vn	S17.P2	S17.P2	1-1	high	TRUE
collaboration	vn	S18.P1	S18.P1	1-1	high	TRUE
collaboration	vn	S19.P1	S19.P1	1-1	high	TRUE
collaboration	vn	S20.P1	S20.P1	1-1	high	TRUE
collaboration	vn	S22.P1	S22.P1	1-1	high	TRUE
collaboration	vn	S22.P2	S22.P2	1-1	high	TRUE
collaboration	vn	S23.P1	S23.P1	1-1	high	TRUE
collaboration	vn	S25.P1	S25.P1	1-1	high	TRUE
collaboration	vn	S25.P2	S25.P2	1-1	high	TRUE
collaboration	vn	S25.P3	S25.P3	1-1	high	TRUE
collaboration	vn	S26.P1	S26.P1	1-1	high	TRUE
collaboration	vn	S27.P1	S27.P1	1-1	high	TRUE
collaboration	vn	S28.P1	S28.P1	1-1	high	TRUE
collaboration	vn	S29.P1	S29.P1	1-1	high	TRUE
collaboration	vn	S29.P2	S29.P2	1-1	high	TRUE
collaboration	vn	S30.P1	S30.P1	1-1	high	TRUE
collaboration	vn	S31.P1	S31.P1	1-1	high	TRUE
collaboration	vn	S31.P2	S31.P2	1-1	high	TRUE
collaboration	vn	S31.P3	S31.P3	1-1	high	TRUE
collaboration	vn	S32.P1	S32.P1	1-1	high	TRUE
collaboration	vn	S33.P1	S33.P1	1-1	high	TRUE
collaboration	vn	S34.P1	S34.P1	1-1	high	TRUE
collaboration	vn	S34.P2	S34.P2	1-1	high	TRUE
collaboration	vn	S35.P1	S35.P1	1-1	high	TRUE
collaboration	vn	S36.P1	S36.P1	1-1	high	TRUE
collaboration	vn	S37.P1	S37.P1	1-1	high	TRUE
collaboration	vn	S37.P2	S37.P2	1-1	high	TRUE
collaboration	vn	S37.P3	S37.P3	1-1	high	TRUE
collaboration	vn	S37.P4	S37.P4	1-1	high	TRUE
collaboration	vn	S38.P1	S38.P1	1-1	high	TRUE
collaboration	vn	S39.P1	S39.P1	1-1	high	TRUE
collaboration	vn	S41.P1	S41.P1	1-1	high	TRUE
collaboration	vn	S42.P1	S42.P1	1-1	high	TRUE
collaboration	vn	S42.P2	S42.P2	1-1	high	TRUE
collaboration	vn	S43.P1	S43.P1	1-1	high	TRUE
collaboration	vn	S43.P2	S43.P2	1-1	high	TRUE
collaboration	vn	S44.P1	S44.P1	1-1	high	TRUE
collaboration	vn	S44.P2	S44.P2	1-1	high	TRUE
collaboration	vn	S44.P3	S44.P3	1-1	high	TRUE
collaboration	vn	S45.P1	S45.P1	1-1	high	TRUE
collaboration	vn	S46.P1	S46.P1	1-1	high	TRUE
collaboration	vn	S47.P1	S47.P1	1-1	high	TRUE
collaboration	vn	S48.P1	S48.P1	1-1	high	TRUE
collaboration	vn	S48.P2	S48.P2	1-1	high	TRUE
collaboration	vn	S48.P3	S48.P3	1-1	high	TRUE
collaboration	vn	S48.P4	S48.P4	1-1	high	TRUE
collaboration	vn	S48.P5	S48.P5	1-1	high	TRUE
collaboration	vn	S48.P6	S48.P6	1-1	high	TRUE
collaboration	vn	S48.P7	S48.P7	1-1	high	TRUE
collaboration	vn	S49.P1	S49.P1	1-1	high	TRUE
collaboration	vn	S51.P1	S51.P1	1-1	high	TRUE
collaboration	vn	S52.P1	S52.P1	1-1	high	TRUE
collaboration	vn	S52.P2	S52.P2	1-1	high	TRUE
collaboration	vn	S53.P1	S53.P1	1-1	high	TRUE
collaboration	vn	S54.P1	S54.P1	1-1	high	TRUE
combination_analysis	es	S1.P1	S1.P1	1-1	high	TRUE
combination_analysis	es	S3.P1	S3.P1	1-1	high	TRUE
combination_analysis	es	S4.P1	S4.P1	1-1	high	TRUE
combination_analysis	es	S4.P2	S4.P2	1-1	high	TRUE
combination_analysis	es	S5.P1	S5.P1	1-1	high	TRUE
combination_analysis	es	S5.P2	S5.P2	1-1	high	TRUE
combination_analysis	es	S5.P3	S5.P3	1-1	high	TRUE
combination_analysis	es	S6.P1	S6.P1	1-1	high	TRUE
combination_analysis	es	S6.P2	S6.P2	1-1	high	TRUE
combination_analysis	es	S6.P3	S6.P3	1-1	high	TRUE
combination_analysis	es	S7.P1	S7.P1	1-1	high	TRUE
combination_analysis	es	S7.P2	S7.P2	1-1	high	TRUE
combination_analysis	es	S7.P3	S7.P3	1-1	high	TRUE
combination_analysis	es	S7.P4	S7.P4	1-1	high	TRUE
combination_analysis	es	S8.P1	S8.P1	1-1	high	TRUE
combination_analysis	fr	S1.P1	S1.P1	1-1	high	TRUE
combination_analysis	fr	S3.P1	S3.P1	1-1	high	TRUE
combination_analysis	fr	S4.P1	S4.P1	1-1	high	TRUE
combination_analysis	fr	S4.P2	S4.P2	1-1	high	TRUE
combination_analysis	fr	S5.P1	S5.P1	1-1	high	TRUE
combination_analysis	fr	S5.P2	S5.P2	1-1	high	TRUE
combination_analysis	fr	S5.P3	S5.P3	1-1	high	TRUE
combination_analysis	fr	S6.P1	S6.P1	1-1	high	TRUE
combination_analysis	fr	S6.P2	S6.P2	1-1	high	TRUE
combination_analysis	fr	S6.P3	S6.P3	1-1	high	TRUE
combination_analysis	fr	S7.P1	S7.P1	1-1	high	TRUE
combination_analysis	fr	S7.P2	S7.P2	1-1	high	TRUE
combination_analysis	fr	S7.P3	S7.P3	1-1	high	TRUE
combination_analysis	fr	S7.P4	S7.P4	1-1	high	TRUE
combination_analysis	fr	S8.P1	S8.P1	1-1	high	TRUE
combination_analysis	fr	S2.P0	S2.P0	1-1	high	TRUE
combination_analysis	jp	S1.P1	S1.P1	1-1	high	TRUE
combination_analysis	jp	S2.P1	S2.P1	1-1	high	TRUE
combination_analysis	jp	S3.P1	S3.P1	1-1	high	TRUE
combination_analysis	jp	S3.P2	S3.P2	1-1	high	TRUE
combination_analysis	jp	S4.P1	S4.P1	1-1	high	TRUE
combination_analysis	jp	S4.P2	S4.P2	1-1	high	TRUE
combination_analysis	jp	S4.P3	S4.P3	1-1	high	TRUE
combination_analysis	jp	S4.P4	S4.P4	1-1	high	TRUE
combination_analysis	jp	S5.P1	S5.P1	1-1	high	TRUE
combination_analysis	jp	S5.P2	S5.P2	1-1	high	TRUE
combination_analysis	jp	S5.P3	S5.P3	1-1	high	TRUE
combination_analysis	jp	S5.P4	S5.P4	1-1	high	TRUE
combination_analysis	jp	S6.P1	S6.P1	1-1	high	TRUE
combination_analysis	jp	S6.P2	S6.P2	1-1	high	TRUE
combination_analysis	jp	S6.P3	S6.P3	1-1	high	TRUE
combination_analysis	jp	S7.P1	S7.P1	1-1	high	TRUE
combination_analysis	jp	S7.P2	S7.P2	1-1	high	TRUE
combination_analysis	jp	S7.P3	S7.P3	1-1	high	TRUE
combination_analysis	jp	S7.P4	S7.P4	1-1	high	TRUE
combination_analysis	jp	S7.P5	S7.P5	1-1	high	TRUE
combination_analysis	jp	S8.P1	S8.P1	1-1	high	TRUE
combination_analysis	pt	S1.P1	S1.P1	1-1	high	TRUE
combination_analysis	pt	S1.P2	S1.P2	1-1	high	TRUE
combination_analysis	pt	S2.P1	S2.P1	1-1	high	TRUE
combination_analysis	pt	S3.P1	S3.P1	1-1	high	TRUE
combination_analysis	pt	S3.P2	S3.P2	1-1	high	TRUE
combination_analysis	pt	S4.P1	S4.P1	1-1	high	TRUE
combination_analysis	pt	S4.P2	S4.P2	1-1	high	TRUE
combination_analysis	pt	S4.P3	S4.P3	1-1	high	TRUE
combination_analysis	pt	S4.P4	S4.P4	1-1	high	TRUE
combination_analysis	pt	S5.P1	S5.P1	1-1	high	TRUE
combination_analysis	pt	S5.P2	S5.P2	1-1	high	TRUE
combination_analysis	pt	S5.P3	S5.P3	1-1	high	TRUE
combination_analysis	pt	S5.P4	S5.P4	1-1	high	TRUE
combination_analysis	pt	S6.P1	S6.P1	1-1	high	TRUE
combination_analysis	pt	S6.P2	S6.P2	1-1	high	TRUE
combination_analysis	pt	S6.P3	S6.P3	1-1	high	TRUE
combination_analysis	pt	S7.P1	S7.P1	1-1	high	TRUE
combination_analysis	pt	S7.P2	NA	unmatched-en	high	TRUE
combination_analysis	pt	S7.P3	S7.P2	1-1	high	TRUE
combination_analysis	pt	S7.P4	S7.P3	1-1	high	TRUE
combination_analysis	pt	S8.P1	S8.P1	1-1	high	TRUE
combination_analysis	ru	S1.P1	S1.P1	1-1	high	TRUE
combination_analysis	ru	S1.P2	S1.P2	1-1	high	TRUE
combination_analysis	ru	S2.P1	S2.P1	1-1	high	TRUE
combination_analysis	ru	S3.P1	S3.P1	1-1	high	TRUE
combination_analysis	ru	S3.P2	S3.P2	1-1	high	TRUE
combination_analysis	ru	S4.P1	S4.P1	1-1	high	TRUE
combination_analysis	ru	S4.P2	S4.P2	1-1	high	TRUE
combination_analysis	ru	S4.P3	S4.P3	1-1	high	TRUE
combination_analysis	ru	S4.P4	S4.P4	1-1	high	TRUE
combination_analysis	ru	S5.P1	S5.P1	1-1	high	TRUE
combination_analysis	ru	S5.P2	S5.P2	1-1	high	TRUE
combination_analysis	ru	S5.P3	S5.P3	1-1	high	TRUE
combination_analysis	ru	S5.P4	S5.P4	1-1	high	TRUE
combination_analysis	ru	S6.P1	S6.P1	1-1	high	TRUE
combination_analysis	ru	S6.P2	S6.P2	1-1	high	TRUE
combination_analysis	ru	S6.P3	S6.P3	1-1	high	TRUE
combination_analysis	ru	S7.P1	S7.P1	1-1	high	TRUE
combination_analysis	ru	S7.P2	S7.P2	1-1	high	TRUE
combination_analysis	ru	S7.P3	S7.P3	1-1	high	TRUE
combination_analysis	ru	S7.P4	S7.P4	1-1	high	TRUE
combination_analysis	ru	S7.P5	S7.P5	1-1	high	TRUE
combination_analysis	ru	S8.P1	S8.P1	1-1	high	TRUE
combination_analysis	tr	S1.P1	S1.P1	1-1	high	TRUE
combination_analysis	tr	S1.P2	S1.P2	1-1	high	TRUE
combination_analysis	tr	S2.P1	S2.P1	1-1	high	TRUE
combination_analysis	tr	S3.P1	S3.P1	1-1	high	TRUE
combination_analysis	tr	S3.P2	S3.P2	1-1	high	TRUE
combination_analysis	tr	S4.P1	S4.P1	1-1	high	TRUE
combination_analysis	tr	S4.P2	S4.P2	1-1	high	TRUE
combination_analysis	tr	S4.P3	S4.P3	1-1	high	TRUE
combination_analysis	tr	S4.P4	S4.P4	1-1	high	TRUE
combination_analysis	tr	S5.P1	S5.P1	1-1	high	TRUE
combination_analysis	tr	S5.P2	S5.P2	1-1	high	TRUE
combination_analysis	tr	S5.P3	S5.P3	1-1	high	TRUE
combination_analysis	tr	S5.P4	S5.P4	1-1	high	TRUE
combination_analysis	tr	S6.P1	S6.P1	1-1	high	TRUE
combination_analysis	tr	S6.P2	S6.P2	1-1	high	TRUE
combination_analysis	tr	S6.P3	S6.P3	1-1	high	TRUE
combination_analysis	tr	S7.P1	S7.P1	1-1	high	TRUE
combination_analysis	tr	S7.P2	S7.P2	1-1	high	TRUE
combination_analysis	tr	S7.P3	S7.P3	1-1	high	TRUE
combination_analysis	tr	S7.P4	S7.P4	1-1	high	TRUE
combination_analysis	tr	S7.P5	S7.P5	1-1	high	TRUE
combination_analysis	tr	S8.P1	S8.P1	1-1	high	TRUE
combination_analysis	vn	S1.P1	S1.P1	1-1	high	TRUE
combination_analysis	vn	S1.P2	S1.P2	1-1	high	TRUE
combination_analysis	vn	S2.P1	S2.P1	1-1	high	TRUE
combination_analysis	vn	S3.P1	S3.P1	1-1	high	TRUE
combination_analysis	vn	S3.P2	S3.P2	1-1	high	TRUE
combination_analysis	vn	S4.P1	S4.P1	1-1	high	TRUE
combination_analysis	vn	S4.P2	S4.P2	1-1	high	TRUE
combination_analysis	vn	S4.P3	S4.P3	1-1	high	TRUE
combination_analysis	vn	S4.P4	S4.P4	1-1	high	TRUE
combination_analysis	vn	S5.P1	S5.P1	1-1	high	TRUE
combination_analysis	vn	S5.P2	S5.P2	1-1	high	TRUE
combination_analysis	vn	S5.P3	S5.P3	1-1	high	TRUE
combination_analysis	vn	S5.P4	S5.P4	1-1	high	TRUE
combination_analysis	vn	S6.P1	S6.P1	1-1	high	TRUE
combination_analysis	vn	S6.P2	S6.P2	1-1	high	TRUE
combination_analysis	vn	S6.P3	S6.P3	1-1	high	TRUE
combination_analysis	vn	S7.P1	S7.P1	1-1	high	TRUE
combination_analysis	vn	S7.P2	S7.P2	1-1	high	TRUE
combination_analysis	vn	S7.P3	S7.P3	1-1	high	TRUE
combination_analysis	vn	S7.P4	S7.P4	1-1	high	TRUE
combination_analysis	vn	S7.P5	S7.P5	1-1	high	TRUE
combination_analysis	vn	S8.P1	S8.P1	1-1	high	TRUE
contact_tracing	es	S1.P1	S1.P1	1-1	high	TRUE
contact_tracing	es	S2.P1	S2.P1	1-1	high	TRUE
contact_tracing	es	S3.P1	S3.P1	1-1	high	TRUE
contact_tracing	es	S3.P2	S3.P2	1-1	high	TRUE
contact_tracing	es	S4.P1	S4.P1	1-1	high	TRUE
contact_tracing	es	S5.P1	S5.P1	1-1	high	TRUE
contact_tracing	es	S5.P2	S5.P2	1-1	high	TRUE
contact_tracing	es	S5.P3	S5.P3	1-1	high	TRUE
contact_tracing	es	S6.P1	S6.P1	1-1	high	TRUE
contact_tracing	es	S6.P2	S6.P2	1-1	high	TRUE
contact_tracing	es	S6.P3	S6.P3	1-1	high	TRUE
contact_tracing	es	S7.P1	S7.P1	1-1	high	TRUE
contact_tracing	es	S7.P2	S7.P2	1-1	high	TRUE
contact_tracing	es	S7.P3	S7.P3	1-1	high	TRUE
contact_tracing	es	S8.P1	S8.P1	1-1	high	TRUE
contact_tracing	es	S8.P2	S8.P2	1-1	high	TRUE
contact_tracing	es	S8.P3	S8.P3	1-1	high	TRUE
contact_tracing	es	S9.P1	S9.P1	1-1	high	TRUE
contact_tracing	es	S10.P1	S10.P1	1-1	high	TRUE
contact_tracing	es	S11.P1	S11.P1	1-1	high	TRUE
contact_tracing	es	S11.P2	S11.P2	1-1	high	TRUE
contact_tracing	es	S11.P3	S11.P3	1-1	high	TRUE
contact_tracing	es	S11.P4	S11.P4	1-1	high	TRUE
contact_tracing	es	S11.P5	S11.P5	1-1	high	TRUE
contact_tracing	es	S12.P1	S12.P1	1-1	high	TRUE
contact_tracing	es	S12.P2	S12.P2	1-1	high	TRUE
contact_tracing	es	S12.P3	S12.P3	1-1	high	TRUE
contact_tracing	es	S13.P1	S13.P1	1-1	high	TRUE
contact_tracing	es	S14.P1	S14.P1	1-1	high	TRUE
contact_tracing	es	S14.P2	S14.P2	1-1	high	TRUE
contact_tracing	es	S14.P3	S14.P3	1-1	high	TRUE
contact_tracing	es	S14.P4	S14.P4	1-1	high	TRUE
contact_tracing	es	S14.P5	S14.P5	1-1	high	TRUE
contact_tracing	es	S15.P1	S15.P1	1-1	high	TRUE
contact_tracing	es	S15.P2	S15.P2	1-1	high	TRUE
contact_tracing	es	S16.P1	S16.P1	1-1	high	TRUE
contact_tracing	es	S16.P2	S16.P2	1-1	high	TRUE
contact_tracing	es	S17.P1	S17.P1	1-1	high	TRUE
contact_tracing	es	S17.P2	S17.P2	1-1	high	TRUE
contact_tracing	es	S18.P1	S18.P1	1-1	high	TRUE
contact_tracing	es	S18.P2	S18.P2	1-1	high	TRUE
contact_tracing	es	S18.P3	S18.P3	1-1	high	TRUE
contact_tracing	es	S18.P4	S18.P4	1-1	high	TRUE
contact_tracing	es	S18.P5	S18.P5	1-1	high	TRUE
contact_tracing	es	S18.P6	S18.P6	1-1	high	TRUE
contact_tracing	es	S18.P7	S18.P7	1-1	high	TRUE
contact_tracing	es	S18.P8	S18.P8	1-1	high	TRUE
contact_tracing	es	S18.P9	S18.P9	1-1	high	TRUE
contact_tracing	es	S19.P1	S19.P1	1-1	high	TRUE
contact_tracing	es	S19.P2	S19.P2	1-1	high	TRUE
contact_tracing	es	S19.P3	S19.P3	1-1	high	TRUE
contact_tracing	es	S19.P4	S19.P4	1-1	high	TRUE
contact_tracing	es	S19.P5	S19.P5	1-1	high	TRUE
contact_tracing	es	S19.P6	S19.P6	1-1	high	TRUE
contact_tracing	es	S20.P1	S20.P1	1-1	high	TRUE
contact_tracing	fr	S1.P1	S1.P1	1-1	high	TRUE
contact_tracing	fr	S3.P1	S3.P1	1-1	high	TRUE
contact_tracing	fr	S4.P1	S4.P1	1-1	high	TRUE
contact_tracing	fr	S5.P1	S5.P1	1-1	high	TRUE
contact_tracing	fr	S5.P2	S5.P2	1-1	high	TRUE
contact_tracing	fr	S6.P1	S6.P1	1-1	high	TRUE
contact_tracing	fr	S6.P2	S6.P2	1-1	high	TRUE
contact_tracing	fr	S7.P1	S7.P1	1-1	high	TRUE
contact_tracing	fr	S7.P2	S7.P2	1-1	high	TRUE
contact_tracing	fr	S8.P1	S8.P1	1-1	high	TRUE
contact_tracing	fr	S8.P2	S8.P2	1-1	high	TRUE
contact_tracing	fr	S9.P1	S9.P1	1-1	high	TRUE
contact_tracing	fr	S10.P1	S10.P1	1-1	high	TRUE
contact_tracing	fr	S11.P1	S11.P1	1-1	high	TRUE
contact_tracing	fr	S11.P2	S11.P2	1-1	high	TRUE
contact_tracing	fr	S11.P3	S11.P3	1-1	high	TRUE
contact_tracing	fr	S11.P4	S11.P4	1-1	high	TRUE
contact_tracing	fr	S12.P1	S12.P1	1-1	high	TRUE
contact_tracing	fr	S12.P2	S12.P2	1-1	high	TRUE
contact_tracing	fr	S13.P1	S13.P1	1-1	high	TRUE
contact_tracing	fr	S14.P1	S14.P1	1-1	high	TRUE
contact_tracing	fr	S14.P2	S14.P2	1-1	high	TRUE
contact_tracing	fr	S14.P3	S14.P3	1-1	high	TRUE
contact_tracing	fr	S14.P4	S14.P4	1-1	high	TRUE
contact_tracing	fr	S15.P1	S15.P1	1-1	high	TRUE
contact_tracing	fr	S15.P2	S15.P2	1-1	high	TRUE
contact_tracing	fr	S16.P1	S16.P1	1-1	high	TRUE
contact_tracing	fr	S17.P1	S17.P1	1-1	high	TRUE
contact_tracing	fr	S17.P2	S17.P2	1-1	high	TRUE
contact_tracing	fr	S18.P1	S18.P1	1-1	high	TRUE
contact_tracing	fr	S18.P2	S18.P2	1-1	high	TRUE
contact_tracing	fr	S18.P3	S18.P3	1-1	high	TRUE
contact_tracing	fr	S18.P4	S18.P4	1-1	high	TRUE
contact_tracing	fr	S18.P5	S18.P5	1-1	high	TRUE
contact_tracing	fr	S18.P6	S18.P6	1-1	high	TRUE
contact_tracing	fr	S18.P7	S18.P7	1-1	high	TRUE
contact_tracing	fr	S19.P1	S19.P1	1-1	high	TRUE
contact_tracing	fr	S19.P2	S19.P2	1-1	high	TRUE
contact_tracing	fr	S19.P3	S19.P3	1-1	high	TRUE
contact_tracing	fr	S19.P4	S19.P4	1-1	high	TRUE
contact_tracing	fr	S19.P5	S19.P5	1-1	high	TRUE
contact_tracing	fr	S20.P1	S20.P1	1-1	high	TRUE
contact_tracing	jp	S1.P1	S1.P1	1-1	high	TRUE
contact_tracing	jp	S2.P1	S2.P1	1-1	high	TRUE
contact_tracing	jp	S3.P1	S3.P1	1-1	high	TRUE
contact_tracing	jp	S3.P2	S3.P2	1-1	high	TRUE
contact_tracing	jp	S4.P1	S4.P1	1-1	high	TRUE
contact_tracing	jp	S5.P1	S5.P1	1-1	high	TRUE
contact_tracing	jp	S5.P2	S5.P2	1-1	high	TRUE
contact_tracing	jp	S5.P3	S5.P3	1-1	high	TRUE
contact_tracing	jp	S6.P1	S6.P1	1-1	high	TRUE
contact_tracing	jp	S6.P2	S6.P2	1-1	high	TRUE
contact_tracing	jp	S6.P3	S6.P3	1-1	high	TRUE
contact_tracing	jp	S7.P1	S7.P1	1-1	high	TRUE
contact_tracing	jp	S7.P2	S7.P2	1-1	high	TRUE
contact_tracing	jp	S7.P3	S7.P3	1-1	high	TRUE
contact_tracing	jp	S8.P1	S8.P1	1-1	high	TRUE
contact_tracing	jp	S8.P2	S8.P2	1-1	high	TRUE
contact_tracing	jp	S8.P3	S8.P3	1-1	high	TRUE
contact_tracing	jp	S9.P1	S9.P1	1-1	high	TRUE
contact_tracing	jp	S10.P1	S10.P1	1-1	high	TRUE
contact_tracing	jp	S11.P1	S11.P1	1-1	high	TRUE
contact_tracing	jp	S11.P2	S11.P2	1-1	high	TRUE
contact_tracing	jp	S11.P3	S11.P3	1-1	high	TRUE
contact_tracing	jp	S11.P4	S11.P4	1-1	high	TRUE
contact_tracing	jp	S11.P5	S11.P5	1-1	high	TRUE
contact_tracing	jp	S12.P1	S12.P1	1-1	high	TRUE
contact_tracing	jp	S12.P2	S12.P2	1-1	high	TRUE
contact_tracing	jp	S12.P3	S12.P3	1-1	high	TRUE
contact_tracing	jp	S13.P1	S13.P1	1-1	high	TRUE
contact_tracing	jp	S14.P1	S14.P1	1-1	high	TRUE
contact_tracing	jp	S14.P2	S14.P2	1-1	high	TRUE
contact_tracing	jp	S14.P3	S14.P3	1-1	high	TRUE
contact_tracing	jp	S14.P4	S14.P4	1-1	high	TRUE
contact_tracing	jp	S14.P5	S14.P5	1-1	high	TRUE
contact_tracing	jp	S15.P1	S15.P1	1-1	high	TRUE
contact_tracing	jp	S15.P2	S15.P2	1-1	high	TRUE
contact_tracing	jp	S16.P1	S16.P1	1-1	high	TRUE
contact_tracing	jp	S16.P2	S16.P2	1-1	high	TRUE
contact_tracing	jp	S17.P1	S17.P1	1-1	high	TRUE
contact_tracing	jp	S17.P2	S17.P2	1-1	high	TRUE
contact_tracing	jp	S18.P1	S18.P1	1-1	high	TRUE
contact_tracing	jp	S18.P2	S18.P2	1-1	high	TRUE
contact_tracing	jp	S18.P3	S18.P3	1-1	high	TRUE
contact_tracing	jp	S18.P4	S18.P4	1-1	high	TRUE
contact_tracing	jp	S18.P5	S18.P5	1-1	high	TRUE
contact_tracing	jp	S18.P6	S18.P6	1-1	high	TRUE
contact_tracing	jp	S18.P7	S18.P7	1-1	high	TRUE
contact_tracing	jp	S18.P8	S18.P8	1-1	high	TRUE
contact_tracing	jp	S18.P9	S18.P9	1-1	high	TRUE
contact_tracing	jp	S19.P1	S19.P1	1-1	high	TRUE
contact_tracing	jp	S19.P2	S19.P2	1-1	high	TRUE
contact_tracing	jp	S19.P3	S19.P3	1-1	high	TRUE
contact_tracing	jp	S19.P4	S19.P4	1-1	high	TRUE
contact_tracing	jp	S19.P5	S19.P5	1-1	high	TRUE
contact_tracing	jp	S19.P6	S19.P6	1-1	high	TRUE
contact_tracing	jp	S20.P1	S20.P1	1-1	high	TRUE
contact_tracing	pt	S1.P1	S1.P1	1-1	high	TRUE
contact_tracing	pt	S3.P1	S3.P1	1-1	high	TRUE
contact_tracing	pt	S4.P1	S4.P1	1-1	high	TRUE
contact_tracing	pt	S5.P1	S5.P1	1-1	high	TRUE
contact_tracing	pt	S5.P2	S5.P2	1-1	high	TRUE
contact_tracing	pt	S6.P1	S6.P1	1-1	high	TRUE
contact_tracing	pt	S6.P2	S6.P2	1-1	high	TRUE
contact_tracing	pt	S7.P1	S7.P1	1-1	high	TRUE
contact_tracing	pt	S7.P2	S7.P2	1-1	high	TRUE
contact_tracing	pt	S8.P1	S8.P1	1-1	high	TRUE
contact_tracing	pt	S8.P2	S8.P2	1-1	high	TRUE
contact_tracing	pt	S9.P1	S9.P1	1-1	high	TRUE
contact_tracing	pt	S10.P1	S10.P1	1-1	high	TRUE
contact_tracing	pt	S11.P1	S11.P1	1-1	high	TRUE
contact_tracing	pt	S11.P2	S11.P2	1-1	high	TRUE
contact_tracing	pt	S11.P3	S11.P3	1-1	high	TRUE
contact_tracing	pt	S11.P4	S11.P4	1-1	high	TRUE
contact_tracing	pt	S12.P1	S12.P1	1-1	high	TRUE
contact_tracing	pt	S12.P2	S12.P2	1-1	high	TRUE
contact_tracing	pt	S13.P1	S13.P1	1-1	high	TRUE
contact_tracing	pt	S14.P1	S14.P1	1-1	high	TRUE
contact_tracing	pt	S14.P2	S14.P2	1-1	high	TRUE
contact_tracing	pt	S14.P3	S14.P3	1-1	high	TRUE
contact_tracing	pt	S14.P4	S14.P4	1-1	high	TRUE
contact_tracing	pt	S15.P1	S15.P1	1-1	high	TRUE
contact_tracing	pt	S15.P2	S15.P2	1-1	high	TRUE
contact_tracing	pt	S16.P1	S16.P1	1-1	high	TRUE
contact_tracing	pt	S17.P1	S17.P1	1-1	high	TRUE
contact_tracing	pt	S17.P2	S17.P2	1-1	high	TRUE
contact_tracing	pt	S18.P1	S18.P1	1-1	high	TRUE
contact_tracing	pt	S18.P2	S18.P2	1-1	high	TRUE
contact_tracing	pt	S18.P3	S18.P3	1-1	high	TRUE
contact_tracing	pt	S18.P4	S18.P4	1-1	high	TRUE
contact_tracing	pt	S18.P5	S18.P5	1-1	high	TRUE
contact_tracing	pt	S18.P6	S18.P6	1-1	high	TRUE
contact_tracing	pt	S18.P7	S18.P7	1-1	high	TRUE
contact_tracing	pt	S18.P8	S18.P8	1-1	high	TRUE
contact_tracing	pt	S19.P1	S19.P1	1-1	high	TRUE
contact_tracing	pt	S19.P2	S19.P2	1-1	high	TRUE
contact_tracing	pt	S19.P3	S19.P3	1-1	high	TRUE
contact_tracing	pt	S19.P4	S19.P4	1-1	high	TRUE
contact_tracing	pt	S19.P5	S19.P5	1-1	high	TRUE
contact_tracing	pt	S20.P1	S20.P1	1-1	high	TRUE
contact_tracing	ru	S1.P1	S1.P1	1-1	high	TRUE
contact_tracing	ru	S3.P1	S3.P1	1-1	high	TRUE
contact_tracing	ru	S4.P1	S4.P1	1-1	high	TRUE
contact_tracing	ru	S5.P1	S5.P1	1-1	high	TRUE
contact_tracing	ru	S5.P2	S5.P2	1-1	high	TRUE
contact_tracing	ru	S6.P1	S6.P1	1-1	high	TRUE
contact_tracing	ru	S6.P2	S6.P2	1-1	high	TRUE
contact_tracing	ru	S7.P1	S7.P1	1-1	high	TRUE
contact_tracing	ru	S7.P2	S7.P2	1-1	high	TRUE
contact_tracing	ru	S8.P1	S8.P1	1-1	high	TRUE
contact_tracing	ru	S8.P2	S8.P2	1-1	high	TRUE
contact_tracing	ru	S9.P1	S9.P1	1-1	high	TRUE
contact_tracing	ru	S10.P1	S10.P1	1-1	high	TRUE
contact_tracing	ru	S11.P1	S11.P1	1-1	high	TRUE
contact_tracing	ru	S11.P2	S11.P2	1-1	high	TRUE
contact_tracing	ru	S11.P3	S11.P3	1-1	high	TRUE
contact_tracing	ru	S11.P4	S11.P4	1-1	high	TRUE
contact_tracing	ru	S12.P1	S12.P1	1-1	high	TRUE
contact_tracing	ru	S12.P2	S12.P2	1-1	high	TRUE
contact_tracing	ru	S13.P1	S13.P1	1-1	high	TRUE
contact_tracing	ru	S14.P1	S14.P1	1-1	high	TRUE
contact_tracing	ru	S14.P2	S14.P2	1-1	high	TRUE
contact_tracing	ru	S14.P3	S14.P3	1-1	high	TRUE
contact_tracing	ru	S14.P4	S14.P4	1-1	high	TRUE
contact_tracing	ru	S15.P1	S15.P1	1-1	high	TRUE
contact_tracing	ru	S15.P2	S15.P2	1-1	high	TRUE
contact_tracing	ru	S16.P1	S16.P1	1-1	high	TRUE
contact_tracing	ru	S17.P1	S17.P1	1-1	high	TRUE
contact_tracing	ru	S17.P2	S17.P2	1-1	high	TRUE
contact_tracing	ru	S18.P1	S18.P1	1-1	high	TRUE
contact_tracing	ru	S18.P2	S18.P2	1-1	high	TRUE
contact_tracing	ru	S18.P3	S18.P3	1-1	high	TRUE
contact_tracing	ru	S18.P4	S18.P4	1-1	high	TRUE
contact_tracing	ru	S18.P5	S18.P5	1-1	high	TRUE
contact_tracing	ru	S18.P6	S18.P6	1-1	high	TRUE
contact_tracing	ru	S18.P7	S18.P7	1-1	high	TRUE
contact_tracing	ru	S19.P1	S19.P1	1-1	high	TRUE
contact_tracing	ru	S19.P2	S19.P2	1-1	high	TRUE
contact_tracing	ru	S19.P3	S19.P3	1-1	high	TRUE
contact_tracing	ru	S19.P4	S19.P4	1-1	high	TRUE
contact_tracing	ru	S19.P5	S19.P5	1-1	high	TRUE
contact_tracing	ru	S20.P1	S20.P1	1-1	high	TRUE
contact_tracing	tr	S1.P1	S1.P1	1-1	high	TRUE
contact_tracing	tr	S3.P1	S3.P1	1-1	high	TRUE
contact_tracing	tr	S4.P1	S4.P1	1-1	high	TRUE
contact_tracing	tr	S5.P1	S5.P1	1-1	high	TRUE
contact_tracing	tr	S5.P2	S5.P2	1-1	high	TRUE
contact_tracing	tr	S6.P1	S6.P1	1-1	high	TRUE
contact_tracing	tr	S6.P2	S6.P2	1-1	high	TRUE
contact_tracing	tr	S7.P1	S7.P1	1-1	high	TRUE
contact_tracing	tr	S7.P2	S7.P2	1-1	high	TRUE
contact_tracing	tr	S8.P1	S8.P1	1-1	high	TRUE
contact_tracing	tr	S8.P2	S8.P2	1-1	high	TRUE
contact_tracing	tr	S9.P1	S9.P1	1-1	high	TRUE
contact_tracing	tr	S10.P1	S10.P1	1-1	high	TRUE
contact_tracing	tr	S11.P1	S11.P1	1-1	high	TRUE
contact_tracing	tr	S11.P2	S11.P2	1-1	high	TRUE
contact_tracing	tr	S11.P3	S11.P3	1-1	high	TRUE
contact_tracing	tr	S11.P4	S11.P4	1-1	high	TRUE
contact_tracing	tr	S12.P1	S12.P1	1-1	high	TRUE
contact_tracing	tr	S12.P2	S12.P2	1-1	high	TRUE
contact_tracing	tr	S13.P1	S13.P1	1-1	high	TRUE
contact_tracing	tr	S14.P1	S14.P1	1-1	high	TRUE
contact_tracing	tr	S14.P2	S14.P2	1-1	high	TRUE
contact_tracing	tr	S14.P3	S14.P3	1-1	high	TRUE
contact_tracing	tr	S14.P4	S14.P4	1-1	high	TRUE
contact_tracing	tr	S15.P1	S15.P1	1-1	high	TRUE
contact_tracing	tr	S15.P2	S15.P2	1-1	high	TRUE
contact_tracing	tr	S16.P1	S16.P1	1-1	high	TRUE
contact_tracing	tr	S17.P1	S17.P1	1-1	high	TRUE
contact_tracing	tr	S17.P2	S17.P2	1-1	high	TRUE
contact_tracing	tr	S18.P1	S18.P1	1-1	high	TRUE
contact_tracing	tr	S18.P2	S18.P2	1-1	high	TRUE
contact_tracing	tr	S18.P3	S18.P3	1-1	high	TRUE
contact_tracing	tr	S18.P4	S18.P4	1-1	high	TRUE
contact_tracing	tr	S18.P5	S18.P5	1-1	high	TRUE
contact_tracing	tr	S18.P6	S18.P6	1-1	high	TRUE
contact_tracing	tr	S18.P7	S18.P7	1-1	high	TRUE
contact_tracing	tr	S19.P1	S19.P1	1-1	high	TRUE
contact_tracing	tr	S19.P2	S19.P2	1-1	high	TRUE
contact_tracing	tr	S19.P3	S19.P3	1-1	high	TRUE
contact_tracing	tr	S19.P4	S19.P4	1-1	high	TRUE
contact_tracing	tr	S19.P5	S19.P5	1-1	high	TRUE
contact_tracing	tr	S20.P1	S20.P1	1-1	high	TRUE
contact_tracing	vn	S1.P1	S1.P1	1-1	high	TRUE
contact_tracing	vn	S2.P1	S2.P1	1-1	high	TRUE
contact_tracing	vn	S3.P1	S3.P1	1-1	high	TRUE
contact_tracing	vn	S4.P1	S4.P1+S4.P2	1-many	high	TRUE
contact_tracing	vn	S5.P1	S5.P1	1-1	high	TRUE
contact_tracing	vn	S5.P2	S5.P2	1-1	high	TRUE
contact_tracing	vn	S6.P1	S6.P1	1-1	high	TRUE
contact_tracing	vn	S6.P2	S6.P2	1-1	high	TRUE
contact_tracing	vn	S7.P1	S7.P1	1-1	high	TRUE
contact_tracing	vn	S7.P2	S7.P2	1-1	high	TRUE
contact_tracing	vn	S8.P1	S8.P1	1-1	high	TRUE
contact_tracing	vn	S8.P2	S8.P2	1-1	high	TRUE
contact_tracing	vn	S9.P1	S9.P1	1-1	high	TRUE
contact_tracing	vn	S10.P1	S10.P1	1-1	high	TRUE
contact_tracing	vn	S11.P1	S11.P1	1-1	high	TRUE
contact_tracing	vn	S11.P2	S11.P2	1-1	high	TRUE
contact_tracing	vn	S11.P3	S11.P3	1-1	high	TRUE
contact_tracing	vn	S11.P4	S11.P4	1-1	high	TRUE
contact_tracing	vn	S12.P1	S12.P1	1-1	high	TRUE
contact_tracing	vn	S12.P2	S12.P2	1-1	high	TRUE
contact_tracing	vn	S13.P1	S13.P1	1-1	high	TRUE
contact_tracing	vn	S14.P1	S14.P1	1-1	high	TRUE
contact_tracing	vn	S14.P2	S14.P2	1-1	high	TRUE
contact_tracing	vn	S14.P3	S14.P3	1-1	high	TRUE
contact_tracing	vn	S14.P4	S14.P4	1-1	high	TRUE
contact_tracing	vn	S15.P1	S15.P1	1-1	high	TRUE
contact_tracing	vn	S15.P2	S15.P2	1-1	high	TRUE
contact_tracing	vn	S16.P1	S16.P1	1-1	high	TRUE
contact_tracing	vn	S17.P1	S17.P1	1-1	high	TRUE
contact_tracing	vn	S17.P2	S17.P2	1-1	high	TRUE
contact_tracing	vn	S18.P1	S18.P1	1-1	high	TRUE
contact_tracing	vn	S18.P2	S18.P2	1-1	high	TRUE
contact_tracing	vn	S18.P3	S18.P3	1-1	high	TRUE
contact_tracing	vn	S18.P4	S18.P4	1-1	high	TRUE
contact_tracing	vn	S18.P5	S18.P5	1-1	high	TRUE
contact_tracing	vn	S18.P6	S18.P6	1-1	high	TRUE
contact_tracing	vn	S18.P7	S18.P7	1-1	high	TRUE
contact_tracing	vn	S19.P1	S19.P1	1-1	high	TRUE
contact_tracing	vn	S19.P2	S19.P2	1-1	high	TRUE
contact_tracing	vn	S19.P3	S19.P3	1-1	high	TRUE
contact_tracing	vn	S19.P4	S19.P4	1-1	high	TRUE
contact_tracing	vn	S19.P5	S19.P5	1-1	high	TRUE
contact_tracing	vn	S20.P1	S20.P1	1-1	high	TRUE
data_table	es	S1.P1	S1.P1	1-1	high	TRUE
data_table	es	S2.P1	S2.P1	1-1	high	TRUE
data_table	es	S3.P1	S3.P1	1-1	high	TRUE
data_table	es	S4.P1	S4.P1	1-1	high	TRUE
data_table	es	S4.P2	S4.P2	1-1	high	TRUE
data_table	es	S5.P1	S5.P1	1-1	high	TRUE
data_table	es	S5.P2	S5.P2	1-1	high	TRUE
data_table	es	S5.P3	S5.P3	1-1	high	TRUE
data_table	es	S5.P4	S5.P4	1-1	high	TRUE
data_table	es	S6.P1	S6.P1	1-1	high	TRUE
data_table	es	S6.P2	S6.P2	1-1	high	TRUE
data_table	es	S6.P3	S6.P3	1-1	high	TRUE
data_table	es	S7.P1	S7.P1	1-1	high	TRUE
data_table	es	S7.P2	S7.P2	1-1	high	TRUE
data_table	es	S8.P1	S8.P1	1-1	high	TRUE
data_table	es	S9.P1	S9.P1	1-1	high	TRUE
data_table	es	S9.P2	S9.P2	1-1	high	TRUE
data_table	es	S10.P1	S10.P1	1-1	high	TRUE
data_table	es	S10.P2	S10.P2	1-1	high	TRUE
data_table	es	S11.P1	S11.P1	1-1	high	TRUE
data_table	es	S11.P2	S11.P2	1-1	high	TRUE
data_table	es	S11.P3	S11.P3	1-1	high	TRUE
data_table	es	S11.P4	S11.P4	1-1	high	TRUE
data_table	es	S11.P5	S11.P5	1-1	high	TRUE
data_table	es	S11.P6	S11.P6	1-1	high	TRUE
data_table	es	S12.P1	S12.P1	1-1	high	TRUE
data_table	es	S12.P2	S12.P2	1-1	high	TRUE
data_table	es	S13.P1	S13.P1	1-1	high	TRUE
data_table	fr	S1.P1	S1.P1	1-1	high	TRUE
data_table	fr	S2.P1	S2.P1	1-1	high	TRUE
data_table	fr	S3.P1	S3.P1	1-1	high	TRUE
data_table	fr	NA	S3b.P1	unmatched-tr	high	TRUE
data_table	fr	S4.P1	S4.P1	1-1	high	TRUE
data_table	fr	S4.P2	S4.P2	1-1	high	TRUE
data_table	fr	S5.P1	S5.P1	1-1	high	TRUE
data_table	fr	S5.P2	S5.P2	1-1	high	TRUE
data_table	fr	S5.P3	S5.P3	1-1	high	TRUE
data_table	fr	S5.P4	S5.P4	1-1	high	TRUE
data_table	fr	S6.P1	S6.P1	1-1	high	TRUE
data_table	fr	S6.P2	S6.P2	1-1	high	TRUE
data_table	fr	S6.P3	S6.P3	1-1	high	TRUE
data_table	fr	S7.P1	S7.P1	1-1	high	TRUE
data_table	fr	S7.P2	S7.P2	1-1	high	TRUE
data_table	fr	S8.P1	S8.P1	1-1	high	TRUE
data_table	fr	S9.P1	S9.P1	1-1	high	TRUE
data_table	fr	S9.P2	S9.P2	1-1	high	TRUE
data_table	fr	S10.P1	S10.P1	1-1	high	TRUE
data_table	fr	S10.P2	S10.P2	1-1	high	TRUE
data_table	fr	S11.P1	S11.P1	1-1	high	TRUE
data_table	fr	S11.P2	S11.P2	1-1	high	TRUE
data_table	fr	S11.P3	S11.P3	1-1	high	TRUE
data_table	fr	S11.P4	S11.P4	1-1	high	TRUE
data_table	fr	S11.P5	S11.P5	1-1	high	TRUE
data_table	fr	S11.P6	S11.P6	1-1	high	TRUE
data_table	fr	S12.P1	S12.P1	1-1	high	TRUE
data_table	fr	S12.P2	S12.P2	1-1	high	TRUE
data_table	fr	S13.P1	S13.P1	1-1	high	TRUE
data_table	jp	S1.P1	S1.P1	1-1	high	TRUE
data_table	jp	S2.P1	S2.P1	1-1	high	TRUE
data_table	jp	S4.P1	S4.P1	1-1	high	TRUE
data_table	jp	S5.P1	S5.P1	1-1	high	TRUE
data_table	jp	S5.P2	S5.P2	1-1	high	TRUE
data_table	jp	S5.P3	S5.P3	1-1	high	TRUE
data_table	jp	S6.P1	S6.P1	1-1	high	TRUE
data_table	jp	S6.P2	S6.P2	1-1	high	TRUE
data_table	jp	S7.P1	S7.P1	1-1	high	TRUE
data_table	jp	S8.P1	S8.P1	1-1	high	TRUE
data_table	jp	S9.P1	S9.P1	1-1	high	TRUE
data_table	jp	S10.P1	S10.P1	1-1	high	TRUE
data_table	jp	S10.P2	S10.P2	1-1	high	TRUE
data_table	jp	S11.P1	S11.P1	1-1	high	TRUE
data_table	jp	S11.P2	S11.P2	1-1	high	TRUE
data_table	jp	S11.P3	S11.P3	1-1	high	TRUE
data_table	jp	S11.P4	S11.P4	1-1	high	TRUE
data_table	jp	S11.P5	S11.P5	1-1	high	TRUE
data_table	jp	S12.P1	S12.P1	1-1	high	TRUE
data_table	jp	S12.P2	S12.P2	1-1	high	TRUE
data_table	jp	S13.P1	S13.P1	1-1	high	TRUE
data_table	pt	S1.P1	S1.P1	1-1	high	TRUE
data_table	pt	S2.P1	S2.P1	1-1	high	TRUE
data_table	pt	S3.P1	S3.P1	1-1	high	TRUE
data_table	pt	S4.P1	S4.P1	1-1	high	TRUE
data_table	pt	S5.P1	S5.P1	1-1	high	TRUE
data_table	pt	S5.P2	S5.P2	1-1	high	TRUE
data_table	pt	S5.P3	S5.P3	1-1	high	TRUE
data_table	pt	S6.P1	S6.P1	1-1	high	TRUE
data_table	pt	S6.P2	S6.P2	1-1	high	TRUE
data_table	pt	S7.P1	S7.P1	1-1	high	TRUE
data_table	pt	S8.P1	S8.P1	1-1	high	TRUE
data_table	pt	S9.P1	S9.P1	1-1	high	TRUE
data_table	pt	S10.P1	S10.P1	1-1	high	TRUE
data_table	pt	S10.P2	S10.P2	1-1	high	TRUE
data_table	pt	S11.P1	S11.P1	1-1	high	TRUE
data_table	pt	S11.P2	S11.P2	1-1	high	TRUE
data_table	pt	S11.P3	S11.P3	1-1	high	TRUE
data_table	pt	S11.P4	S11.P4	1-1	high	TRUE
data_table	pt	S11.P5	S11.P5	1-1	high	TRUE
data_table	pt	S12.P1	S12.P1	1-1	high	TRUE
data_table	pt	S12.P2	S12.P2	1-1	high	TRUE
data_table	pt	S13.P1	S13.P1	1-1	high	TRUE
data_table	ru	S1.P1	S1.P1	1-1	high	TRUE
data_table	ru	S2.P1	S2.P1	1-1	high	TRUE
data_table	ru	S3.P1	S3.P1	1-1	high	TRUE
data_table	ru	S4.P1	S4.P1	1-1	high	TRUE
data_table	ru	S4.P2	S4.P2	1-1	high	TRUE
data_table	ru	S5.P1	S5.P1	1-1	high	TRUE
data_table	ru	S5.P2	S5.P2	1-1	high	TRUE
data_table	ru	S5.P3	S5.P3	1-1	high	TRUE
data_table	ru	S5.P4	S5.P4	1-1	high	TRUE
data_table	ru	S6.P1	S6.P1	1-1	high	TRUE
data_table	ru	S6.P2	S6.P2	1-1	high	TRUE
data_table	ru	S6.P3	S6.P3	1-1	high	TRUE
data_table	ru	S7.P1	S7.P1	1-1	high	TRUE
data_table	ru	S7.P2	S7.P2	1-1	high	TRUE
data_table	ru	S8.P1	S8.P1	1-1	high	TRUE
data_table	ru	S9.P1	S9.P1	1-1	high	TRUE
data_table	ru	S9.P2	S9.P2	1-1	high	TRUE
data_table	ru	S10.P1	S10.P1	1-1	high	TRUE
data_table	ru	S10.P2	S10.P2	1-1	high	TRUE
data_table	ru	S11.P1	S11.P1	1-1	high	TRUE
data_table	ru	S11.P2	S11.P2	1-1	high	TRUE
data_table	ru	S11.P3	S11.P3	1-1	high	TRUE
data_table	ru	S11.P4	S11.P4	1-1	high	TRUE
data_table	ru	S11.P5	S11.P5	1-1	high	TRUE
data_table	ru	S11.P6	S11.P6	1-1	high	TRUE
data_table	ru	S12.P1	S12.P1	1-1	high	TRUE
data_table	ru	S12.P2	S12.P2	1-1	high	TRUE
data_table	ru	S13.P1	S13.P1	1-1	high	TRUE
data_table	tr	S1.P1	S1.P1	1-1	high	TRUE
data_table	tr	S2.P1	S2.P1	1-1	high	TRUE
data_table	tr	S4.P1	S4.P1	1-1	high	TRUE
data_table	tr	S5.P1	S5.P1	1-1	high	TRUE
data_table	tr	S5.P2	S5.P2	1-1	high	TRUE
data_table	tr	S5.P3	S5.P3	1-1	high	TRUE
data_table	tr	S6.P1	S6.P1	1-1	high	TRUE
data_table	tr	S6.P2	S6.P2	1-1	high	TRUE
data_table	tr	S7.P1	S7.P1	1-1	high	TRUE
data_table	tr	S8.P1	S8.P1	1-1	high	TRUE
data_table	tr	S9.P1	S9.P1	1-1	high	TRUE
data_table	tr	S10.P1	S10.P1	1-1	high	TRUE
data_table	tr	S10.P2	S10.P2	1-1	high	TRUE
data_table	tr	S11.P1	S11.P1	1-1	high	TRUE
data_table	tr	S11.P2	S11.P2	1-1	high	TRUE
data_table	tr	S11.P3	S11.P3	1-1	high	TRUE
data_table	tr	S11.P4	S11.P4	1-1	high	TRUE
data_table	tr	S11.P5	S11.P5	1-1	high	TRUE
data_table	tr	S12.P1	S12.P1	1-1	high	TRUE
data_table	tr	S12.P2	S12.P2	1-1	high	TRUE
data_table	tr	S13.P1	S13.P1	1-1	high	TRUE
data_table	vn	S1.P1	S1.P1	1-1	high	TRUE
data_table	vn	S2.P1	S2.P1	1-1	high	TRUE
data_table	vn	S4.P1	S4.P1	1-1	high	TRUE
data_table	vn	S5.P1	S5.P1	1-1	high	TRUE
data_table	vn	S5.P2	S5.P2	1-1	high	TRUE
data_table	vn	S5.P3	S5.P3	1-1	high	TRUE
data_table	vn	S6.P1	S6.P1	1-1	high	TRUE
data_table	vn	S6.P2	S6.P2	1-1	high	TRUE
data_table	vn	S7.P1	S7.P1	1-1	high	TRUE
data_table	vn	S8.P1	S8.P1	1-1	high	TRUE
data_table	vn	S9.P1	S9.P1	1-1	high	TRUE
data_table	vn	S10.P1	S10.P1	1-1	high	TRUE
data_table	vn	S10.P2	S10.P2	1-1	high	TRUE
data_table	vn	S11.P1	S11.P1	1-1	high	TRUE
data_table	vn	S11.P2	S11.P2	1-1	high	TRUE
data_table	vn	S11.P3	S11.P3	1-1	high	TRUE
data_table	vn	S11.P4	S11.P4	1-1	high	TRUE
data_table	vn	S11.P5	S11.P5	1-1	high	TRUE
data_table	vn	S12.P1	S12.P1	1-1	high	TRUE
data_table	vn	S12.P2	S12.P2	1-1	high	TRUE
data_table	vn	S13.P1	S13.P1	1-1	high	TRUE
data_used	es	S1.P1	S1.P1	1-1	high	TRUE
data_used	es	S2.P1	S2.P1	1-1	high	TRUE
data_used	es	S3.P1	S3.P1	1-1	high	TRUE
data_used	es	S4.P1	S4.P1	1-1	high	TRUE
data_used	es	S4.P2	S4.P2	1-1	high	TRUE
data_used	es	S5.P1	S5.P1	1-1	high	TRUE
data_used	es	S5.P2	S5.P2	1-1	high	TRUE
data_used	es	S6.P1	S6.P1	1-1	high	TRUE
data_used	es	S6.P2	S6.P2	1-1	high	TRUE
data_used	es	S7.P1	S7.P1	1-1	high	TRUE
data_used	es	S7.P2	S7.P2	1-1	high	TRUE
data_used	es	S8.P1	S8.P1	1-1	high	TRUE
data_used	es	S9.P1	S9.P1	1-1	high	TRUE
data_used	es	NA	S9.P2	unmatched-tr	high	TRUE
data_used	es	S9.P2	S9.P3	1-1	high	TRUE
data_used	es	S9.P3	S9.P4	1-1	high	TRUE
data_used	es	S10.P1	S10.P1	1-1	high	TRUE
data_used	es	S10.P2	S10.P2	1-1	high	TRUE
data_used	es	S11.P1	S11.P1	1-1	high	TRUE
data_used	es	S11.P2	S11.P2	1-1	high	TRUE
data_used	es	S12.P1	S12.P1	1-1	high	TRUE
data_used	es	S13.P1	S13.P1	1-1	high	TRUE
data_used	es	S14.P1	S14.P1	1-1	high	TRUE
data_used	es	S14.P2	S14.P2	1-1	high	TRUE
data_used	es	S15.P1	S15.P1	1-1	high	TRUE
data_used	es	NA	S15.P2	unmatched-tr	high	TRUE
data_used	es	NA	S15.P3	unmatched-tr	high	TRUE
data_used	es	S15.P2	S15.P4	1-1	high	TRUE
data_used	es	S16.P1	S16.P1	1-1	high	TRUE
data_used	es	S16.P2	S16.P2	1-1	high	TRUE
data_used	es	S17.P1	S17.P1	1-1	high	TRUE
data_used	es	S17.P2	S17.P2	1-1	high	TRUE
data_used	es	S17.P3	S17.P3	1-1	high	TRUE
data_used	es	S18.P1	S18.P1	1-1	high	TRUE
data_used	es	NA	S18.P2	unmatched-tr	high	TRUE
data_used	es	NA	S18.P3	unmatched-tr	high	TRUE
data_used	es	S18.P2	S18.P4	1-1	high	TRUE
data_used	es	S19.P1	S19.P1	1-1	high	TRUE
data_used	es	S19.P2	S19.P2	1-1	high	TRUE
data_used	fr	S1.P1	S1.P1	1-1	high	TRUE
data_used	fr	S2.P1	S2.P1	1-1	high	TRUE
data_used	fr	S3.P1	S3.P1	1-1	high	TRUE
data_used	fr	S4.P1	S4.P1	1-1	high	TRUE
data_used	fr	S4.P2	S4.P2	1-1	high	TRUE
data_used	fr	S5.P1	S5.P1	1-1	high	TRUE
data_used	fr	S5.P2	S5.P2	1-1	high	TRUE
data_used	fr	S6.P1	S6.P1	1-1	high	TRUE
data_used	fr	S6.P2	S6.P2	1-1	high	TRUE
data_used	fr	S7.P1	S7.P1	1-1	high	TRUE
data_used	fr	S7.P2	S7.P2	1-1	high	TRUE
data_used	fr	S8.P1	S8.P1	1-1	high	TRUE
data_used	fr	S9.P1	S9.P1+S9.P2+S9.P3	1-many	high	TRUE
data_used	fr	S9.P2	S9.P4	1-1	high	TRUE
data_used	fr	S9.P3	S9.P5	1-1	high	TRUE
data_used	fr	S10.P1	S10.P1	1-1	high	TRUE
data_used	fr	S10.P2	S10.P2	1-1	high	TRUE
data_used	fr	S11.P1	S11.P1	1-1	high	TRUE
data_used	fr	S11.P2	S11.P2	1-1	high	TRUE
data_used	fr	S12.P1	S12.P1	1-1	high	TRUE
data_used	fr	S13.P1	S13.P1	1-1	high	TRUE
data_used	fr	S14.P1	S14.P1	1-1	high	TRUE
data_used	fr	S14.P2	S14.P2	1-1	high	TRUE
data_used	fr	S15.P1	S15.P1	1-1	high	TRUE
data_used	fr	S15.P2	S15.P2	1-1	high	TRUE
data_used	fr	S16.P1	S16.P1	1-1	high	TRUE
data_used	fr	S16.P2	S16.P2	1-1	high	TRUE
data_used	fr	S17.P1	S17.P1	1-1	high	TRUE
data_used	fr	S17.P2	S17.P2	1-1	high	TRUE
data_used	fr	S17.P3	S17.P3	1-1	high	TRUE
data_used	fr	S18.P1	S18.P1	1-1	high	TRUE
data_used	fr	S18.P2	S18.P4	1-1	high	TRUE
data_used	fr	NA	S18.P2	unmatched-tr	high	TRUE
data_used	fr	NA	S18.P3	unmatched-tr	high	TRUE
data_used	fr	S19.P1	S19.P1	1-1	high	TRUE
data_used	fr	S19.P2	S19.P2	1-1	high	TRUE
data_used	jp	S1.P1	S1.P1	1-1	high	TRUE
data_used	jp	S2.P1	S2.P1	1-1	high	TRUE
data_used	jp	S3.P1	S3.P1	1-1	high	TRUE
data_used	jp	S4.P1	S4.P1	1-1	high	TRUE
data_used	jp	S5.P1	S5.P1	1-1	high	TRUE
data_used	jp	S5.P2	S5.P2	1-1	high	TRUE
data_used	jp	S6.P1	S6.P1	1-1	high	TRUE
data_used	jp	S6.P2	S6.P2	1-1	high	TRUE
data_used	jp	S7.P1	S7.P1	1-1	high	TRUE
data_used	jp	S7.P2	S7.P2	1-1	high	TRUE
data_used	jp	S8.P1	S8.P1	1-1	high	TRUE
data_used	jp	S9.P1	S9.P1+S9.P2	1-many	high	TRUE
data_used	jp	S9.P2	S9.P3	1-1	high	TRUE
data_used	jp	S10.P1	S10.P1	1-1	high	TRUE
data_used	jp	S11.P1	S11.P1	1-1	high	TRUE
data_used	jp	S12.P1	S12.P1	1-1	high	TRUE
data_used	jp	S13.P1	S13.P1	1-1	high	TRUE
data_used	jp	S14.P1	S14.P1	1-1	high	TRUE
data_used	jp	S14.P2	S14.P2	1-1	high	TRUE
data_used	jp	S15.P1	S15.P1+S15.P2+S15.P3	1-many	high	TRUE
data_used	jp	S16.P1	S16.P1	1-1	high	TRUE
data_used	jp	S17.P1	S17.P1	1-1	high	TRUE
data_used	jp	S17.P2	S17.P2	1-1	high	TRUE
data_used	jp	S18.P1	S18.P1	1-1	high	TRUE
data_used	jp	S19.P1	S19.P1	1-1	high	TRUE
data_used	jp	S19.P2	S19.P2	1-1	high	TRUE
data_used	pt	S0.P1	S0.P1	1-1	high	TRUE
data_used	pt	S1.P1	S1.P1	1-1	high	TRUE
data_used	pt	S2.P1	S2.P1	1-1	high	TRUE
data_used	pt	S3.P1	S3.P1	1-1	high	TRUE
data_used	pt	S4.P1	S4.P1	1-1	high	TRUE
data_used	pt	S5.P1	S5.P1	1-1	high	TRUE
data_used	pt	S5.P2	S5.P2	1-1	high	TRUE
data_used	pt	S6.P1	S6.P1	1-1	high	TRUE
data_used	pt	S6.P2	S6.P2	1-1	high	TRUE
data_used	pt	S7.P1	S7.P1	1-1	high	TRUE
data_used	pt	S7.P2	S7.P2	1-1	high	TRUE
data_used	pt	S8.P1	S8.P1	1-1	high	TRUE
data_used	pt	S9.P1	S9.P1	1-1	high	TRUE
data_used	pt	NA	S9.P2	unmatched-tr	medium	TRUE
data_used	pt	NA	S9.P3	unmatched-tr	medium	TRUE
data_used	pt	NA	S9.P4	unmatched-tr	medium	TRUE
data_used	pt	S9.P2	S9.P5	1-1	high	TRUE
data_used	pt	S10.P1	S10.P1	1-1	high	TRUE
data_used	pt	S11.P1	S11.P1	1-1	high	TRUE
data_used	pt	S12.P1	S12.P1	1-1	high	TRUE
data_used	pt	S13.P1	S13.P1	1-1	high	TRUE
data_used	pt	S14.P1	S14.P1	1-1	high	TRUE
data_used	pt	S14.P2	S14.P2	1-1	high	TRUE
data_used	pt	S15.P1	S15.P1	1-1	high	TRUE
data_used	pt	NA	S15.P2	unmatched-tr	medium	TRUE
data_used	pt	NA	S15.P3	unmatched-tr	medium	TRUE
data_used	pt	NA	S15.P4	unmatched-tr	medium	TRUE
data_used	pt	S16.P1	S16.P1	1-1	high	TRUE
data_used	pt	S17.P1	S17.P1	1-1	high	TRUE
data_used	pt	S17.P2	S17.P2	1-1	high	TRUE
data_used	pt	S18.P1	S18.P1	1-1	high	TRUE
data_used	pt	S19.P1	S19.P1	1-1	high	TRUE
data_used	pt	S19.P2	S19.P2	1-1	high	TRUE
data_used	ru	S1.P1	S1.P1	1-1	high	TRUE
data_used	ru	S2.P1	S2.P1	1-1	high	TRUE
data_used	ru	S3.P1	S3.P1	1-1	high	TRUE
data_used	ru	S4.P1	S4.P1	1-1	high	TRUE
data_used	ru	S5.P1	S5.P1	1-1	high	TRUE
data_used	ru	S5.P2	S5.P2	1-1	high	TRUE
data_used	ru	S6.P1	S6.P1	1-1	high	TRUE
data_used	ru	S6.P2	S6.P2	1-1	high	TRUE
data_used	ru	S7.P1	S7.P1	1-1	high	TRUE
data_used	ru	S7.P2	S7.P2	1-1	high	TRUE
data_used	ru	S8.P1	S8.P1	1-1	high	TRUE
data_used	ru	S9.P1	S9.P1	1-1	high	TRUE
data_used	ru	NA	S9.P2	unmatched-tr	high	TRUE
data_used	ru	NA	S9.P3	unmatched-tr	high	TRUE
data_used	ru	NA	S9.P4	unmatched-tr	high	TRUE
data_used	ru	S9.P2	S9.P5	1-1	high	TRUE
data_used	ru	S10.P1	S10.P1	1-1	high	TRUE
data_used	ru	S11.P1	S11.P1	1-1	high	TRUE
data_used	ru	S12.P1	S12.P1	1-1	high	TRUE
data_used	ru	S13.P1	S13.P1	1-1	high	TRUE
data_used	ru	S14.P1	S14.P1	1-1	high	TRUE
data_used	ru	S14.P2	S14.P2	1-1	high	TRUE
data_used	ru	S15.P1	S15.P1	1-1	high	TRUE
data_used	ru	NA	S15.P2	unmatched-tr	high	TRUE
data_used	ru	NA	S15.P3	unmatched-tr	high	TRUE
data_used	ru	NA	S15.P4	unmatched-tr	high	TRUE
data_used	ru	S16.P1	S16.P1	1-1	high	TRUE
data_used	ru	S17.P1	S17.P1	1-1	high	TRUE
data_used	ru	S17.P2	S17.P2	1-1	high	TRUE
data_used	ru	S18.P1	S18.P1	1-1	high	TRUE
data_used	ru	S19.P1	S19.P1	1-1	high	TRUE
data_used	ru	S19.P2	S19.P2	1-1	high	TRUE
data_used	ru	S19.P3	S19.P3	1-1	high	TRUE
data_used	tr	S1.P1	T1.P1	1-1	high	TRUE
data_used	tr	S2.P1	T2.P1	1-1	high	TRUE
data_used	tr	S3.P1	T3.P1	1-1	high	TRUE
data_used	tr	S4.P1	T4.P1	1-1	high	TRUE
data_used	tr	S5.P1	T5.P1	1-1	high	TRUE
data_used	tr	S5.P2	T5.P2	1-1	high	TRUE
data_used	tr	S6.P1	T6.P1	1-1	high	TRUE
data_used	tr	S6.P2	T6.P2	1-1	high	TRUE
data_used	tr	S7.P1	T7.P1	1-1	high	TRUE
data_used	tr	S7.P2	T7.P2	1-1	high	TRUE
data_used	tr	S8.P1	T8.P1	1-1	high	TRUE
data_used	tr	S9.P1	T9.P1,T9.P2,T9.P3,T9.P4	1-many	high	TRUE
data_used	tr	S9.P2	T9.P5	1-1	high	TRUE
data_used	tr	S10.P1	T10.P1	1-1	high	TRUE
data_used	tr	S11.P1	T11.P1	1-1	high	TRUE
data_used	tr	S12.P1	T12.P1	1-1	high	TRUE
data_used	tr	S13.P1	T13.P1	1-1	high	TRUE
data_used	tr	S14.P1	T14.P1	1-1	high	TRUE
data_used	tr	S14.P2	T14.P2	1-1	high	TRUE
data_used	tr	S15.P1	T15.P1,T15.P2,T15.P3,T15.P4	1-many	high	TRUE
data_used	tr	S16.P1	T16.P1	1-1	high	TRUE
data_used	tr	S17.P1	T17.P1	1-1	high	TRUE
data_used	tr	S17.P2	T17.P2	1-1	high	TRUE
data_used	tr	S18.P1	T18.P1	1-1	high	TRUE
data_used	tr	S19.P1	T19.P1	1-1	high	TRUE
data_used	tr	S19.P2	T19.P2	1-1	high	TRUE
data_used	vn	S1.P1	S1.P1	1-1	high	TRUE
data_used	vn	S2.P1	S2.P1	1-1	high	TRUE
data_used	vn	S3.P1	S3.P1	1-1	high	TRUE
data_used	vn	S4.P1	S4.P1	1-1	high	TRUE
data_used	vn	S5.P1	S5.P1	1-1	high	TRUE
data_used	vn	S5.P2	S5.P2	1-1	high	TRUE
data_used	vn	S6.P1	S6.P1	1-1	high	TRUE
data_used	vn	S6.P2	S6.P2	1-1	high	TRUE
data_used	vn	S7.P1	S7.P1	1-1	high	TRUE
data_used	vn	S7.P2	S7.P2	1-1	high	TRUE
data_used	vn	S8.P1	S8.P1	1-1	high	TRUE
data_used	vn	S9.P1	S9.P1	1-1	high	TRUE
data_used	vn	S9.P2	S9.P3	1-1	medium	TRUE
data_used	vn	NA	S9.P2	unmatched-tr	medium	TRUE
data_used	vn	S10.P1	S10.P1	1-1	high	TRUE
data_used	vn	S11.P1	S11.P1	1-1	high	TRUE
data_used	vn	S12.P1	S12.P1	1-1	high	TRUE
data_used	vn	S13.P1	S13.P1	1-1	high	TRUE
data_used	vn	S14.P1	S14.P1	1-1	high	TRUE
data_used	vn	S14.P2	S14.P2	1-1	high	TRUE
data_used	vn	S15.P1	S15.P1	1-1	high	TRUE
data_used	vn	NA	S15.P2	unmatched-tr	high	TRUE
data_used	vn	NA	S15.P3	unmatched-tr	high	TRUE
data_used	vn	S16.P1	S16.P1	1-1	high	TRUE
data_used	vn	S17.P1	S17.P1	1-1	high	TRUE
data_used	vn	S17.P2	S17.P2	1-1	high	TRUE
data_used	vn	S18.P1	S18.P1	1-1	high	TRUE
data_used	vn	S19.P1	S19.P1	1-1	high	TRUE
data_used	vn	S19.P2	S19.P2	1-1	high	TRUE
dates	es	S1.P1	S1.P1	1-1	high	TRUE
dates	es	S2.P1	S2.P1	1-1	high	TRUE
dates	es	S3.P1	S3.P1	1-1	high	TRUE
dates	es	S4.P1	S4.P1	1-1	high	TRUE
dates	es	S5.P1	S5.P1	1-1	high	TRUE
dates	es	S5.P2	S5.P2	1-1	high	TRUE
dates	es	S6.P1	S6.P1	1-1	high	TRUE
dates	es	S7.P1	S7.P1	1-1	high	TRUE
dates	es	S7.P2	S7.P2	1-1	high	TRUE
dates	es	S8.P1	S8.P1	1-1	high	TRUE
dates	es	S8.P2	S8.P2	1-1	high	TRUE
dates	es	S8.P3	S8.P3	1-1	high	TRUE
dates	es	S8.P4	S8.P4	1-1	high	TRUE
dates	es	S8.P5	S8.P5	1-1	high	TRUE
dates	es	S8.P6	S8.P6	1-1	high	TRUE
dates	es	S8.P7	S8.P7	1-1	high	TRUE
dates	es	S9.P1	S9.P1	1-1	high	TRUE
dates	es	S10.P1	S10.P1	1-1	high	TRUE
dates	es	S11.P1	S11.P1	1-1	high	TRUE
dates	es	S11.P2	S11.P2	1-1	high	TRUE
dates	es	S12.P1	S12.P1	1-1	high	TRUE
dates	es	S13.P1	S13.P1	1-1	high	TRUE
dates	es	S13.P2	S13.P2	1-1	high	TRUE
dates	es	S13.P3	S13.P3	1-1	high	TRUE
dates	es	S13.P4	S13.P4	1-1	high	TRUE
dates	es	S13.P5	S13.P5	1-1	high	TRUE
dates	es	S14.P1	S14.P1	1-1	high	TRUE
dates	es	S14.P2	S14.P2	1-1	high	TRUE
dates	es	S15.P1	S15.P1	1-1	high	TRUE
dates	es	S15.P2	S15.P2	1-1	high	TRUE
dates	es	S16.P1	S16.P1	1-1	high	TRUE
dates	es	S17.P1	S17.P1	1-1	high	TRUE
dates	es	S17.P2	S17.P2	1-1	high	TRUE
dates	es	S17.P3	S17.P3	1-1	high	TRUE
dates	es	S18.P1	S18.P1	1-1	high	TRUE
dates	es	S19.P1	S19.P1	1-1	high	TRUE
dates	es	S19.P2	S19.P2	1-1	high	TRUE
dates	es	S19.P3	S19.P3	1-1	high	TRUE
dates	es	S20.P1	S20.P1	1-1	high	TRUE
dates	es	S21.P1	S21.P1	1-1	high	TRUE
dates	es	S21.P2	S21.P2	1-1	high	TRUE
dates	es	S22.P1	S22.P1	1-1	high	TRUE
dates	es	S22.P2	S22.P2	1-1	high	TRUE
dates	es	S22.P3	S22.P3	1-1	high	TRUE
dates	es	S23.P1	S23.P1	1-1	high	TRUE
dates	es	S24.P1	S24.P1	1-1	high	TRUE
dates	es	S25.P1	S25.P1	1-1	high	TRUE
dates	es	S25.P2	S25.P2	1-1	high	TRUE
dates	es	S26.P1	S26.P1	1-1	high	TRUE
dates	es	S27.P1	S27.P1	1-1	high	TRUE
dates	es	S27.P2	S27.P2	1-1	high	TRUE
dates	es	S28.P1	S28.P1	1-1	high	TRUE
dates	es	S28.P2	S28.P2	1-1	high	TRUE
dates	es	S28.P3	S28.P3	1-1	high	TRUE
dates	es	S28.P4	S28.P4	1-1	high	TRUE
dates	es	S28.P5	S28.P5	1-1	high	TRUE
dates	es	S28.P6	S28.P6	1-1	high	TRUE
dates	es	S28.P7	S28.P7	1-1	high	TRUE
dates	es	S29.P1	S29.P1	1-1	high	TRUE
dates	fr	S1.P1	S1.P1	1-1	high	TRUE
dates	fr	S3.P1	S3.P1	1-1	high	TRUE
dates	fr	S4.P1	S4.P1	1-1	high	TRUE
dates	fr	S5.P1	S5.P1	1-1	high	TRUE
dates	fr	S5.P2	S5.P2	1-1	high	TRUE
dates	fr	S6.P1	S6.P1	1-1	high	TRUE
dates	fr	S7.P1	S7.P1	1-1	high	TRUE
dates	fr	S7.P2	S7.P2	1-1	high	TRUE
dates	fr	S8.P1	S8.P1	1-1	high	TRUE
dates	fr	S8.P2	S8.P2	1-1	high	TRUE
dates	fr	S8.P3	S8.P3	1-1	high	TRUE
dates	fr	S8.P4	S8.P4	1-1	high	TRUE
dates	fr	S8.P5	S8.P5	1-1	high	TRUE
dates	fr	S8.P6	S8.P6	1-1	high	TRUE
dates	fr	S8.P7	S8.P7	1-1	high	TRUE
dates	fr	S9.P1	S9.P1	1-1	high	TRUE
dates	fr	S10.P1	S10.P1	1-1	high	TRUE
dates	fr	S11.P1	S11.P1	1-1	high	TRUE
dates	fr	S12.P1	S12.P1	1-1	high	TRUE
dates	fr	S13.P1	S13.P1	1-1	high	TRUE
dates	fr	S13.P2	S13.P2	1-1	high	TRUE
dates	fr	S13.P3	S13.P3	1-1	high	TRUE
dates	fr	S13.P4	S13.P4	1-1	high	TRUE
dates	fr	S13.P5	S13.P5	1-1	medium	TRUE
dates	fr	S14.P1	S14.P1	1-1	high	TRUE
dates	fr	S14.P2	S14.P2	1-1	high	TRUE
dates	fr	S15.P1	S15.P1	1-1	high	TRUE
dates	fr	S15.P2	S15.P2	1-1	high	TRUE
dates	fr	S16.P1	S16.P1	1-1	high	TRUE
dates	fr	S17.P1	S17.P1	1-1	high	TRUE
dates	fr	S17.P2	S17.P2	1-1	high	TRUE
dates	fr	S17.P3	S17.P3	1-1	high	TRUE
dates	fr	S18.P1	S18.P1	1-1	high	TRUE
dates	fr	S19.P1	S19.P1	1-1	high	TRUE
dates	fr	S19.P2	S19.P2	1-1	high	TRUE
dates	fr	S19.P3	S19.P3	1-1	high	TRUE
dates	fr	S20.P1	S20.P1	1-1	high	TRUE
dates	fr	S21.P1	S21.P1	1-1	high	TRUE
dates	fr	S21.P2	S21.P2	1-1	high	TRUE
dates	fr	S22.P1	S22.P1	1-1	high	TRUE
dates	fr	S22.P2	S22.P2	1-1	high	TRUE
dates	fr	S22.P3	S22.P3	1-1	high	TRUE
dates	fr	S24.P1	S24.P1	1-1	high	TRUE
dates	fr	S25.P1	S25.P1	1-1	high	TRUE
dates	fr	S25.P2	S25.P2	1-1	high	TRUE
dates	fr	S26.P1	S26.P1	1-1	high	TRUE
dates	fr	S27.P1	S27.P1	1-1	high	TRUE
dates	fr	S27.P2	S27.P2	1-1	high	TRUE
dates	fr	S28.P1	S28.P1	1-1	high	TRUE
dates	fr	S28.P2	S28.P2	1-1	high	TRUE
dates	fr	S28.P3	S28.P3	1-1	high	TRUE
dates	fr	S28.P4	S28.P4	1-1	high	TRUE
dates	fr	S28.P5	S28.P5	1-1	high	TRUE
dates	fr	S29.P1	S29.P1	1-1	high	TRUE
dates	jp	S0.P1	S0.P1	1-1	high	TRUE
dates	jp	S1.P1	S1.P1	1-1	high	TRUE
dates	jp	S3.P1	S3.P1	1-1	high	TRUE
dates	jp	S4.P1	S4.P1	1-1	high	TRUE
dates	jp	S4.P2	S4.P2	1-1	high	TRUE
dates	jp	S5.P1	S5.P1	1-1	high	TRUE
dates	jp	S5.P2	S5.P2	1-1	high	TRUE
dates	jp	S6.P1	S6.P1	1-1	high	TRUE
dates	jp	S7.P1	S7.P1	1-1	high	TRUE
dates	jp	S7.P2	S7.P2	1-1	high	TRUE
dates	jp	S8.P1	S8.P1	1-1	high	TRUE
dates	jp	S8.P2	S8.P2	1-1	high	TRUE
dates	jp	S8.P3	S8.P3	1-1	high	TRUE
dates	jp	S8.P4	S8.P4	1-1	high	TRUE
dates	jp	S8.P5	S8.P5	1-1	high	TRUE
dates	jp	S8.P6	S8.P6	1-1	high	TRUE
dates	jp	S8.P7	S8.P7	1-1	high	TRUE
dates	jp	S9.P1	S9.P1	1-1	high	TRUE
dates	jp	S9.P2	S9.P2	1-1	high	TRUE
dates	jp	S10.P1	S10.P1	1-1	high	TRUE
dates	jp	S10.P2	S10.P2	1-1	high	TRUE
dates	jp	S11.P1	S11.P1	1-1	high	TRUE
dates	jp	S11.P2	S11.P2	1-1	high	TRUE
dates	jp	S12.P1	S12.P1	1-1	high	TRUE
dates	jp	S13.P1	S13.P1	1-1	high	TRUE
dates	jp	S13.P2	S13.P2	1-1	high	TRUE
dates	jp	S13.P3	S13.P3	1-1	high	TRUE
dates	jp	S13.P4	S13.P4	1-1	high	TRUE
dates	jp	S13.P5	S13.P5	1-1	high	TRUE
dates	jp	S14.P1	S14.P1	1-1	high	TRUE
dates	jp	S14.P2	S14.P2	1-1	high	TRUE
dates	jp	S15.P1	S15.P1	1-1	high	TRUE
dates	jp	S15.P2	S15.P2	1-1	high	TRUE
dates	jp	S16.P1	S16.P1	1-1	high	TRUE
dates	jp	S17.P1	S17.P1	1-1	high	TRUE
dates	jp	S17.P2	S17.P2	1-1	high	TRUE
dates	jp	S17.P3	S17.P3	1-1	high	TRUE
dates	jp	S18.P1	S18.P1	1-1	high	TRUE
dates	jp	S19.P1	S19.P1	1-1	high	TRUE
dates	jp	S19.P2	S19.P2	1-1	high	TRUE
dates	jp	S19.P3	S19.P3	1-1	high	TRUE
dates	jp	S19.P4	S19.P4	1-1	high	TRUE
dates	jp	S20.P1	S20.P1	1-1	high	TRUE
dates	jp	S21.P1	S21.P1	1-1	high	TRUE
dates	jp	S21.P2	S21.P2	1-1	high	TRUE
dates	jp	S22.P1	S22.P1	1-1	high	TRUE
dates	jp	S22.P2	S22.P2	1-1	high	TRUE
dates	jp	S22.P3	S22.P3	1-1	high	TRUE
dates	jp	S24.P1	S24.P1	1-1	high	TRUE
dates	jp	S25.P1	S25.P1	1-1	high	TRUE
dates	jp	S25.P2	S25.P2	1-1	high	TRUE
dates	jp	S26.P1	S26.P1	1-1	high	TRUE
dates	jp	S27.P1	S27.P1	1-1	high	TRUE
dates	jp	S27.P2	S27.P2	1-1	high	TRUE
dates	jp	S28.P1	S28.P1	1-1	high	TRUE
dates	jp	S28.P2	S28.P2	1-1	high	TRUE
dates	jp	S28.P3	S28.P3	1-1	high	TRUE
dates	jp	S28.P4	S28.P4	1-1	high	TRUE
dates	jp	S28.P5	S28.P5	1-1	high	TRUE
dates	jp	S29.P1	S29.P1	1-1	high	TRUE
dates	pt	S1.P1	S1.P1	1-1	high	TRUE
dates	pt	S3.P1	S3.P1	1-1	high	TRUE
dates	pt	S4.P1	S4.P1	1-1	high	TRUE
dates	pt	S5.P1	S5.P1	1-1	high	TRUE
dates	pt	S5.P2	S5.P2	1-1	high	TRUE
dates	pt	S6.P1	S6.P1	1-1	high	TRUE
dates	pt	S7.P1	S7.P1	1-1	high	TRUE
dates	pt	S7.P2	S7.P2	1-1	high	TRUE
dates	pt	S8.P1	S8.P1	1-1	high	TRUE
dates	pt	S8.P2	S8.P2	1-1	high	TRUE
dates	pt	S8.P3	S8.P3	1-1	high	TRUE
dates	pt	S8.P4	S8.P4	1-1	high	TRUE
dates	pt	S8.P5	S8.P5	1-1	high	TRUE
dates	pt	S8.P6	S8.P6	1-1	high	TRUE
dates	pt	S8.P7	S8.P7	1-1	high	TRUE
dates	pt	S9.P1	S9.P1	1-1	high	TRUE
dates	pt	S10.P1	S10.P1	1-1	high	TRUE
dates	pt	S11.P1	S11.P1	1-1	high	TRUE
dates	pt	S12.P1	S12.P1	1-1	high	TRUE
dates	pt	S13.P1	S13.P1	1-1	high	TRUE
dates	pt	S13.P2	S13.P2	1-1	high	TRUE
dates	pt	S13.P3	S13.P3	1-1	high	TRUE
dates	pt	S13.P4	S13.P4	1-1	high	TRUE
dates	pt	S13.P5	S13.P5	1-1	high	TRUE
dates	pt	S14.P1	S14.P1	1-1	high	TRUE
dates	pt	S14.P2	S14.P2	1-1	high	TRUE
dates	pt	S15.P1	S15.P1	1-1	high	TRUE
dates	pt	S15.P2	S15.P2	1-1	high	TRUE
dates	pt	S16.P1	S16.P1	1-1	high	TRUE
dates	pt	S17.P1	S17.P1	1-1	high	TRUE
dates	pt	S17.P2	S17.P2	1-1	high	TRUE
dates	pt	S17.P3	S17.P3	1-1	high	TRUE
dates	pt	S18.P1	S18.P1	1-1	high	TRUE
dates	pt	S19.P1	S19.P1	1-1	high	TRUE
dates	pt	S19.P2	S19.P2	1-1	high	TRUE
dates	pt	S19.P3	S19.P3	1-1	high	TRUE
dates	pt	S20.P1	S20.P1	1-1	high	TRUE
dates	pt	S21.P1	S21.P1	1-1	high	TRUE
dates	pt	S21.P2	S21.P2	1-1	high	TRUE
dates	pt	S21.P3	S21.P3	1-1	high	TRUE
dates	pt	S22.P1	S22.P1	1-1	high	TRUE
dates	pt	S22.P2	S22.P2	1-1	high	TRUE
dates	pt	S22.P3	S22.P3	1-1	high	TRUE
dates	pt	S24.P1	S24.P1	1-1	high	TRUE
dates	pt	S25.P1	S25.P1	1-1	high	TRUE
dates	pt	S25.P2	S25.P2	1-1	high	TRUE
dates	pt	S26.P1	S26.P1	1-1	high	TRUE
dates	pt	S27.P1	S27.P1	1-1	high	TRUE
dates	pt	S27.P2	S27.P2	1-1	high	TRUE
dates	pt	S28.P1	S28.P1	1-1	high	TRUE
dates	pt	S28.P2	S28.P2	1-1	high	TRUE
dates	pt	S28.P3	S28.P3	1-1	high	TRUE
dates	pt	S28.P4	S28.P4	1-1	high	TRUE
dates	pt	S28.P5	S28.P5	1-1	high	TRUE
dates	pt	S29.P1	S29.P1	1-1	high	TRUE
dates	ru	S1.P1	S1.P1	1-1	high	TRUE
dates	ru	S3.P1	S3.P1	1-1	high	TRUE
dates	ru	S4.P1	S4.P1	1-1	high	TRUE
dates	ru	S5.P1	S5.P1	1-1	high	TRUE
dates	ru	S5.P2	S5.P2	1-1	high	TRUE
dates	ru	S6.P1	S6.P1	1-1	high	TRUE
dates	ru	S7.P1	S7.P1	1-1	high	TRUE
dates	ru	S7.P2	S7.P2	1-1	high	TRUE
dates	ru	S8.P1	S8.P1	1-1	high	TRUE
dates	ru	S8.P2	S8.P2	1-1	high	TRUE
dates	ru	S8.P3	S8.P3	1-1	high	TRUE
dates	ru	S8.P4	S8.P4	1-1	high	TRUE
dates	ru	S8.P5	S8.P5	1-1	high	TRUE
dates	ru	S8.P6	S8.P6	1-1	high	TRUE
dates	ru	S8.P7	S8.P7	1-1	high	TRUE
dates	ru	S9.P1	S9.P1	1-1	high	TRUE
dates	ru	S10.P1	S10.P1	1-1	high	TRUE
dates	ru	S11.P1	S11.P1	1-1	high	TRUE
dates	ru	S12.P1	S12.P1	1-1	high	TRUE
dates	ru	S13.P1	S13.P1	1-1	high	TRUE
dates	ru	S13.P2	S13.P2	1-1	high	TRUE
dates	ru	S13.P3	S13.P3	1-1	high	TRUE
dates	ru	S13.P4	S13.P4	1-1	high	TRUE
dates	ru	S13.P5	S13.P5	1-1	high	TRUE
dates	ru	S14.P1	S14.P1	1-1	high	TRUE
dates	ru	S14.P2	S14.P2	1-1	high	TRUE
dates	ru	S15.P1	S15.P1	1-1	high	TRUE
dates	ru	S15.P2	S15.P2	1-1	high	TRUE
dates	ru	S16.P1	S16.P1	1-1	high	TRUE
dates	ru	S17.P1	S17.P1	1-1	high	TRUE
dates	ru	S17.P2	S17.P2	1-1	high	TRUE
dates	ru	S17.P3	S17.P3	1-1	high	TRUE
dates	ru	S18.P1	S18.P1	1-1	high	TRUE
dates	ru	S19.P1	S19.P1	1-1	high	TRUE
dates	ru	S19.P2	S19.P2	1-1	high	TRUE
dates	ru	S19.P3	S19.P3	1-1	high	TRUE
dates	ru	S20.P1	S20.P1	1-1	high	TRUE
dates	ru	S21.P1	S21.P1	1-1	high	TRUE
dates	ru	S21.P2	S21.P2	1-1	high	TRUE
dates	ru	S22.P1	S22.P1	1-1	high	TRUE
dates	ru	S22.P2	S22.P2	1-1	high	TRUE
dates	ru	S22.P3	S22.P3	1-1	high	TRUE
dates	ru	S24.P1	S24.P1	1-1	high	TRUE
dates	ru	S25.P1	S25.P1	1-1	high	TRUE
dates	ru	S25.P2	S25.P2	1-1	high	TRUE
dates	ru	S26.P1	S26.P1	1-1	high	TRUE
dates	ru	S27.P1	S27.P1	1-1	high	TRUE
dates	ru	S27.P2	S27.P2	1-1	high	TRUE
dates	ru	S28.P1	S28.P1	1-1	high	TRUE
dates	ru	S28.P2	S28.P2	1-1	high	TRUE
dates	ru	S28.P3	S28.P3	1-1	high	TRUE
dates	ru	S28.P4	S28.P4	1-1	high	TRUE
dates	ru	S28.P5	S28.P5	1-1	high	TRUE
dates	ru	S29.P1	S29.P1	1-1	high	TRUE
dates	tr	S1.P1	S1.P1	1-1	high	TRUE
dates	tr	S3.P1	S3.P1	1-1	high	TRUE
dates	tr	S4.P1	S4.P1	1-1	high	TRUE
dates	tr	S5.P1	S5.P1	1-1	high	TRUE
dates	tr	S5.P2	S5.P2	1-1	high	TRUE
dates	tr	S6.P1	S6.P1	1-1	high	TRUE
dates	tr	S7.P1	S7.P1	1-1	high	TRUE
dates	tr	S7.P2	S7.P2	1-1	high	TRUE
dates	tr	S8.P1	S8.P1	1-1	high	TRUE
dates	tr	S8.P2	S8.P2	1-1	high	TRUE
dates	tr	S8.P3	S8.P3	1-1	high	TRUE
dates	tr	S8.P4	S8.P4	1-1	high	TRUE
dates	tr	S8.P5	S8.P5	1-1	high	TRUE
dates	tr	S8.P6	S8.P6	1-1	high	TRUE
dates	tr	S8.P7	S8.P7	1-1	high	TRUE
dates	tr	S9.P1	S9.P1	1-1	high	TRUE
dates	tr	S10.P1	S10.P1	1-1	high	TRUE
dates	tr	S11.P1	S11.P1	1-1	high	TRUE
dates	tr	S12.P1	S12.P1	1-1	high	TRUE
dates	tr	S13.P1	S13.P1	1-1	high	TRUE
dates	tr	S13.P2	S13.P2	1-1	high	TRUE
dates	tr	S13.P3	S13.P3	1-1	high	TRUE
dates	tr	S13.P4	S13.P4	1-1	high	TRUE
dates	tr	S13.P5	S13.P5	1-1	high	TRUE
dates	tr	S14.P1	S14.P1	1-1	high	TRUE
dates	tr	S14.P2	S14.P2	1-1	high	TRUE
dates	tr	S15.P1	S15.P1	1-1	high	TRUE
dates	tr	S15.P2	S15.P2	1-1	high	TRUE
dates	tr	S16.P1	S16.P1	1-1	high	TRUE
dates	tr	S17.P1	S17.P1	1-1	high	TRUE
dates	tr	S17.P2	S17.P2	1-1	high	TRUE
dates	tr	S17.P3	S17.P3	1-1	high	TRUE
dates	tr	S18.P1	S18.P1	1-1	high	TRUE
dates	tr	S19.P1	S19.P1	1-1	high	TRUE
dates	tr	S19.P2	S19.P2	1-1	high	TRUE
dates	tr	S19.P3	S19.P3	1-1	high	TRUE
dates	tr	S20.P1	S20.P1	1-1	high	TRUE
dates	tr	S21.P1	S21.P1	1-1	high	TRUE
dates	tr	S21.P2	S21.P2	1-1	high	TRUE
dates	tr	S22.P1	S22.P1	1-1	high	TRUE
dates	tr	S22.P2	S22.P2	1-1	high	TRUE
dates	tr	S22.P3	S22.P3	1-1	high	TRUE
dates	tr	S24.P1	S24.P1	1-1	high	TRUE
dates	tr	S25.P1	S25.P1	1-1	high	TRUE
dates	tr	S25.P2	S25.P2	1-1	high	TRUE
dates	tr	S26.P1	S26.P1	1-1	high	TRUE
dates	tr	S27.P1	S27.P1	1-1	high	TRUE
dates	tr	S27.P2	S27.P2	1-1	high	TRUE
dates	tr	S28.P1	S28.P1	1-1	high	TRUE
dates	tr	S28.P2	S28.P2	1-1	high	TRUE
dates	tr	S28.P3	S28.P3	1-1	high	TRUE
dates	tr	S28.P4	S28.P4	1-1	high	TRUE
dates	tr	S28.P5	S28.P5	1-1	high	TRUE
dates	tr	S29.P1	S29.P1	1-1	high	TRUE
dates	vn	S1.P1	S1.P1	1-1	high	TRUE
dates	vn	S3.P1	S3.P1	1-1	high	TRUE
dates	vn	S4.P1	S4.P1	1-1	high	TRUE
dates	vn	S5.P1	S5.P1	1-1	high	TRUE
dates	vn	S5.P2	S5.P2	1-1	high	TRUE
dates	vn	S6.P1	S6.P1	1-1	high	TRUE
dates	vn	S7.P1	S7.P1	1-1	high	TRUE
dates	vn	S7.P2	S7.P2	1-1	high	TRUE
dates	vn	S8.P1	S8.P1	1-1	high	TRUE
dates	vn	S8.P2	S8.P2	1-1	high	TRUE
dates	vn	S8.P3	S8.P3	1-1	high	TRUE
dates	vn	S8.P4	S8.P4	1-1	high	TRUE
dates	vn	S8.P5	S8.P5	1-1	high	TRUE
dates	vn	S8.P6	S8.P6	1-1	high	TRUE
dates	vn	S8.P7	S8.P7	1-1	high	TRUE
dates	vn	S9.P1	S9.P1	1-1	high	TRUE
dates	vn	S10.P1	S10.P1	1-1	high	TRUE
dates	vn	S11.P1	S11.P1	1-1	high	TRUE
dates	vn	NA	S11.P2	unmatched-tr	high	TRUE
dates	vn	S12.P1	S12.P1	1-1	high	TRUE
dates	vn	S13.P1	S13.P1	1-1	high	TRUE
dates	vn	S13.P2	S13.P2	1-1	high	TRUE
dates	vn	S13.P3	S13.P3	1-1	high	TRUE
dates	vn	S13.P4	S13.P4	1-1	high	TRUE
dates	vn	S13.P5	S13.P5	1-1	high	TRUE
dates	vn	S14.P1	S14.P1	1-1	high	TRUE
dates	vn	S14.P2	S14.P2	1-1	high	TRUE
dates	vn	S15.P1	S15.P1	1-1	high	TRUE
dates	vn	S15.P2	S15.P2	1-1	high	TRUE
dates	vn	S16.P1	S16.P1	1-1	high	TRUE
dates	vn	S17.P1	S17.P1	1-1	high	TRUE
dates	vn	S17.P2	S17.P2	1-1	high	TRUE
dates	vn	S17.P3	S17.P3	1-1	high	TRUE
dates	vn	S18.P1	S18.P1	1-1	high	TRUE
dates	vn	S19.P1	S19.P1	1-1	high	TRUE
dates	vn	S19.P2	S19.P2	1-1	high	TRUE
dates	vn	S19.P3	S19.P3	1-1	high	TRUE
dates	vn	S20.P1	S20.P1	1-1	high	TRUE
dates	vn	S21.P1	S21.P1	1-1	high	TRUE
dates	vn	S21.P2	S21.P2	1-1	high	TRUE
dates	vn	S22.P1	S22.P1	1-1	high	TRUE
dates	vn	S22.P2	S22.P2	1-1	high	TRUE
dates	vn	S22.P3	S22.P3	1-1	high	TRUE
dates	vn	S24.P1	S24.P1	1-1	high	TRUE
dates	vn	S25.P1	S25.P1	1-1	high	TRUE
dates	vn	S25.P2	S25.P2	1-1	high	TRUE
dates	vn	S26.P1	S26.P1	1-1	high	TRUE
dates	vn	S27.P1	S27.P1	1-1	high	TRUE
dates	vn	S27.P2	S27.P2	1-1	high	TRUE
dates	vn	S28.P1	S28.P1	1-1	high	TRUE
dates	vn	S28.P2	S28.P2	1-1	high	TRUE
dates	vn	S28.P3	S28.P3	1-1	high	TRUE
dates	vn	S28.P4	S28.P4	1-1	high	TRUE
dates	vn	S28.P5	S28.P5	1-1	high	TRUE
dates	vn	S29.P1	S29.P1	1-1	high	TRUE
deduplication	es	S1.P1	S1.P1	1-1	high	TRUE
deduplication	es	S3.P1	S3.P1	1-1	high	TRUE
deduplication	es	S4.P1	S4.P1	1-1	high	TRUE
deduplication	es	S5.P1	S5.P1	1-1	high	TRUE
deduplication	es	S5.P2	S5.P2	1-1	high	TRUE
deduplication	es	S6.P1	S6.P1	1-1	high	TRUE
deduplication	es	S7.P1	S7.P1	1-1	high	TRUE
deduplication	es	S7.P2	S7.P2	1-1	high	TRUE
deduplication	es	S7.P3	S7.P3	1-1	high	TRUE
deduplication	es	S7.P4	S7.P4	1-1	high	TRUE
deduplication	es	S8.P1	S8.P1	1-1	high	TRUE
deduplication	es	S8.P2	S8.P2	1-1	high	TRUE
deduplication	es	S8.P3	S8.P3	1-1	high	TRUE
deduplication	es	S9.P1	S9.P1	1-1	high	TRUE
deduplication	es	S9.P2	S9.P2	1-1	high	TRUE
deduplication	es	S9.P3	S9.P3	1-1	high	TRUE
deduplication	es	S10.P1	S10.P1	1-1	high	TRUE
deduplication	es	S11.P1	S11.P1	1-1	high	TRUE
deduplication	es	S11.P2	S11.P2	1-1	high	TRUE
deduplication	es	S11.P3	S11.P3	1-1	high	TRUE
deduplication	es	S12.P1	S12.P1	1-1	high	TRUE
deduplication	es	S12.P2	S12.P2	1-1	high	TRUE
deduplication	es	S12.P3	S12.P3	1-1	high	TRUE
deduplication	es	S13.P1	S13.P1	1-1	high	TRUE
deduplication	es	S13.P2	S13.P2	1-1	high	TRUE
deduplication	es	S14.P1	S14.P1	1-1	high	TRUE
deduplication	es	S14.P2	S14.P2	1-1	high	TRUE
deduplication	es	S15.P1	S15.P1	1-1	high	TRUE
deduplication	es	S16.P1	S16.P1	1-1	high	TRUE
deduplication	es	S16.P2	S16.P2	1-1	high	TRUE
deduplication	es	S16.P3	S16.P3	1-1	high	TRUE
deduplication	es	S16.P4	S16.P4	1-1	high	TRUE
deduplication	es	S17.P1	S17.P1	1-1	high	TRUE
deduplication	es	S17.P2	S17.P2	1-1	high	TRUE
deduplication	es	S17.P3	S17.P3	1-1	high	TRUE
deduplication	es	S18.P1	S18.P1	1-1	high	TRUE
deduplication	es	S19.P1	S19.P1	1-1	high	TRUE
deduplication	fr	S1.P1	S1.P1	1-1	high	TRUE
deduplication	fr	S1.P2	S1.P2	1-1	high	TRUE
deduplication	fr	S2.P1	S2.P1	1-1	high	TRUE
deduplication	fr	S3.P1	S3.P1	1-1	high	TRUE
deduplication	fr	S3.P2	S3.P2	1-1	high	TRUE
deduplication	fr	S4.P1	S4.P1	1-1	high	TRUE
deduplication	fr	S4.P2	S4.P2	1-1	high	TRUE
deduplication	fr	S5.P1	S5.P1	1-1	high	TRUE
deduplication	fr	S5.P2	S5.P2	1-1	high	TRUE
deduplication	fr	S5.P3	S5.P3	1-1	high	TRUE
deduplication	fr	S6.P1	S6.P1	1-1	high	TRUE
deduplication	fr	S7.P1	S7.P1	1-1	high	TRUE
deduplication	fr	S7.P2	S7.P2	1-1	high	TRUE
deduplication	fr	S7.P3	S7.P3	1-1	high	TRUE
deduplication	fr	S7.P4	S7.P4	1-1	high	TRUE
deduplication	fr	S7.P5	S7.P5	1-1	high	TRUE
deduplication	fr	S7.P6	S7.P6	1-1	high	TRUE
deduplication	fr	S7.P7	S7.P7	1-1	high	TRUE
deduplication	fr	S8.P1	S8.P1	1-1	high	TRUE
deduplication	fr	S8.P2	S8.P2	1-1	high	TRUE
deduplication	fr	S8.P3	S8.P3	1-1	high	TRUE
deduplication	fr	S8.P4	S8.P4	1-1	high	TRUE
deduplication	fr	S8.P5	S8.P5	1-1	high	TRUE
deduplication	fr	S9.P1	S9.P1	1-1	high	TRUE
deduplication	fr	S9.P2	S9.P2	1-1	high	TRUE
deduplication	fr	S9.P3	S9.P3	1-1	high	TRUE
deduplication	fr	S9.P4	S9.P4	1-1	high	TRUE
deduplication	fr	S10.P1	S10.P1	1-1	high	TRUE
deduplication	fr	S11.P1	S11.P1	1-1	high	TRUE
deduplication	fr	S11.P2	S11.P2	1-1	high	TRUE
deduplication	fr	S11.P3	S11.P3	1-1	high	TRUE
deduplication	fr	S11.P4	S11.P4	1-1	high	TRUE
deduplication	fr	S12.P1	S12.P1	1-1	high	TRUE
deduplication	fr	S12.P2	S12.P2	1-1	high	TRUE
deduplication	fr	S12.P3	S12.P3	1-1	high	TRUE
deduplication	fr	S12.P4	S12.P4	1-1	high	TRUE
deduplication	fr	S12.P5	S12.P5	1-1	high	TRUE
deduplication	fr	S13.P1	S13.P1	1-1	high	TRUE
deduplication	fr	S13.P2	S13.P2	1-1	high	TRUE
deduplication	fr	S13.P3	S13.P3	1-1	high	TRUE
deduplication	fr	S14.P1	S14.P1	1-1	high	TRUE
deduplication	fr	S14.P2	S14.P2	1-1	high	TRUE
deduplication	fr	S14.P3	S14.P3	1-1	high	TRUE
deduplication	fr	S15.P1	S15.P1	1-1	high	TRUE
deduplication	fr	S16.P1	S16.P1	1-1	high	TRUE
deduplication	fr	S16.P2	S16.P2	1-1	high	TRUE
deduplication	fr	S16.P3	S16.P3	1-1	high	TRUE
deduplication	fr	S16.P4	S16.P4	1-1	high	TRUE
deduplication	fr	S16.P5	S16.P5	1-1	high	TRUE
deduplication	fr	S16.P6	S16.P6	1-1	high	TRUE
deduplication	fr	S16.P7	S16.P7	1-1	high	TRUE
deduplication	fr	S17.P1	S17.P1	1-1	high	TRUE
deduplication	fr	S17.P2	S17.P2	1-1	high	TRUE
deduplication	fr	S17.P3	S17.P3	1-1	high	TRUE
deduplication	fr	S18.P1	S18.P1	1-1	high	TRUE
deduplication	fr	S19.P1	S19.P1	1-1	high	TRUE
deduplication	jp	S1.P1	S1.P1	1-1	high	TRUE
deduplication	jp	S3.P1	S3.P1	1-1	high	TRUE
deduplication	jp	S4.P1	S4.P1	1-1	high	TRUE
deduplication	jp	S5.P1	S5.P1	1-1	high	TRUE
deduplication	jp	S5.P2	S5.P2	1-1	high	TRUE
deduplication	jp	S6.P1	S6.P1	1-1	high	TRUE
deduplication	jp	S7.P1	S7.P1	1-1	high	TRUE
deduplication	jp	S7.P2	S7.P2	1-1	high	TRUE
deduplication	jp	S7.P3	S7.P3	1-1	high	TRUE
deduplication	jp	S7.P4	S7.P4	1-1	high	TRUE
deduplication	jp	S8.P1	S8.P1	1-1	high	TRUE
deduplication	jp	S8.P2	S8.P2	1-1	high	TRUE
deduplication	jp	S8.P3	S8.P3	1-1	high	TRUE
deduplication	jp	S9.P1	S9.P1	1-1	high	TRUE
deduplication	jp	S9.P2	S9.P2	1-1	high	TRUE
deduplication	jp	S9.P3	S9.P3	1-1	high	TRUE
deduplication	jp	S10.P1	S10.P1	1-1	high	TRUE
deduplication	jp	S11.P1	S11.P1	1-1	high	TRUE
deduplication	jp	S11.P2	S11.P2	1-1	high	TRUE
deduplication	jp	S11.P3	S11.P3	1-1	high	TRUE
deduplication	jp	S12.P1	S12.P1	1-1	high	TRUE
deduplication	jp	S12.P2	S12.P2	1-1	high	TRUE
deduplication	jp	S12.P3	S12.P3	1-1	high	TRUE
deduplication	jp	S13.P1	S13.P1	1-1	high	TRUE
deduplication	jp	S13.P2	S13.P2	1-1	high	TRUE
deduplication	jp	S14.P1	S14.P1	1-1	high	TRUE
deduplication	jp	S14.P2	S14.P2	1-1	high	TRUE
deduplication	jp	S15.P1	S15.P1	1-1	high	TRUE
deduplication	jp	S16.P1	S16.P1	1-1	high	TRUE
deduplication	jp	S16.P2	S16.P2	1-1	high	TRUE
deduplication	jp	S16.P3	S16.P3	1-1	high	TRUE
deduplication	jp	S16.P4	S16.P4	1-1	high	TRUE
deduplication	jp	S17.P1	S17.P1	1-1	high	TRUE
deduplication	jp	S17.P2	S17.P2	1-1	high	TRUE
deduplication	jp	S17.P3	S17.P3	1-1	high	TRUE
deduplication	jp	S18.P1	S18.P1	1-1	high	TRUE
deduplication	jp	S19.P1	S19.P1	1-1	high	TRUE
deduplication	pt	S1.P1	S1.P1	1-1	high	TRUE
deduplication	pt	S3.P1	S3.P1	1-1	high	TRUE
deduplication	pt	S4.P1	S4.P1	1-1	high	TRUE
deduplication	pt	S5.P1	S5.P1	1-1	high	TRUE
deduplication	pt	S5.P2	S5.P2	1-1	high	TRUE
deduplication	pt	S6.P1	S6.P1	1-1	high	TRUE
deduplication	pt	S7.P1	S7.P1	1-1	high	TRUE
deduplication	pt	S7.P2	S7.P2	1-1	high	TRUE
deduplication	pt	S7.P3	S7.P3	1-1	high	TRUE
deduplication	pt	S7.P4	S7.P4	1-1	high	TRUE
deduplication	pt	S8.P1	S8.P1	1-1	high	TRUE
deduplication	pt	S8.P2	S8.P2	1-1	high	TRUE
deduplication	pt	S8.P3	S8.P3	1-1	high	TRUE
deduplication	pt	S9.P1	S9.P1	1-1	high	TRUE
deduplication	pt	S9.P2	S9.P2	1-1	high	TRUE
deduplication	pt	S9.P3	S9.P3	1-1	high	TRUE
deduplication	pt	S10.P1	S10.P1	1-1	high	TRUE
deduplication	pt	S11.P1	S11.P1	1-1	high	TRUE
deduplication	pt	S11.P2	S11.P2	1-1	high	TRUE
deduplication	pt	S11.P3	S11.P3	1-1	high	TRUE
deduplication	pt	S12.P1	S12.P1	1-1	high	TRUE
deduplication	pt	S12.P2	S12.P2	1-1	high	TRUE
deduplication	pt	S12.P3	S12.P3	1-1	high	TRUE
deduplication	pt	S13.P1	S13.P1	1-1	high	TRUE
deduplication	pt	S13.P2	S13.P2	1-1	high	TRUE
deduplication	pt	S14.P1	S14.P1	1-1	high	TRUE
deduplication	pt	S14.P2	S14.P2	1-1	high	TRUE
deduplication	pt	S15.P1	S15.P1	1-1	high	TRUE
deduplication	pt	S16.P1	S16.P1	1-1	high	TRUE
deduplication	pt	S16.P2	S16.P2	1-1	high	TRUE
deduplication	pt	S16.P3	S16.P3	1-1	high	TRUE
deduplication	pt	S16.P4	S16.P4	1-1	high	TRUE
deduplication	pt	S17.P1	S17.P1	1-1	high	TRUE
deduplication	pt	S17.P2	S17.P2	1-1	high	TRUE
deduplication	pt	S17.P3	S17.P3	1-1	high	TRUE
deduplication	pt	S18.P1	S18.P1	1-1	high	TRUE
deduplication	pt	S19.P1	S19.P1	1-1	high	TRUE
deduplication	ru	S1.P1	S1.P1	1-1	high	TRUE
deduplication	ru	S3.P1	S3.P1	1-1	high	TRUE
deduplication	ru	S4.P1	S4.P1	1-1	high	TRUE
deduplication	ru	S5.P1	S5.P1	1-1	high	TRUE
deduplication	ru	S5.P2	S5.P2	1-1	high	TRUE
deduplication	ru	S5.P3	S5.P3	1-1	high	TRUE
deduplication	ru	S6.P1	S6.P1	1-1	high	TRUE
deduplication	ru	S7.P1	S7.P1	1-1	high	TRUE
deduplication	ru	S7.P2	S7.P2	1-1	high	TRUE
deduplication	ru	S7.P3	S7.P3	1-1	high	TRUE
deduplication	ru	S7.P4	S7.P4	1-1	high	TRUE
deduplication	ru	S8.P1	S8.P1	1-1	high	TRUE
deduplication	ru	S8.P2	S8.P2	1-1	high	TRUE
deduplication	ru	S8.P3	S8.P3	1-1	high	TRUE
deduplication	ru	S9.P1	S9.P1	1-1	high	TRUE
deduplication	ru	S9.P2	S9.P2	1-1	high	TRUE
deduplication	ru	S9.P3	S9.P3	1-1	high	TRUE
deduplication	ru	S9.P4	S9.P4	1-1	high	TRUE
deduplication	ru	S10.P1	S10.P1	1-1	high	TRUE
deduplication	ru	S11.P1	S11.P1	1-1	high	TRUE
deduplication	ru	S11.P2	S11.P2	1-1	high	TRUE
deduplication	ru	S11.P3	S11.P3	1-1	high	TRUE
deduplication	ru	S12.P1	S12.P1	1-1	high	TRUE
deduplication	ru	S12.P2	S12.P2	1-1	high	TRUE
deduplication	ru	S12.P3	S12.P3	1-1	high	TRUE
deduplication	ru	S13.P1	S13.P1	1-1	high	TRUE
deduplication	ru	S13.P2	S13.P2	1-1	high	TRUE
deduplication	ru	S14.P1	S14.P1	1-1	high	TRUE
deduplication	ru	S14.P2	S14.P2	1-1	high	TRUE
deduplication	ru	S15.P1	S15.P1	1-1	high	TRUE
deduplication	ru	S16.P1	S16.P1	1-1	high	TRUE
deduplication	ru	S16.P2	S16.P2	1-1	high	TRUE
deduplication	ru	S16.P3	S16.P3	1-1	high	TRUE
deduplication	ru	S16.P4	S16.P4	1-1	high	TRUE
deduplication	ru	S16.P5	S16.P5	1-1	high	TRUE
deduplication	ru	S17.P1	S17.P1	1-1	high	TRUE
deduplication	ru	S17.P2	S17.P2	1-1	high	TRUE
deduplication	ru	S17.P3	S17.P3	1-1	high	TRUE
deduplication	ru	S18.P1	S18.P1	1-1	high	TRUE
deduplication	ru	S19.P1	S19.P1	1-1	high	TRUE
deduplication	tr	S1.P1	S1.P1	1-1	high	TRUE
deduplication	tr	S3.P1	S3.P1	1-1	high	TRUE
deduplication	tr	S4.P1	S4.P1	1-1	high	TRUE
deduplication	tr	S5.P1	S5.P1	1-1	high	TRUE
deduplication	tr	S5.P2	S5.P2	1-1	high	TRUE
deduplication	tr	S6.P1	S6.P1	1-1	high	TRUE
deduplication	tr	S7.P1	S7.P1	1-1	high	TRUE
deduplication	tr	S7.P2	S7.P2	1-1	high	TRUE
deduplication	tr	S7.P3	S7.P3	1-1	high	TRUE
deduplication	tr	S7.P4	S7.P4	1-1	high	TRUE
deduplication	tr	S8.P1	S8.P1	1-1	high	TRUE
deduplication	tr	S8.P2	S8.P2	1-1	high	TRUE
deduplication	tr	S8.P3	S8.P3	1-1	high	TRUE
deduplication	tr	S9.P1	S9.P1	1-1	high	TRUE
deduplication	tr	S9.P2	S9.P2	1-1	high	TRUE
deduplication	tr	S9.P3	S9.P3	1-1	high	TRUE
deduplication	tr	S10.P1	S10.P1	1-1	high	TRUE
deduplication	tr	S11.P1	S11.P1	1-1	high	TRUE
deduplication	tr	S11.P2	S11.P2	1-1	high	TRUE
deduplication	tr	S11.P3	S11.P3	1-1	high	TRUE
deduplication	tr	S12.P1	S12.P1	1-1	high	TRUE
deduplication	tr	S12.P2	S12.P2	1-1	high	TRUE
deduplication	tr	S12.P3	S12.P3	1-1	high	TRUE
deduplication	tr	S13.P1	S13.P1	1-1	high	TRUE
deduplication	tr	S13.P2	S13.P2	1-1	high	TRUE
deduplication	tr	S14.P1	S14.P1	1-1	high	TRUE
deduplication	tr	S14.P2	S14.P2	1-1	high	TRUE
deduplication	tr	S15.P1	S15.P1	1-1	high	TRUE
deduplication	tr	S16.P1	S16.P1	1-1	high	TRUE
deduplication	tr	S16.P2	S16.P2	1-1	high	TRUE
deduplication	tr	S16.P3	S16.P3	1-1	high	TRUE
deduplication	tr	S16.P4	S16.P4	1-1	high	TRUE
deduplication	tr	S17.P1	S17.P1	1-1	high	TRUE
deduplication	tr	S17.P2	S17.P2	1-1	high	TRUE
deduplication	tr	S17.P3	S17.P3	1-1	high	TRUE
deduplication	tr	S18.P1	S18.P1	1-1	high	TRUE
deduplication	tr	S19.P1	S19.P1	1-1	high	TRUE
deduplication	vn	S1.P1	S1.P1	1-1	high	TRUE
deduplication	vn	S3.P1	S3.P1	1-1	high	TRUE
deduplication	vn	S4.P1	S4.P1	1-1	high	TRUE
deduplication	vn	S5.P1	S5.P1	1-1	high	TRUE
deduplication	vn	S5.P2	S5.P2	1-1	high	TRUE
deduplication	vn	S6.P1	S6.P1	1-1	high	TRUE
deduplication	vn	S7.P1	S7.P1	1-1	high	TRUE
deduplication	vn	S7.P2	S7.P2	1-1	high	TRUE
deduplication	vn	S7.P3	S7.P3	1-1	high	TRUE
deduplication	vn	S7.P4	S7.P4	1-1	high	TRUE
deduplication	vn	S8.P1	S8.P1	1-1	high	TRUE
deduplication	vn	S8.P2	S8.P2	1-1	high	TRUE
deduplication	vn	S8.P3	S8.P3	1-1	high	TRUE
deduplication	vn	S9.P1	S9.P1	1-1	high	TRUE
deduplication	vn	S9.P2	S9.P2	1-1	high	TRUE
deduplication	vn	S9.P3	S9.P3	1-1	high	TRUE
deduplication	vn	S10.P1	S10.P1	1-1	high	TRUE
deduplication	vn	S11.P1	S11.P1	1-1	high	TRUE
deduplication	vn	S11.P2	S11.P2	1-1	high	TRUE
deduplication	vn	S11.P3	S11.P3	1-1	high	TRUE
deduplication	vn	S12.P1	S12.P1	1-1	high	TRUE
deduplication	vn	S12.P2	S12.P2	1-1	high	TRUE
deduplication	vn	S12.P3	S12.P3	1-1	high	TRUE
deduplication	vn	S13.P1	S13.P1	1-1	high	TRUE
deduplication	vn	S13.P2	S13.P2	1-1	high	TRUE
deduplication	vn	S14.P1	S14.P1	1-1	high	TRUE
deduplication	vn	S14.P2	S14.P2	1-1	high	TRUE
deduplication	vn	S15.P1	S15.P1	1-1	high	TRUE
deduplication	vn	S16.P1	S16.P1	1-1	high	TRUE
deduplication	vn	S16.P2	S16.P2	1-1	high	TRUE
deduplication	vn	S16.P3	S16.P3	1-1	high	TRUE
deduplication	vn	S16.P4	S16.P4	1-1	high	TRUE
deduplication	vn	S17.P1	S17.P1	1-1	high	TRUE
deduplication	vn	S17.P2	S17.P2	1-1	high	TRUE
deduplication	vn	S17.P3	S17.P3	1-1	high	TRUE
deduplication	vn	S18.P1	S18.P1	1-1	high	TRUE
deduplication	vn	S19.P1	S19.P1	1-1	high	TRUE
diagrams	es	S1.P1	S1.P1	1-1	high	TRUE
diagrams	es	S1.P2	S1.P2	1-1	high	TRUE
diagrams	es	S2.P1	S2.P1	1-1	high	TRUE
diagrams	es	S3.P1	S3.P1	1-1	high	TRUE
diagrams	es	S3.P2	S3.P2	1-1	high	TRUE
diagrams	es	S4.P1	S4.P1	1-1	high	TRUE
diagrams	es	S4.P2	S4.P2	1-1	high	TRUE
diagrams	es	S4.P3	S4.P3	1-1	high	TRUE
diagrams	es	S4.P4	S4.P4	1-1	high	TRUE
diagrams	es	S5.P1	S5.P1	1-1	high	TRUE
diagrams	es	S6.P1	S6.P1	1-1	high	TRUE
diagrams	es	S6.P2	S6.P2	1-1	high	TRUE
diagrams	es	S6.P3	S6.P3	1-1	high	TRUE
diagrams	es	S7.P1	S7.P1	1-1	high	TRUE
diagrams	es	S8.P1	S8.P1	1-1	high	TRUE
diagrams	es	S8.P2	S8.P2	1-1	high	TRUE
diagrams	es	S8.P3	S8.P3	1-1	high	TRUE
diagrams	es	S8.P4	S8.P4	1-1	high	TRUE
diagrams	es	S8.P5	S8.P5	1-1	high	TRUE
diagrams	es	S8.P6	S8.P6	1-1	high	TRUE
diagrams	es	S9.P1	S9.P1	1-1	high	TRUE
diagrams	es	S10.P1	S10.P1	1-1	high	TRUE
diagrams	es	S11.P1	S11.P1	1-1	high	TRUE
diagrams	es	S12.P1	S12.P1	1-1	high	TRUE
diagrams	es	S12.P2	S12.P2	1-1	high	TRUE
diagrams	es	S13.P1	S13.P1	1-1	high	TRUE
diagrams	es	S13.P2	S13.P2	1-1	high	TRUE
diagrams	es	S13.P3	S13.P3	1-1	high	TRUE
diagrams	es	S13.P4	S13.P4	1-1	high	TRUE
diagrams	es	S13.P5	S13.P5	1-1	high	TRUE
diagrams	es	S13.P6	S13.P6	1-1	high	TRUE
diagrams	es	S13.P7	S13.P7	1-1	high	TRUE
diagrams	es	S13.P8	S13.P8	1-1	high	TRUE
diagrams	es	S14.P1	S14.P1	1-1	high	TRUE
diagrams	es	S14.P2	S14.P2	1-1	high	TRUE
diagrams	es	S14.P3	S14.P3	1-1	high	TRUE
diagrams	es	S14.P4	S14.P4	1-1	high	TRUE
diagrams	es	S14.P5	S14.P5	1-1	high	TRUE
diagrams	es	S15.P1	S15.P1	1-1	high	TRUE
diagrams	es	S16.P1	S16.P1	1-1	high	TRUE
diagrams	fr	S1.P1	S1.P1	1-1	high	TRUE
diagrams	fr	S3.P1	S3.P1	1-1	high	TRUE
diagrams	fr	S4.P1	S4.P1	1-1	high	TRUE
diagrams	fr	S4.P2	S4.P2	1-1	high	TRUE
diagrams	fr	S5.P1	S5.P1	1-1	high	TRUE
diagrams	fr	S6.P1	S6.P1	1-1	high	TRUE
diagrams	fr	S6.P2	S6.P2	1-1	high	TRUE
diagrams	fr	S7.P1	S7.P1	1-1	high	TRUE
diagrams	fr	S8.P1	S8.P1	1-1	high	TRUE
diagrams	fr	S8.P2	S8.P2	1-1	high	TRUE
diagrams	fr	S8.P3	S8.P3	1-1	high	TRUE
diagrams	fr	S9.P1	S9.P1	1-1	high	TRUE
diagrams	fr	S10.P1	S10.P1	1-1	high	TRUE
diagrams	fr	S12.P1	S12.P1	1-1	high	TRUE
diagrams	fr	S13.P1	S13.P1	1-1	high	TRUE
diagrams	fr	S13.P2	S13.P2	1-1	high	TRUE
diagrams	fr	S13.P3	S13.P3	1-1	high	TRUE
diagrams	fr	S13.P4	S13.P4	1-1	high	TRUE
diagrams	fr	S13.P5	S13.P5	1-1	high	TRUE
diagrams	fr	S13.P6	S13.P6	1-1	high	TRUE
diagrams	fr	S13.P7	S13.P7	1-1	high	TRUE
diagrams	fr	S13.P8	S13.P8	1-1	high	TRUE
diagrams	fr	S14.P1	S14.P1	1-1	high	TRUE
diagrams	fr	S14.P2	S14.P2	1-1	high	TRUE
diagrams	fr	S15.P1	S15.P1	1-1	high	TRUE
diagrams	fr	S16.P1	S16.P1	1-1	high	TRUE
diagrams	jp	S1.P1	S1.P1	1-1	high	TRUE
diagrams	jp	S3.P1	S3.P1	1-1	high	TRUE
diagrams	jp	S4.P1	S4.P1	1-1	high	TRUE
diagrams	jp	S4.P2	S4.P2	1-1	high	TRUE
diagrams	jp	S5.P1	S5.P1	1-1	high	TRUE
diagrams	jp	S6.P1	S6.P1	1-1	high	TRUE
diagrams	jp	S6.P2	S6.P2	1-1	high	TRUE
diagrams	jp	S7.P1	S7.P1	1-1	high	TRUE
diagrams	jp	S8.P1	S8.P1	1-1	high	TRUE
diagrams	jp	S8.P2	S8.P2	1-1	high	TRUE
diagrams	jp	S8.P3	S8.P3	1-1	high	TRUE
diagrams	jp	S9.P1	S9.P1	1-1	high	TRUE
diagrams	jp	S10.P1	S10.P1	1-1	high	TRUE
diagrams	jp	S12.P1	S12.P1	1-1	high	TRUE
diagrams	jp	S13.P1	S13.P1	1-1	high	TRUE
diagrams	jp	S13.P2	S13.P2	1-1	high	TRUE
diagrams	jp	S13.P3	S13.P3	1-1	high	TRUE
diagrams	jp	S13.P4	S13.P4	1-1	high	TRUE
diagrams	jp	S13.P5	S13.P5	1-1	high	TRUE
diagrams	jp	S13.P6	S13.P6	1-1	high	TRUE
diagrams	jp	S13.P7	S13.P7	1-1	high	TRUE
diagrams	jp	S13.P8	S13.P8	1-1	high	TRUE
diagrams	jp	S14.P1	S14.P1	1-1	high	TRUE
diagrams	jp	S14.P2	S14.P2	1-1	high	TRUE
diagrams	jp	S15.P1	S15.P1	1-1	high	TRUE
diagrams	jp	S16.P1	S16.P1	1-1	high	TRUE
diagrams	pt	S1.P1	S1.P1	1-1	high	TRUE
diagrams	pt	S1.P2	S1.P2	1-1	high	TRUE
diagrams	pt	S2.P1	S2.P1	1-1	high	TRUE
diagrams	pt	S3.P1	S3.P1	1-1	high	TRUE
diagrams	pt	S4.P1	S4.P1	1-1	high	TRUE
diagrams	pt	S4.P2	S4.P2	1-1	high	TRUE
diagrams	pt	S4.P3	S4.P3	1-1	high	TRUE
diagrams	pt	S4.P4	S4.P4	1-1	high	TRUE
diagrams	pt	S5.P1	S5.P1	1-1	high	TRUE
diagrams	pt	S6.P1	S6.P1	1-1	high	TRUE
diagrams	pt	S6.P2	S6.P2	1-1	high	TRUE
diagrams	pt	S6.P3	S6.P3	1-1	high	TRUE
diagrams	pt	S7.P1	S7.P1	1-1	high	TRUE
diagrams	pt	S8.P1	S8.P1	1-1	high	TRUE
diagrams	pt	S8.P2	S8.P2	1-1	high	TRUE
diagrams	pt	S8.P3	S8.P3	1-1	high	TRUE
diagrams	pt	S8.P4	S8.P4	1-1	high	TRUE
diagrams	pt	S8.P5	S8.P5	1-1	high	TRUE
diagrams	pt	S8.P6	S8.P6	1-1	high	TRUE
diagrams	pt	S9.P1	S9.P1	1-1	high	TRUE
diagrams	pt	S10.P1	S10.P1	1-1	high	TRUE
diagrams	pt	S11.P1	S11.P1	1-1	high	TRUE
diagrams	pt	S12.P1	S12.P1	1-1	high	TRUE
diagrams	pt	S13.P1	S13.P1	1-1	high	TRUE
diagrams	pt	S13.P2	S13.P2	1-1	high	TRUE
diagrams	pt	S13.P3	S13.P3	1-1	high	TRUE
diagrams	pt	S13.P4	S13.P4	1-1	high	TRUE
diagrams	pt	S13.P5	S13.P5	1-1	high	TRUE
diagrams	pt	S13.P6	S13.P6	1-1	high	TRUE
diagrams	pt	S13.P7	S13.P7	1-1	high	TRUE
diagrams	pt	S13.P8	S13.P8	1-1	high	TRUE
diagrams	pt	S14.P1	S14.P1	1-1	high	TRUE
diagrams	pt	S14.P2	S14.P2	1-1	high	TRUE
diagrams	pt	S14.P3	S14.P3	1-1	high	TRUE
diagrams	pt	S14.P4	S14.P4	1-1	high	TRUE
diagrams	pt	S14.P5	S14.P5	1-1	high	TRUE
diagrams	pt	S15.P1	S15.P1	1-1	high	TRUE
diagrams	pt	S16.P1	S16.P1	1-1	high	TRUE
diagrams	ru	S1.P1	S1.P1	1-1	high	TRUE
diagrams	ru	S1.P2	S1.P2	1-1	high	TRUE
diagrams	ru	S2.P1	S2.P1	1-1	high	TRUE
diagrams	ru	S3.P1	S3.P1	1-1	high	TRUE
diagrams	ru	S3.P2	S3.P2	1-1	high	TRUE
diagrams	ru	S4.P1	S4.P1	1-1	high	TRUE
diagrams	ru	S4.P2	S4.P2	1-1	high	TRUE
diagrams	ru	S4.P3	S4.P3	1-1	high	TRUE
diagrams	ru	S4.P4	S4.P4	1-1	high	TRUE
diagrams	ru	S5.P1	S5.P1	1-1	high	TRUE
diagrams	ru	S6.P1	S6.P1	1-1	high	TRUE
diagrams	ru	S6.P2	S6.P2	1-1	high	TRUE
diagrams	ru	S6.P3	S6.P3	1-1	high	TRUE
diagrams	ru	S7.P1	S7.P1	1-1	high	TRUE
diagrams	ru	S8.P1	S8.P1	1-1	high	TRUE
diagrams	ru	S8.P2	S8.P2	1-1	high	TRUE
diagrams	ru	S8.P3	S8.P3	1-1	high	TRUE
diagrams	ru	S8.P4	S8.P4	1-1	high	TRUE
diagrams	ru	S8.P5	S8.P5	1-1	high	TRUE
diagrams	ru	S8.P6	S8.P6	1-1	high	TRUE
diagrams	ru	S9.P1	S9.P1	1-1	high	TRUE
diagrams	ru	S10.P1	S10.P1	1-1	high	TRUE
diagrams	ru	S11.P1	S11.P1	1-1	high	TRUE
diagrams	ru	S12.P1	S12.P1	1-1	high	TRUE
diagrams	ru	S12.P2	S12.P2	1-1	high	TRUE
diagrams	ru	S13.P1	S13.P1	1-1	high	TRUE
diagrams	ru	S13.P2	S13.P2	1-1	high	TRUE
diagrams	ru	S13.P3	S13.P3	1-1	high	TRUE
diagrams	ru	S13.P4	S13.P4	1-1	high	TRUE
diagrams	ru	S13.P5	S13.P5	1-1	high	TRUE
diagrams	ru	S13.P6	S13.P6	1-1	high	TRUE
diagrams	ru	S13.P7	S13.P7	1-1	high	TRUE
diagrams	ru	S13.P8	S13.P8	1-1	high	TRUE
diagrams	ru	S14.P1	S14.P1	1-1	high	TRUE
diagrams	ru	S14.P2	S14.P2	1-1	high	TRUE
diagrams	ru	S14.P3	S14.P3	1-1	high	TRUE
diagrams	ru	S14.P4	S14.P4	1-1	high	TRUE
diagrams	ru	S14.P5	S14.P5	1-1	high	TRUE
diagrams	ru	S15.P1	S15.P1	1-1	high	TRUE
diagrams	ru	S16.P1	S16.P1	1-1	high	TRUE
diagrams	tr	S1.P1	S1.P1	1-1	high	TRUE
diagrams	tr	S3.P1	S3.P1	1-1	high	TRUE
diagrams	tr	S4.P1	S4.P1	1-1	high	TRUE
diagrams	tr	S4.P2	S4.P2	1-1	high	TRUE
diagrams	tr	S5.P1	S5.P1	1-1	high	TRUE
diagrams	tr	S6.P1	S6.P1	1-1	high	TRUE
diagrams	tr	S6.P2	S6.P2	1-1	high	TRUE
diagrams	tr	S7.P1	S7.P1	1-1	high	TRUE
diagrams	tr	S8.P1	S8.P1	1-1	high	TRUE
diagrams	tr	S8.P2	S8.P2	1-1	high	TRUE
diagrams	tr	S8.P3	S8.P3	1-1	high	TRUE
diagrams	tr	S9.P1	S9.P1	1-1	high	TRUE
diagrams	tr	S10.P1	S10.P1	1-1	high	TRUE
diagrams	tr	S12.P1	S12.P1	1-1	high	TRUE
diagrams	tr	S13.P1	S13.P1	1-1	high	TRUE
diagrams	tr	S13.P2	S13.P2	1-1	high	TRUE
diagrams	tr	S13.P3	S13.P3	1-1	high	TRUE
diagrams	tr	S13.P4	S13.P4	1-1	high	TRUE
diagrams	tr	S13.P5	S13.P5	1-1	high	TRUE
diagrams	tr	S13.P6	S13.P6	1-1	high	TRUE
diagrams	tr	S13.P7	S13.P7	1-1	high	TRUE
diagrams	tr	S13.P8	S13.P8	1-1	high	TRUE
diagrams	tr	S14.P1	S14.P1	1-1	high	TRUE
diagrams	tr	S14.P2	S14.P2	1-1	high	TRUE
diagrams	tr	S15.P1	S15.P1	1-1	high	TRUE
diagrams	tr	S16.P1	S16.P1	1-1	high	TRUE
diagrams	vn	S1.P1	S1.P1	1-1	high	TRUE
diagrams	vn	S3.P1	S3.P1	1-1	high	TRUE
diagrams	vn	S4.P1	S4.P1	1-1	high	TRUE
diagrams	vn	S4.P2	S4.P2	1-1	high	TRUE
diagrams	vn	S5.P1	S5.P1	1-1	high	TRUE
diagrams	vn	S6.P1	S6.P1	1-1	high	TRUE
diagrams	vn	S6.P2	S6.P2	1-1	high	TRUE
diagrams	vn	S7.P1	S7.P1	1-1	high	TRUE
diagrams	vn	S8.P1	S8.P1	1-1	high	TRUE
diagrams	vn	S8.P2	S8.P2	1-1	high	TRUE
diagrams	vn	S8.P3	S8.P3	1-1	high	TRUE
diagrams	vn	S9.P1	S9.P1	1-1	high	TRUE
diagrams	vn	S10.P1	S10.P1	1-1	high	TRUE
diagrams	vn	S12.P1	S12.P1	1-1	high	TRUE
diagrams	vn	S13.P1	S13.P1	1-1	high	TRUE
diagrams	vn	S13.P2	S13.P2	1-1	high	TRUE
diagrams	vn	S13.P3	S13.P3	1-1	high	TRUE
diagrams	vn	S13.P4	S13.P4	1-1	high	TRUE
diagrams	vn	S13.P5	S13.P5	1-1	high	TRUE
diagrams	vn	S13.P6	S13.P6	1-1	high	TRUE
diagrams	vn	S13.P7	S13.P7	1-1	high	TRUE
diagrams	vn	S13.P8	S13.P8	1-1	high	TRUE
diagrams	vn	S14.P1	S14.P1	1-1	high	TRUE
diagrams	vn	S14.P2	S14.P2	1-1	high	TRUE
diagrams	vn	S15.P1	S15.P1	1-1	high	TRUE
diagrams	vn	S16.P1	S16.P1	1-1	high	TRUE
directories	es	S0.P1	S0.P1	1-1	high	TRUE
directories	es	S1.P1	S1.P1	1-1	high	TRUE
directories	es	S3.P1	S3.P1	1-1	high	TRUE
directories	es	S4.P1	S4.P1	1-1	high	TRUE
directories	es	S4.P2	S4.P2	1-1	high	TRUE
directories	es	S5.P1	S5.P1	1-1	high	TRUE
directories	es	S5.P2	S5.P2	1-1	high	TRUE
directories	es	S5.P3	S5.P3	1-1	high	TRUE
directories	es	S5.P4	S5.P4	1-1	high	TRUE
directories	es	S5.P5	S5.P5	1-1	high	TRUE
directories	es	S6.P1	S6.P1	1-1	high	TRUE
directories	es	S6.P2	S6.P2	1-1	high	TRUE
directories	es	S8.P1	S8.P1	1-1	high	TRUE
directories	es	S8.P2	S8.P2	1-1	high	TRUE
directories	es	S8.P3	S8.P3	1-1	high	TRUE
directories	es	S9.P1	S9.P1	1-1	high	TRUE
directories	es	S9.P2	S9.P2	1-1	high	TRUE
directories	es	S10.P1	S10.P1	1-1	high	TRUE
directories	es	S10.P2	S10.P2	1-1	high	TRUE
directories	es	S12.P1	S12.P1	1-1	high	TRUE
directories	es	S12.P2	S12.P2	1-1	high	TRUE
directories	es	S13.P1	S13.P1	1-1	high	TRUE
directories	es	S13.P2	S13.P2	1-1	high	TRUE
directories	es	S14.P1	S14.P1	1-1	high	TRUE
directories	es	S16.P1	S16.P1	1-1	high	TRUE
directories	es	S17.P1	S17.P1	1-1	high	TRUE
directories	es	S18.P1	S18.P1	1-1	high	TRUE
directories	es	S20.P1	S20.P1	1-1	high	TRUE
directories	es	S20.P2	S20.P2	1-1	high	TRUE
directories	es	S21.P1	S21.P1	1-1	high	TRUE
directories	es	S21.P2	S21.P2	1-1	high	TRUE
directories	es	S22.P1	S22.P1	1-1	high	TRUE
directories	es	S22.P2	S22.P2	1-1	high	TRUE
directories	es	S22.P3	S22.P3	1-1	high	TRUE
directories	es	S23.P1	S23.P1	1-1	high	TRUE
directories	es	S23.P2	S23.P2	1-1	high	TRUE
directories	es	S23.P3	S23.P3	1-1	high	TRUE
directories	es	S23.P4	S23.P4	1-1	high	TRUE
directories	es	S24.P1	S24.P1	1-1	high	TRUE
directories	es	S24.P2	S24.P2	1-1	high	TRUE
directories	es	S24.P3	S24.P3	1-1	high	TRUE
directories	es	S25.P1	S25.P1	1-1	high	TRUE
directories	fr	S1.P1	S1.P1	1-1	high	TRUE
directories	fr	S3.P1	S3.P1	1-1	high	TRUE
directories	fr	S4.P1	S4.P1	1-1	high	TRUE
directories	fr	S5.P1	S5.P1	1-1	high	TRUE
directories	fr	S5.P2	S5.P2	1-1	high	TRUE
directories	fr	S5.P3	S5.P3	1-1	high	TRUE
directories	fr	S5.P4	S5.P4	1-1	high	TRUE
directories	fr	S6.P1	S6.P1	1-1	high	TRUE
directories	fr	S6.P2	S6.P2	1-1	high	TRUE
directories	fr	S8.P1	S8.P1	1-1	high	TRUE
directories	fr	S8.P2	S8.P2	1-1	high	TRUE
directories	fr	S8.P3	S8.P3	1-1	high	TRUE
directories	fr	S9.P1	S9.P1	1-1	high	TRUE
directories	fr	S9.P2	S9.P2	1-1	high	TRUE
directories	fr	S10.P1	S10.P1	1-1	high	TRUE
directories	fr	S10.P2	S10.P2	1-1	high	TRUE
directories	fr	S12.P1	S12.P1	1-1	high	TRUE
directories	fr	S12.P2	S12.P2	1-1	high	TRUE
directories	fr	S13.P1	S13.P1	1-1	high	TRUE
directories	fr	S13.P2	S13.P2	1-1	high	TRUE
directories	fr	S14.P1	S14.P1	1-1	high	TRUE
directories	fr	S16.P1	S16.P1	1-1	high	TRUE
directories	fr	S17.P1	S17.P1	1-1	high	TRUE
directories	fr	S18.P1	S18.P1	1-1	high	TRUE
directories	fr	S20.P1	S20.P1	1-1	high	TRUE
directories	fr	S20.P2	S20.P2	1-1	high	TRUE
directories	fr	S21.P1	S21.P1	1-1	high	TRUE
directories	fr	S22.P1	S22.P1	1-1	high	TRUE
directories	fr	S22.P2	S22.P2	1-1	high	TRUE
directories	fr	S22.P3	S22.P3	1-1	high	TRUE
directories	fr	S23.P1	S23.P1	1-1	high	TRUE
directories	fr	S24.P1	S24.P1	1-1	high	TRUE
directories	fr	S24.P2	S24.P2	1-1	high	TRUE
directories	fr	S25.P1	S25.P1	1-1	high	TRUE
directories	jp	S1.P1	S1.P1	1-1	high	TRUE
directories	jp	S3.P1	S3.P1	1-1	high	TRUE
directories	jp	S4.P1	S4.P1	1-1	high	TRUE
directories	jp	S5.P1	S5.P1	1-1	high	TRUE
directories	jp	S5.P2	S5.P2	1-1	high	TRUE
directories	jp	S5.P3	S5.P3	1-1	high	TRUE
directories	jp	S5.P4	S5.P4	1-1	high	TRUE
directories	jp	S6.P1	S6.P1	1-1	high	TRUE
directories	jp	S6.P2	S6.P2	1-1	high	TRUE
directories	jp	S8.P1	S8.P1	1-1	high	TRUE
directories	jp	S8.P2	S8.P2	1-1	high	TRUE
directories	jp	S8.P3	S8.P3	1-1	high	TRUE
directories	jp	S9.P1	S9.P1	1-1	high	TRUE
directories	jp	S9.P2	S9.P2	1-1	high	TRUE
directories	jp	S10.P1	S10.P1	1-1	high	TRUE
directories	jp	S10.P2	S10.P2	1-1	high	TRUE
directories	jp	S12.P1	S12.P1	1-1	high	TRUE
directories	jp	S12.P2	S12.P2	1-1	high	TRUE
directories	jp	S13.P1	S13.P1	1-1	high	TRUE
directories	jp	S13.P2	S13.P2	1-1	high	TRUE
directories	jp	S14.P1	S14.P1	1-1	high	TRUE
directories	jp	S16.P1	S16.P1	1-1	high	TRUE
directories	jp	S17.P1	S17.P1	1-1	high	TRUE
directories	jp	S18.P1	S18.P1	1-1	high	TRUE
directories	jp	S20.P1	S20.P1	1-1	high	TRUE
directories	jp	S20.P2	S20.P2	1-1	high	TRUE
directories	jp	S21.P1	S21.P1	1-1	high	TRUE
directories	jp	S22.P1	S22.P1	1-1	high	TRUE
directories	jp	S22.P2	S22.P2	1-1	high	TRUE
directories	jp	S22.P3	S22.P3	1-1	high	TRUE
directories	jp	S23.P1	S23.P1	1-1	high	TRUE
directories	jp	S24.P1	S24.P1	1-1	high	TRUE
directories	jp	S24.P2	S24.P2	1-1	high	TRUE
directories	jp	S25.P1	S25.P1	1-1	high	TRUE
directories	pt	S1.P1	S1.P1	1-1	high	TRUE
directories	pt	S3.P1	S3.P1	1-1	high	TRUE
directories	pt	S4.P1	S4.P1	1-1	high	TRUE
directories	pt	S5.P1	S5.P1	1-1	high	TRUE
directories	pt	S5.P2	S5.P2	1-1	high	TRUE
directories	pt	S5.P3	S5.P3	1-1	high	TRUE
directories	pt	S5.P4	S5.P4	1-1	high	TRUE
directories	pt	S6.P1	S6.P1	1-1	high	TRUE
directories	pt	S6.P3	S6.P3	1-1	high	TRUE
directories	pt	S8.P1	S8.P1	1-1	high	TRUE
directories	pt	S8.P2	S8.P2	1-1	high	TRUE
directories	pt	S8.P3	S8.P3	1-1	high	TRUE
directories	pt	S9.P1	S9.P1	1-1	high	TRUE
directories	pt	S9.P2	S9.P2	1-1	high	TRUE
directories	pt	S10.P1	S10.P1	1-1	high	TRUE
directories	pt	S10.P2	S10.P2	1-1	high	TRUE
directories	pt	S12.P1	S12.P1	1-1	high	TRUE
directories	pt	S12.P2	S12.P2	1-1	high	TRUE
directories	pt	S13.P1	S13.P1	1-1	high	TRUE
directories	pt	S13.P2	S13.P2	1-1	high	TRUE
directories	pt	S14.P1	S14.P1	1-1	high	TRUE
directories	pt	S16.P1	S16.P1	1-1	high	TRUE
directories	pt	S17.P1	S17.P1	1-1	high	TRUE
directories	pt	S18.P1	S18.P1	1-1	high	TRUE
directories	pt	S20.P1	S20.P1	1-1	high	TRUE
directories	pt	S20.P2	S20.P2	1-1	high	TRUE
directories	pt	S21.P1	S21.P1	1-1	high	TRUE
directories	pt	S22.P1	S22.P1	1-1	high	TRUE
directories	pt	S22.P2	S22.P2	1-1	high	TRUE
directories	pt	S22.P3	S22.P3	1-1	high	TRUE
directories	pt	S23.P1	S23.P1	1-1	high	TRUE
directories	pt	S24.P1	S24.P1	1-1	high	TRUE
directories	pt	S24.P2	S24.P2	1-1	high	TRUE
directories	pt	S25.P1	S25.P1	1-1	high	TRUE
directories	ru	S1.P1	S1.P1	1-1	high	TRUE
directories	ru	S2.P1	S2.P1	1-1	high	TRUE
directories	ru	S3.P1	S3.P1	1-1	high	TRUE
directories	ru	S3.P2	S3.P2	1-1	high	TRUE
directories	ru	S4.P1	S4.P1	1-1	high	TRUE
directories	ru	S4.P2	S4.P2	1-1	high	TRUE
directories	ru	S5.P1	S5.P1	1-1	high	TRUE
directories	ru	S5.P2	S5.P2	1-1	high	TRUE
directories	ru	S5.P3	S5.P3	1-1	high	TRUE
directories	ru	S5.P4	S5.P4	1-1	high	TRUE
directories	ru	S5.P5	S5.P5	1-1	high	TRUE
directories	ru	S6.P1	S6.P1	1-1	high	TRUE
directories	ru	S6.P2	S6.P2	1-1	high	TRUE
directories	ru	S6.P3	S6.P3	1-1	high	TRUE
directories	ru	S6.P4	S6.P4	1-1	high	TRUE
directories	ru	S7.P1	S7.P1	1-1	high	TRUE
directories	ru	S8.P1	S8.P1	1-1	high	TRUE
directories	ru	S8.P2	S8.P2	1-1	high	TRUE
directories	ru	S8.P3	S8.P3	1-1	high	TRUE
directories	ru	S9.P1	S9.P1	1-1	high	TRUE
directories	ru	S9.P2	S9.P2	1-1	high	TRUE
directories	ru	S10.P1	S10.P1	1-1	high	TRUE
directories	ru	S10.P2	S10.P2	1-1	high	TRUE
directories	ru	S11.P1	S11.P1	1-1	high	TRUE
directories	ru	S12.P1	S12.P1	1-1	high	TRUE
directories	ru	S12.P2	S12.P2	1-1	high	TRUE
directories	ru	S13.P1	S13.P1	1-1	high	TRUE
directories	ru	S13.P2	S13.P2	1-1	high	TRUE
directories	ru	S14.P1	S14.P1	1-1	high	TRUE
directories	ru	S15.P1	S15.P1	1-1	high	TRUE
directories	ru	S16.P1	S16.P1	1-1	high	TRUE
directories	ru	S17.P1	S17.P1	1-1	high	TRUE
directories	ru	S18.P1	S18.P1	1-1	high	TRUE
directories	ru	S19.P1	S19.P1	1-1	high	TRUE
directories	ru	S20.P1	S20.P1	1-1	high	TRUE
directories	ru	S20.P2	S20.P2	1-1	high	TRUE
directories	ru	S20.P3	S20.P3	1-1	high	TRUE
directories	ru	S21.P1	S21.P1	1-1	high	TRUE
directories	ru	S22.P1	S22.P1	1-1	high	TRUE
directories	ru	S22.P2	S22.P2	1-1	high	TRUE
directories	ru	S22.P3	S22.P3	1-1	high	TRUE
directories	ru	S23.P1	S23.P1	1-1	high	TRUE
directories	ru	S24.P1	S24.P1	1-1	high	TRUE
directories	ru	S24.P2	S24.P2	1-1	high	TRUE
directories	ru	S25.P1	S25.P1	1-1	high	TRUE
directories	tr	S1.P1	S1.P1	1-1	high	TRUE
directories	tr	S3.P1	S3.P1	1-1	high	TRUE
directories	tr	S4.P1	S4.P1	1-1	high	TRUE
directories	tr	S5.P1	S5.P1	1-1	high	TRUE
directories	tr	S5.P2	S5.P2	1-1	high	TRUE
directories	tr	S5.P3	S5.P3	1-1	high	TRUE
directories	tr	S5.P4	S5.P4	1-1	high	TRUE
directories	tr	S6.P1	S6.P1	1-1	high	TRUE
directories	tr	S6.P2	S6.P2	1-1	high	TRUE
directories	tr	S8.P1	S8.P1	1-1	high	TRUE
directories	tr	S8.P2	S8.P2	1-1	high	TRUE
directories	tr	S8.P3	S8.P3	1-1	high	TRUE
directories	tr	S9.P1	S9.P1	1-1	high	TRUE
directories	tr	S9.P2	S9.P2	1-1	high	TRUE
directories	tr	S10.P1	S10.P1	1-1	high	TRUE
directories	tr	S10.P2	S10.P2	1-1	high	TRUE
directories	tr	S12.P1	S12.P1	1-1	high	TRUE
directories	tr	S12.P2	S12.P2	1-1	high	TRUE
directories	tr	S13.P1	S13.P1	1-1	high	TRUE
directories	tr	S13.P2	S13.P2	1-1	high	TRUE
directories	tr	S14.P1	S14.P1	1-1	high	TRUE
directories	tr	S16.P1	S16.P1	1-1	high	TRUE
directories	tr	S17.P1	S17.P1	1-1	high	TRUE
directories	tr	S18.P1	S18.P1	1-1	high	TRUE
directories	tr	S20.P1	S20.P1	1-1	high	TRUE
directories	tr	S20.P2	S20.P2	1-1	high	TRUE
directories	tr	S21.P1	S21.P1	1-1	high	TRUE
directories	tr	S22.P1	S22.P1	1-1	high	TRUE
directories	tr	S22.P2	S22.P2	1-1	high	TRUE
directories	tr	S22.P3	S22.P3	1-1	high	TRUE
directories	tr	S23.P1	S23.P1	1-1	high	TRUE
directories	tr	S24.P1	S24.P1	1-1	high	TRUE
directories	tr	S24.P2	S24.P2	1-1	high	TRUE
directories	tr	S25.P1	S25.P1	1-1	high	TRUE
directories	vn	S1.P1	S1.P1	1-1	high	TRUE
directories	vn	S3.P1	S3.P1	1-1	high	TRUE
directories	vn	S4.P1	S4.P1	1-1	high	TRUE
directories	vn	S5.P1	S5.P1	1-1	high	TRUE
directories	vn	S5.P2	S5.P2	1-1	high	TRUE
directories	vn	S5.P3	S5.P3	1-1	high	TRUE
directories	vn	S5.P4	S5.P4	1-1	high	TRUE
directories	vn	S6.P1	S6.P1	1-1	high	TRUE
directories	vn	S6.P2	S6.P2	1-1	high	TRUE
directories	vn	S8.P1	S8.P1	1-1	high	TRUE
directories	vn	S8.P2	S8.P2	1-1	high	TRUE
directories	vn	S8.P3	S8.P3	1-1	high	TRUE
directories	vn	S9.P1	S9.P1	1-1	high	TRUE
directories	vn	S9.P2	S9.P2	1-1	high	TRUE
directories	vn	S10.P1	S10.P1	1-1	high	TRUE
directories	vn	S10.P2	S10.P2	1-1	high	TRUE
directories	vn	S12.P1	S12.P1	1-1	high	TRUE
directories	vn	S12.P2	S12.P2	1-1	high	TRUE
directories	vn	S13.P1	S13.P1	1-1	high	TRUE
directories	vn	S13.P2	S13.P2	1-1	high	TRUE
directories	vn	S14.P1	S14.P1	1-1	high	TRUE
directories	vn	S16.P1	S16.P1	1-1	high	TRUE
directories	vn	S17.P1	S17.P1	1-1	high	TRUE
directories	vn	S18.P1	S18.P1	1-1	high	TRUE
directories	vn	S20.P1	S20.P1	1-1	high	TRUE
directories	vn	S20.P2	S20.P2	1-1	high	TRUE
directories	vn	S21.P1	S21.P1	1-1	high	TRUE
directories	vn	S22.P1	S22.P1	1-1	high	TRUE
directories	vn	S22.P2	S22.P2	1-1	high	TRUE
directories	vn	S22.P3	S22.P3	1-1	high	TRUE
directories	vn	S23.P1	S23.P1	1-1	high	TRUE
directories	vn	S24.P1	S24.P1	1-1	high	TRUE
directories	vn	S24.P2	S24.P2	1-1	high	TRUE
directories	vn	S25.P1	S25.P1	1-1	high	TRUE
editorial_style	es	S1.P1	S1.P1	1-1	high	TRUE
editorial_style	es	S2.P1	S2.P1	1-1	high	TRUE
editorial_style	es	S3.P1	S3.P1	1-1	high	TRUE
editorial_style	es	S4.P1	S4.P1	1-1	high	TRUE
editorial_style	es	S4.P2	S4.P2	1-1	high	TRUE
editorial_style	es	S4.P3	S4.P3	1-1	high	TRUE
editorial_style	es	S5.P1	S5.P1	1-1	high	TRUE
editorial_style	es	S6.P1	S6.P1	1-1	high	TRUE
editorial_style	es	S7.P1	S7.P1	1-1	high	TRUE
editorial_style	es	S8.P1	S8.P1	1-1	high	TRUE
editorial_style	es	S9.P1	S9.P1	1-1	high	TRUE
editorial_style	fr	S1.P1	S1.P1	1-1	high	TRUE
editorial_style	fr	S2.P1	S2.P1	1-1	high	TRUE
editorial_style	fr	S3.P1	S3.P1	1-1	high	TRUE
editorial_style	fr	S4.P1	S4.P1	1-1	high	TRUE
editorial_style	fr	S4.P2	S4.P2	1-1	high	TRUE
editorial_style	fr	S4.P3	S4.P3	1-1	high	TRUE
editorial_style	fr	S5.P1	S5.P1	1-1	high	TRUE
editorial_style	fr	S6.P1	S6.P1	1-1	high	TRUE
editorial_style	fr	S7.P1	S7.P1	1-1	high	TRUE
editorial_style	fr	S8.P1	S8.P1	1-1	high	TRUE
editorial_style	fr	S9.P1	S9.P1	1-1	high	TRUE
editorial_style	fr	S9.P2	S9.P2	1-1	high	TRUE
editorial_style	jp	S1.P1	S1.P1	1-1	high	TRUE
editorial_style	jp	S2.P1	S2.P1	1-1	high	TRUE
editorial_style	jp	S3.P1	S3.P1	1-1	high	TRUE
editorial_style	jp	S4.P1	S4.P1	1-1	high	TRUE
editorial_style	jp	S4.P2	S4.P2	1-1	high	TRUE
editorial_style	jp	S4.P3	S4.P3	1-1	high	TRUE
editorial_style	jp	S5.P1	S5.P1	1-1	high	TRUE
editorial_style	jp	S6.P1	S6.P1	1-1	high	TRUE
editorial_style	jp	S7.P1	S7.P1	1-1	high	TRUE
editorial_style	jp	S8.P1	S8.P1	1-1	high	TRUE
editorial_style	jp	S9.P1	S9.P1	1-1	high	TRUE
editorial_style	pt	S1.P1	S1.P1	1-1	high	TRUE
editorial_style	pt	S2.P1	S2.P1	1-1	high	TRUE
editorial_style	pt	S3.P1	S3.P1	1-1	high	TRUE
editorial_style	pt	S4.P1	S4.P1	1-1	high	TRUE
editorial_style	pt	S4.P2	S4.P2	1-1	high	TRUE
editorial_style	pt	S4.P3	S4.P3	1-1	high	TRUE
editorial_style	pt	S5.P1	S5.P1	1-1	high	TRUE
editorial_style	pt	S6.P1	S6.P1	1-1	high	TRUE
editorial_style	pt	S7.P1	S7.P1	1-1	high	TRUE
editorial_style	pt	S8.P1	S8.P1	1-1	high	TRUE
editorial_style	pt	S9.P1	S9.P1	1-1	high	TRUE
editorial_style	pt	S9.P2	S9.P2	1-1	high	TRUE
editorial_style	ru	S1.P1	S1.P1	1-1	high	TRUE
editorial_style	ru	S2.P1	S2.P1	1-1	high	TRUE
editorial_style	ru	S3.P1	S3.P1	1-1	high	TRUE
editorial_style	ru	S4.P1	S4.P1	1-1	high	TRUE
editorial_style	ru	S4.P2	S4.P2	1-1	high	TRUE
editorial_style	ru	S4.P3	S4.P3	1-1	high	TRUE
editorial_style	ru	S5.P1	S5.P1	1-1	high	TRUE
editorial_style	ru	S6.P1	S6.P1	1-1	high	TRUE
editorial_style	ru	S7.P1	S7.P1	1-1	high	TRUE
editorial_style	ru	S8.P1	S8.P1	1-1	high	TRUE
editorial_style	ru	S9.P1	S9.P1	1-1	high	TRUE
editorial_style	ru	S9.P2	S9.P2	1-1	high	TRUE
editorial_style	tr	S1.P1	S1.P1	1-1	high	TRUE
editorial_style	tr	S2.P1	S2.P1	1-1	high	TRUE
editorial_style	tr	S3.P1	S3.P1	1-1	high	TRUE
editorial_style	tr	S4.P1	S4.P1	1-1	high	TRUE
editorial_style	tr	S4.P2	S4.P2	1-1	high	TRUE
editorial_style	tr	S4.P3	S4.P3	1-1	high	TRUE
editorial_style	tr	S5.P1	S5.P1	1-1	high	TRUE
editorial_style	tr	S6.P1	S6.P1	1-1	high	TRUE
editorial_style	tr	S7.P1	S7.P1	1-1	high	TRUE
editorial_style	tr	S8.P1	S8.P1	1-1	high	TRUE
editorial_style	tr	S9.P1	S9.P1	1-1	high	TRUE
editorial_style	vn	S1.P1	S1.P1	1-1	high	TRUE
editorial_style	vn	S2.P1	S2.P1	1-1	high	TRUE
editorial_style	vn	S3.P1	S3.P1	1-1	high	TRUE
editorial_style	vn	S4.P1	S4.P1	1-1	high	TRUE
editorial_style	vn	S4.P2	S4.P2	1-1	high	TRUE
editorial_style	vn	S4.P3	S4.P3	1-1	high	TRUE
editorial_style	vn	S5.P1	S5.P1	1-1	high	TRUE
editorial_style	vn	S6.P1	S6.P1	1-1	high	TRUE
editorial_style	vn	S7.P1	S7.P1	1-1	high	TRUE
editorial_style	vn	S8.P1	S8.P1	1-1	high	TRUE
editorial_style	vn	S9.P1	S9.P1	1-1	high	TRUE
