chapter	lang	heading	segment_index	kind	en_span	tr_span	proposition	reader_consequence	confidence
age_pyramid	es	Linelist data / Datos individualizados	S7.P1	code_mismatch	chapters/age_pyramid.qmd:106-106	chapters/age_pyramid.es.qmd:99-99	The Spanish bullet names the column as code-formatted `age` for the `age_group = ` argument, while the English says only "the name of the categorical age column" and the chunk beside it passes `age_group = "age_cat5"`.	A Spanish reader takes `age` to be the column to pass and writes `age_group = "age"`; `age` is the numeric age column in linelist, not a categorical one, so `age_pyramid()` produces an unusable pyramid with one band per distinct age or errors, instead of the 5-year bands the chunk shows.	high
age_pyramid	es	Load packages / Cargar paquetes	S3.P1	missing	chapters/age_pyramid.qmd:35-35	chapters/age_pyramid.es.qmd:29-29	The English states that `library()` comes from base R; the Spanish drops the package name and leaves "con `library()` de **.**".	A Spanish reader is not told where `library()` comes from, so the contrast the sentence is making (pacman's `p_load()` versus base R's `library()`) is lost, and the empty bold "**.**" reads as a missing package name they may go looking for.	medium
age_pyramid	fr	Compare to baseline / Comparer à une référence	S13.P9	code_mismatch	chapters/age_pyramid.qmd:494-497	chapters/age_pyramid.fr.qmd:468-471	The French text calls the case-data layer of the baseline-comparison plot a histogram ("Un histogramme des données de cas"), while the English calls it a bar graph and the chunk that follows draws both layers with geom_col().	A French reader expects geom_histogram() for the case layer and may look for a numeric age variable or a binning argument; the chunk at chapters/age_pyramid.fr.qmd:473-541 uses geom_col() on the categorical age_cat5 column for both layers, so the described geometry does not exist in the code.	high
age_pyramid	fr	Likert scale / Échelle de Likert	S14.P3	code_mismatch	chapters/age_pyramid.qmd:615-615	chapters/age_pyramid.fr.qmd:588-588	The French text names the respondent-classification column as `statut`, but the code chunks were not translated and use the column name `status`.	A French reader looking for a column called `statut` in likert_data finds none; every downstream chunk (fct_relevel(status, ...), count(status, Question), aes(x = status)) refers to `status`, so the prose and the runnable code disagree on the identifier.	medium
age_pyramid	jp	#### Proportions, colors, & aesthetics / 割合、色、見た目	S9.P1	untrue	chapters/age_pyramid.qmd:147-147	chapters/age_pyramid.jp.qmd:147-147	The translation states that the default dashed line inside each age group shows the median (中央値); the English says only that a dashed mid-point line is shown for each group, and the argument that controls it is show_midpoint, which marks a bar midpoint, not a statistical median.	A Japanese reader takes the dashed line to be the median of the age distribution in each group and may read, report or reproduce it as a statistical summary of the data rather than a plot-geometry midpoint marker.	medium
age_pyramid	jp	### Compare to baseline / ベースラインとの比較	S14.P10	missing	chapters/age_pyramid.qmd:486-486	chapters/age_pyramid.jp.qmd:486-486	The English gives the reason for storing the maximum and minimum percent values: so that no bar is cut short. The translation states only that the values define the extent of the plot.	The reader loses the link back to the red DANGER warning at line 293 about bars disappearing or being truncated when axis limits are too small, so they may skip computing limits from the data when adapting the code to their own dataset.	medium
age_pyramid	jp	### Constructing the plot / プロットの作成	S13.P2	untrue	chapters/age_pyramid.qmd:297-297	chapters/age_pyramid.jp.qmd:297-297	The translation points the reader to the warning ABOVE (前述の警告); the English text says the errors are discussed in the warning BELOW.	The two files disagree on where the warning sits, so a reader comparing versions, or an editor syncing them, cannot tell which direction is authoritative; the English direction is in fact wrong, since the warning is at line 293, above this list.	low
age_pyramid	jp	### Compare to baseline / ベースラインとの比較	S14.P5	untrue	chapters/age_pyramid.qmd:425-425	chapters/age_pyramid.jp.qmd:425-425	The translation describes the fourth shared column as the proportion of CASES out of the total (全体に対する発症数の割合); the English says 'percent of total', which in pop_data is percent of the population, not of cases.	A reader may believe the percent column of pop_data holds a case proportion, and so misread the wide grey baseline bars in the final plot as case percentages rather than population percentages.	low
age_pyramid	jp	### Linelist data / ラインリストのデータ	S7.P3	added	chapters/age_pyramid.qmd:126-126	chapters/age_pyramid.jp.qmd:126-126	The translation adds a parenthetical definition of a facet: 'a subset extracted for the factor value of interest' (注目する因子型の値を部分集合として抽出したもの). The English defines nothing here.	The Japanese reader is given a definition the handbook does not otherwise commit to at this point, so the term is anchored to wording that may not match how facet is defined in other Japanese chapters.	low
age_pyramid	pt	Constructing the plot / Construindo o gráfico	S13.P2	untrue	chapters/age_pyramid.qmd:293-293	chapters/age_pyramid.pt.qmd:290-290	English tells the reader to PREVENT bars from disappearing BY MAKING the count-axis limits auto-adjust to the data ('Prevent it by having your count-axis limits auto-adjust to your data'); the Portuguese says the opposite, 'Evite que os limites do eixo de contagem se ajustem automaticamente aos seus dados' = prevent the count-axis limits FROM auto-adjusting to your data.	The Portuguese reader is told to avoid the exact remedy the English recommends, so they keep hard-coded axis limits. On routinely updated data a bar that exceeds the fixed limit then vanishes or is silently truncated, which is the failure the DANGER box exists to prevent.	high
age_pyramid	pt	Likert scale / Escala de Likert	S15.P3	code_mismatch	chapters/age_pyramid.qmd:615-620	chapters/age_pyramid.pt.qmd:613-618	The prose states the table below shows the Likert survey data, with a `status` column and 8 questions on a 4-point scale; in English the chunk beside it renders `DT::datatable(likert_data, ...)`, but in Portuguese the chunk renders `DT::datatable(head(linelist, 10), ...)`, i.e. the Ebola case linelist.	The Portuguese reader sees the Ebola linelist (case_id, dates, age, gender) where the text promises respondent status and Q1-Q8 Likert responses. They cannot check the input shape for the whole Likert section and may conclude they imported the wrong dataset or that `likert_data` has linelist columns.	high
age_pyramid	pt	apyramid package / Pacote apyramid - Linelist data	S7.P2	code_mismatch	chapters/age_pyramid.qmd:116-123	chapters/age_pyramid.pt.qmd:116-123	The prose names the argument to add as `proporcional = VERDADEIRO`; the code chunk immediately beside it (and the apyramid API) uses `proportional = TRUE`.	A reader who copies the argument from the sentence writes `proporcional = VERDADEIRO` and gets an R error (unused argument / object 'VERDADEIRO' not found), because neither the argument name nor the logical literal is translatable in R.	high
age_pyramid	pt	apyramid package / Pacote apyramid	S6.P1	untrue	chapters/age_pyramid.qmd:98-98	chapters/age_pyramid.pt.qmd:98-98	English says the package help page is opened by entering `?age_pyramid`; Portuguese says to enter `?Age_pyramid` with a capital A, which is not the name of the function or of any help topic.	The Portuguese reader types `?Age_pyramid` and R answers 'No documentation for Age_pyramid', so they do not reach the help page the sentence points them to.	medium
age_pyramid	pt	Aggregated data / Dados agregados	S10.P3	code_mismatch	chapters/age_pyramid.qmd:216-219	chapters/age_pyramid.pt.qmd:213-216	The display chunk that follows the `pivot_longer()` step is labelled as showing the aggregated data ('Visualize os dados agregados'); in English it renders `DT::datatable(demo_agg_long, ...)`, but in Portuguese it renders `DT::datatable(head(linelist, 5), ...)`.	The Portuguese reader never sees the long-format table (age_cat5, gender, counts) that the next `age_pyramid(count = "counts")` call depends on, and instead sees the raw linelist, so they cannot verify what `pivot_longer()` produced or why `count = "counts"` is the right argument.	medium
age_pyramid	ru	Cleaning / Вычистка	S5.P1	untrue	chapters/age_pyramid.qmd:78-78	chapters/age_pyramid.ru.qmd:78-78	The English says the intended age-category order is set by converting the column to class factor; the Russian says it is set by converting to 'коэффициент класса' (a class coefficient), which is not an R data type and not what the English states.	A Russian reader is not told to convert the age-category column with factor(), so they cannot follow the instruction and their pyramid keeps the default alpha-numeric ordering (e.g. '10-14' before '5-9'). The correct term 'Фактор' is used later at line 230, so the reader also sees two different names for one concept.	medium
age_pyramid	ru	Likert scale / Шкала Лайкерта	S15.P6	untrue	chapters/age_pyramid.qmd:658-658	chapters/age_pyramid.ru.qmd:658-658	The English says `..count..` is used to invert the values TO negative (multiply by -1); the Russian says `..count..` is used 'для инвертирования отрицательных значений' (for inverting the negative values), which reverses the direction and is contradicted by the chunk at lines 665-673 where positive counts are multiplied by -1.	A Russian reader reads the technique backwards: they understand the term to act on values that are already negative, rather than to make positive counts negative. That misreading breaks the one mechanism the whole pyramid/Likert construction depends on, and it is the mechanism this paragraph exists to explain.	medium
age_pyramid	ru	Likert scale / Шкала Лайкерта	S15.P5	missing	chapters/age_pyramid.qmd:624-624	chapters/age_pyramid.ru.qmd:624-624	The English data-management step says to pivot the data LONGER; the Russian says only 'Поворот данных' (pivot the data), omitting the direction.	A Russian reader planning the step from this checklist does not know which direction to pivot, and must infer it from `pivot_longer()` in the chunk at lines 631-635. The same chapter translates the direction elsewhere (line 203), so its absence here reads as a deliberate difference.	low
age_pyramid	tr	Demographic pyramids and Likert-scales	S1.P1	untrue	chapters/age_pyramid.qmd:17-17	chapters/age_pyramid.tr.qmd:16-16	The five-point Likert example scale contains "Disagree" as its fourth option; the Turkish list gives "Katılıyorum" (Agree) twice and never gives "Katılmıyorum" (Disagree).	The Turkish reader sees a five-point scale with a duplicated "Agree" and no "Disagree", so the worked example of a Likert scale is internally inconsistent and cannot be used as a model for coding response categories.	high
age_pyramid	tr	**apyramid** package / Linelist data	S7.P3	untrue	chapters/age_pyramid.qmd:126-126	chapters/age_pyramid.tr.qmd:115-115	The grey background bars show the range of the un-faceted data for that age group; the Turkish text instead says the grey bars show the range of un-faceted data "such as age group" ("yaş grubu gibi yönlü olmayan verilerin aralığını"), making age group an example of un-faceted data rather than the grouping the range is computed within.	The Turkish reader misreads what the grey background bars represent and cannot tell that each grey bar is the total for that age group across all facets.	medium
age_pyramid	tr	**apyramid** package / Missing values	S8.P1	untrue	chapters/age_pyramid.qmd:136-136	chapters/age_pyramid.tr.qmd:125-125	Rows with NA in split_by or age_group do not trigger the FACETING described in the previous section; the Turkish text says instead that such rows "do not affect the formation of the graph" ("grafiğin oluşmasını etkilemez").	The Turkish reader loses the link to the faceting rule just above (NA is not counted as a third split_by value) and is told a broader, false claim that missing rows have no effect on the plot at all, which is contradicted two sentences later by na.rm = FALSE.	medium
age_pyramid	tr	**apyramid** package / Missing values	S8.P1	missing	chapters/age_pyramid.qmd:136-136	chapters/age_pyramid.tr.qmd:125-125	With na.rm = FALSE the missing rows appear in TWO distinct places: in an adjacent bar plot, and as a separate age group at the top of the pyramid; the Turkish text collapses this into one place, "at the top, in a separate adjacent bar chart".	The Turkish reader does not expect a new age-category row at the top of the pyramid and may read that extra category as a data error rather than as the missing-age group.	medium
age_pyramid	tr	`ggplot()`	S11.P1	missing	chapters/age_pyramid.qmd:241-241	chapters/age_pyramid.tr.qmd:226-226	After the axis flip the two bar plots stand vertically with their bases meeting in the middle of the plot; the Turkish sentence omits that the bases meet in the plot middle.	The Turkish reader is not told why one series is negated, so the geometric reason the two histograms join at zero to form the pyramid is missing from the method overview.	medium
age_pyramid	vn	**apyramid** package > Linelist data	S7.P3	untrue	chapters/age_pyramid.qmd:126-126	chapters/age_pyramid.vn.qmd:126-126	The grey background bars in a faceted apyramid plot show the range of the un-faceted (whole) data for that age group; the Vietnamese says they show the range of the data that is absent/not present for that age group ("phạm vi của dữ liệu không có mặt cho nhóm tuổi đó").	A Vietnamese reader reads the grey background bars as missing or excluded records for each age group, instead of as the total pooled distribution used for comparison across facets, and so misinterprets every faceted pyramid produced by split_by with more than two values.	high
age_pyramid	vn	`ggplot()` > So sánh với đường cơ sở (Compare to baseline)	S14.P1	added	chapters/age_pyramid.qmd:390-390	chapters/age_pyramid.vn.qmd:390-392	The Vietnamese file states the baseline-layer explanation twice: once as the untranslated English source paragraph at line 390, then again as its Vietnamese translation at line 392; the English has this paragraph only once.	A Vietnamese reader meets an untranslated English paragraph followed by its duplicate in Vietnamese, and may look for a difference in content between the two paragraphs that does not exist.	high
basics	es	### Keyboard shortcuts	S20.P1	untrue	chapters/basics.qmd:259-259	chapters/basics.es.qmd:275-275	The keyboard shortcut that inserts the assignment operator `<-` is Alt + - (Windows/Linux) and Option + - (Mac); the translation gives Alt + * and Opcion + *.	A Spanish reader presses Alt + asterisk, nothing is inserted, and they conclude the shortcut does not exist in their RStudio or keyboard layout instead of pressing Alt + hyphen.	high
basics	es	### Object classes	S58.P3	untrue	chapters/basics.qmd:1029-1029	chapters/basics.es.qmd:1040-1040	The base R function that converts to Date class is spelled `as.Date()` with a capital D; the translated conversion table names it `as.date()`.	A reader copying `as.date()` from the table gets `could not find function "as.date"`, on a page that has not yet taught that R is case-sensitive in function names.	high
basics	es	### Access/index with brackets (`[ ]`)	S60.P6	code_mismatch	chapters/basics.qmd:1164-1164	chapters/basics.es.qmd:1174-1174	The first named element of the demo list defined in the adjacent chunk is `hospitals` (plural); the translated bullet describing that list calls the element `hospital` (singular).	A reader following the bullet indexes with `my_list[["hospital"]]`, gets NULL, and cannot reconcile it with the very next chunk which uses `my_list[["hospitals"]]`.	high
basics	es	### Functions with multiple arguments	S23.P5	code_mismatch	chapters/basics.qmd:374-374	chapters/basics.es.qmd:382-382	The optional argument named in the adjacent `age_pyramid()` chunk is `proportional = TRUE`; the translated NOTE box names the argument `proporcional = TRUE`.	A reader typing `proporcional = TRUE` gets an unused-argument error, and the note is the only place in the section that explains that fully named arguments can be given in any order.	medium
basics	es	### Delete packages	S33.P1	untrue	chapters/basics.qmd:611-611	chapters/basics.es.qmd:623-623	The English attributes `remove.packages()` to base R; the translation attributes it to the **utils** package.	A reader is told a different package owns `remove.packages()` than every other language edition states, and may look for or try to load **utils** before deleting a package.	medium
basics	es	### Object structure	S57.P2	untrue	chapters/basics.qmd:969-969	chapters/basics.es.qmd:996-996	The example stand-alone vector of plot colours is `c("blue", "red2", "orange", "grey")`, which are R colour names; the translation gives `c("azul", "rojo2", "naranja", "gris")`, which R does not recognise as colours.	A reader who reuses the example in a plot palette gets `invalid color name 'azul'`, and may conclude R accepts colour names in the session language.	medium
basics	es	#### Scientific notation	S72.P1	untrue	chapters/basics.qmd:1479-1479	chapters/basics.es.qmd:1494-1494	The `?options` documentation says fixed notation is preferred unless it is more than `scipen` digits WIDER than scientific notation; the translation says fixed notation is preferred unless it HAS more digits than `scipen`.	A reader believes `scipen` is an absolute digit count of the number itself rather than a width penalty relative to scientific notation, so they cannot predict when a value will print in exponential form.	medium
basics	es	### **Pipes**	S63.P1	added	chapters/basics.qmd:1218-1221	chapters/basics.es.qmd:1229-1236	The translated Pipes subsection opens with a second copy of the two-approaches list (Pipes/tidyverse versus intermediate objects) plus a new bold **Pipes** sub-label, content the English has only once in the parent Piping section.	A reader meets the same numbered list twice within twelve lines and may look for a distinction between the two lists that does not exist.	medium
basics	es	### Languages other than English	S9.P1	added	chapters/basics.qmd:117-121	chapters/basics.es.qmd:128-132	The translation lists a third learning resource, [R for Data Science en espanol](https://es.r4ds.hadley.nz/), that the English list of non-English resources does not contain.	None harmful: the reader gets an extra resource, but the Spanish and English editions no longer offer the same resource list, so a reader cross-checking editions sees content that is not in the source.	high
basics	es	#### Your library	S27.P1	added	chapters/basics.qmd:491-491	chapters/basics.es.qmd:493-493	The translation adds the condition "si es windows" (if it is Windows) to the instruction to look for a folder called "win-library"; the English states the instruction unconditionally.	None harmful, and arguably clearer, but it is a claim about platform scope that the English does not make at this point.	low
basics	fr	RStudio	S17.H	alignment_mismatch	chapters/basics.qmd:187-187	chapters/basics.fr.qmd:195-195	In English, 'RStudio {#rstudio}' is a level-2 top-level section; in French the same section is written as a level-3 heading '### RStudio {#rstudio}', so it becomes a subsection of Installation and sits at the same level as its own child '### Orientation de RStudio'.	A French reader sees RStudio nested inside Installation in the table of contents and in the section numbering, and cannot tell that 'Orientation de RStudio', 'Parametres RStudio' and 'Raccourcis clavier' are subsections of RStudio rather than siblings of it.	high
basics	fr	Assignment operators / Operateurs d'affectation	S66.P2	missing	chapters/basics.qmd:1343-1354	chapters/basics.fr.qmd:1530-1530	The English says the assignment pipe is shorthand 'as shown below in two equivalent examples', then gives the pair 'linelist <- linelist %>% mutate(age_months = age_years * 12)' and 'linelist %<>% mutate(age_months = age_years * 12)' with the connecting sentence 'The above is equivalent to the below:'; the French sentence stops at 'Il s'agit d'un raccourci.' and no example, and no connecting sentence, follows.	A French reader of the operators reference gets the claim that %<>% is shorthand with nothing showing what it is shorthand FOR, so they cannot see which normal assignment the pipe replaces without going back to the earlier Piping section.	high
basics	fr	Statistical functions / Fonctions statistiques	S74.P1	untrue	chapters/basics.qmd:1517-1517	chapters/basics.fr.qmd:1766-1766	The English gives the probs= example as the R vector c(0.5, 0.8, 0.85); the French gives it as c(0,5, 0,8, 0,85), whose elements are 0, 5, 0, 8, 0 and 85, so the stated example is not a vector of probabilities within 0 and 1 as the same sentence claims.	A French reader who copies quantile(x, probs = c(0,5, 0,8, 0,85)) passes six values, four of them outside [0,1], and gets an error about probs outside [0,1] instead of the 50th, 80th and 85th percentiles.	high
basics	fr	Object classes / Classes d'objets	S58.P3	untrue	chapters/basics.qmd:1034-1034	chapters/basics.fr.qmd:1137-1137	The English lists the base R class-test functions as is.numeric(), is.character(), is.double(), is.factor(), is.integer(); the French list replaces is.factor() with 'is .facteur()', which is not a function that exists in base R.	A French reader who runs is.facteur(linelist$gender) gets 'could not find function', and has no way from this page to learn the real name is.factor().	high
basics	fr	Keyboard shortcuts / Raccourcis clavier	S20.P1	missing	chapters/basics.qmd:259-259	chapters/basics.fr.qmd:276-277	The English shortcut table gives the Mac shortcut for inserting <- as 'Option + -'; the French table cell for the same row contains only 'Option +', so the hyphen key of the shortcut is absent.	A French Mac reader cannot learn the keystroke for inserting the assignment operator from this table, because the second key of the combination is not stated.	medium
basics	fr	Scientific notation / Notation scientifique	S72.P1	missing	chapters/basics.qmd:1479-1479	chapters/basics.fr.qmd:1722-1723	The English quotes ?options as saying fixed notation is preferred 'unless it is more than scipen digits wider'; the French drops the unit and says only 'a moins qu'elle ne soit plus large de plus de scipen'.	A French reader does not learn that scipen is measured in digits of printed width, so they have no basis for choosing a value and cannot predict when fixed notation will be dropped.	medium
basics	fr	RStudio orientation / Orientation de RStudio	S18.P2	added	chapters/basics.qmd:221-221	chapters/basics.fr.qmd:231-231	The French states the Git pane appears if you have linked the active directory to a repository on Github ('Si vous avez lie le repertoire actif a un depot sur Github'); the English only says the pane can be present 'if you choose to interface with Github' and names no condition about the working directory.	A French reader concludes the Git pane depends specifically on the current working directory being linked to a Github repository, and may believe RStudio has no Git support for a project linked to a non-Github remote.	medium
basics	jp	How to install and load (Install from Github)	S30.P4	untrue	chapters/basics.qmd:536-552	chapters/basics.jp.qmd:557-573	The English says the published CRAN version is the more stable one and the development version carries new features; the Japanese attributes both greater stability and the new features to the development version (より安定し、また、...新機能を備えた開発バージョン).	A Japanese reader concludes the GitHub development build is the safer choice and installs development versions by default, losing the stability trade-off the English states.	high
basics	jp	Remove objects	S62.P2	untrue	chapters/basics.qmd:1195-1197	chapters/basics.jp.qmd:1214-1216	English: rm(list = ls(all = TRUE)) clears the workspace (the R environment). Japanese: it 「作業ディレクトリを空にする」, that is, it empties the working directory.	A Japanese reader, who has just read a section defining 作業ディレクトリ as a folder on disk, may believe this command deletes files on disk: either avoiding it, or running it expecting files to be removed.	high
basics	jp	R markdown	S44.P1	missing	chapters/basics.qmd:699-705	chapters/basics.jp.qmd:722-728	The English states R markdown documents are incredibly useful and versatile tools often used to create dynamic and automated reports; the Japanese paragraph omits this sentence.	A Japanese reader does not learn the main practical motivation for R markdown (automated, dynamic reporting) and may see it only as a way to produce one document.	high
basics	jp	Object classes	S59.P3	added	chapters/basics.qmd:1017-1039	chapters/basics.jp.qmd:1039-1057	The Japanese states the paste-percent-into-a-numeric-column example and the 'sometimes you must convert class' sentence twice, as two near-identical paragraphs (lines 1040 and 1042); the English states it once.	A Japanese reader reads the same paragraph twice and looks for a distinction between the two versions that does not exist.	high
basics	jp	phantomjs	S17.P1	untrue	chapters/basics.qmd:182-186	chapters/basics.jp.qmd:191-195	The Japanese calls phantomjs a package (パッケージ); the English calls it an external program, and the same Japanese paragraph later also calls it 外部プログラム.	A Japanese reader may look for phantomjs on CRAN or run install.packages("phantomjs") instead of webshot::install_phantomjs().	medium
basics	jp	Free online resources	S9.P1	missing	chapters/basics.qmd:111-115	chapters/basics.jp.qmd:118-122	The English quotation of the R4Epis mission covers common types of outbreaks AND population-based surveys; the Japanese quotation covers only 一般的なアウトブレイク調査 (outbreak investigations).	A Japanese reader looking for survey tools concludes R4Epis covers outbreaks only and does not follow the link.	medium
basics	jp	Relational and logical operators	S68.P1	code_mismatch	chapters/basics.qmd:1363-1399	chapters/basics.jp.qmd:1381-1413	The English prose names the two case-definition variables hep_e_rdt and other_cases_in_hh, neither of which appears in the adjacent chunk; the Japanese names them rdt_result and other_cases_in_home, which do appear in it.	The two versions disagree on the variable names of the same worked example, so a reader tracing the English names into the code chunk finds nothing to match.	medium
basics	jp	Code folding	S47.P1	added	chapters/basics.qmd:725-735	chapters/basics.jp.qmd:748-758	The Japanese instructs the reader to leave a half-width space (半角スペースをあけて) between the header text and the four or more dashes, hashes or equals signs; the English gives no such step.	A Japanese reader treats the space as required syntax and may conclude a header written without it cannot fold.	medium
basics	jp	Object structure	S58.P2	added	chapters/basics.qmd:958-972	chapters/basics.jp.qmd:978-994	The Japanese adds a translator note defining field epidemiology as the area that carries out infectious-disease epidemiological investigations (訳注: 感染症の疫学調査などを行う領域); the English has no gloss.	A Japanese reader takes an editorial definition of field epidemiology, narrower than the handbook's own scope, as part of the source text.	medium
basics	jp	Assignment operators	S67.P1	added	chapters/basics.qmd:1330-1344	chapters/basics.jp.qmd:1350-1362	The Japanese adds a translator note explaining a parent R environment as the environment that sits above in a relation between several environments (訳注: 複数の環境の関係において上にくる環境); the English says only higher 'parent' R Environment.	A Japanese reader receives an explanation of environment scoping that the source does not make and that the linked base-R reference is not cited for.	medium
basics	jp	Mathematical functions	S72.P1	added	chapters/basics.qmd:1459-1474	chapters/basics.jp.qmd:1473-1488	The Japanese function table adds translator notes distinguishing round() as 丸め（訳注: 四捨五入ではない） from janitor::round_half_up() as 丸め（訳注: 四捨五入）; the English table labels both rows simply 'rounding'.	A Japanese reader gets the round()/round_half_up() distinction from a bare table cell one section before the DANGER box that explains it, and may skip the explanation.	medium
basics	jp	Rounding	S74.P1	added	chapters/basics.qmd:1489-1491	chapters/basics.jp.qmd:1503-1505	The Japanese adds a translator note defining banker's rounding as round-half-to-even (訳注: 最接近偶数への丸め); the English gives only the behavioural description.	A Japanese reader receives an added technical term that the source does not supply and cannot check it against the linked janitor vignette.	medium
basics	jp	Simple functions	S23.P2	missing	chapters/basics.qmd:313-315	chapters/basics.jp.qmd:323-325	The English says the summary() output is a summary of the column's numeric AND MISSING values; the Japanese says only 要約統計量 (summary statistics).	A Japanese reader is not told that summary() also reports the count of missing values, which is why this example is applied to the age column.	low
basics	jp	Statistical functions	S75.P1	untrue	chapters/basics.qmd:1500-1521	chapters/basics.jp.qmd:1514-1535	The English example probability vector for quantile(probs =) is c(0.5, 0.8, 0.85); the Japanese gives c(0.5, 0.8, 0.05).	A Japanese reader copying the example requests an unsorted quantile set (0.5, 0.8, 0.05) and gets output that does not match what the English text illustrates.	low
basics	pt	Function help / Auxílio para as funções	S31.P1	missing	chapters/basics.qmd:602-604	chapters/basics.pt.qmd:618-622	English tells the reader to get function documentation by searching the RStudio Help tab, by running `?thefunctionname` (function name after a question mark), and by searching online; the Portuguese section with the same heading omits all of this and instead repeats the `::` package-prefix explanation already given in the preceding 'Sintaxe do código' section.	A Portuguese reader looking up 'Auxílio para as funções' never learns the `?function` shortcut or that the Help pane documents functions, and reads a paragraph duplicated from the previous section instead.	high
basics	pt	Pandoc	S14.P1	added	chapters/basics.qmd:172-174	chapters/basics.pt.qmd:178-180	The Portuguese Pandoc paragraph opens with 'Sua versão de R é impressa no o Console R na inicialização. Você também pode executar o' before the Pandoc definition; the English Pandoc paragraph contains no statement about the R version being printed at start-up.	The reader meets a sentence fragment about printing the R version spliced into the definition of Pandoc, so the sentence that should define Pandoc reads as broken and its subject is unclear.	high
basics	pt	Languages other than English / Idiomas além do inglês	S9.P1	added	chapters/basics.qmd:117-123	chapters/basics.pt.qmd:118-126	The Portuguese list adds a third resource, '[Ciência de Dados em R (Português)](https://livro.curso-r.com/index.html)'; the English list has only the Spanish and French resources.	The Portuguese reader is pointed at a resource the English handbook never vetted or listed, so the two versions no longer describe the same set of non-English resources.	high
basics	pt	Access/index with brackets / Accessar-indexar com colchetes	S60.P2	code_mismatch	chapters/basics.qmd:1087-1091	chapters/basics.pt.qmd:1114-1117	The Portuguese chunk keeps the comment announcing the double-bracket example ('Apenas o segundo elemento, sem nome, usando colchetes duplos') but the code line `summary(linelist$age)[[2]]` that the comment describes has been deleted.	The reader is told a double-bracket example follows, sees no such line and no output for it, and therefore cannot compare single- versus double-bracket indexing of a summary object.	high
basics	pt	Access/index with brackets / Accessar-indexar com colchetes	S60.P2	untrue	chapters/basics.qmd:1087-1088	chapters/basics.pt.qmd:1111-1112	The Portuguese comment says `summary(linelist$age)[2]` returns the second element 'sem nome' (without its name); the English says it returns it WITH the name, which is what single-bracket indexing of a named summary actually does.	The reader concludes single and double brackets both strip the name, and so cannot see the distinction this example exists to teach.	medium
basics	pt	Access/index with brackets / Accessar-indexar com colchetes	S60.P5	untrue	chapters/basics.qmd:1143-1144	chapters/basics.pt.qmd:1166-1167	The Portuguese states that single PARENTHESES ('parênteses simples') always return class list when indexing a list, and that 'os parênteses' can be written one after another; the English attributes both behaviours to square brackets `[ ]`, and parentheses do not index in R.	A reader following the text may try `my_list(1)` instead of `my_list[1]`, which errors, and will not connect the paragraph to the bracket examples in the chunk below it.	medium
basics	pt	Object classes / Classe de objetos (Date row)	S58.P1	untrue	chapters/basics.qmd:988-988	chapters/basics.pt.qmd:1011-1012	The Portuguese Date row says that once R is told data are dates the values 'só podem ser apresentados e manipulados de algumas maneiras especiais' (can ONLY be displayed and manipulated in certain special ways); the English states the opposite framing, that such data CAN be manipulated and displayed in special ways.	The reader takes the Date class as a restriction on what can be done with the values rather than as the capability it unlocks, and may avoid converting columns to Date.	medium
basics	pt	Masked functions / Funções mascaradas	S35.P2	missing	chapters/basics.qmd:629-629	chapters/basics.pt.qmd:646-648	English introduces the numbered list with 'Here are ways you can fix masking:'; the Portuguese drops this sentence and starts straight at item 1, so the list is never stated to be the remedies for masking.	The two numbered steps follow the masking screenshot with no introduction, so the reader may read them as a continuation of the diagnosis rather than as the fixes.	medium
basics	ru	Defining objects (`<-`)	S56.P4	code_mismatch	chapters/basics.qmd:911-911	chapters/basics.ru.qmd:911-911	The example cross-tabulation is of gender by outcome; the Russian text says the cross-tabulation is of gender by age (по полу и возрасту), while the chunk immediately below runs table(linelist$gender, linelist$outcome).	A Russian reader expects age categories in the printed table, sees outcome values (Death/Recover) instead, and may conclude the code or the linelist is wrong rather than the text.	high
basics	ru	Cheatsheets	S6.P1	untrue	chapters/basics.qmd:78-78	chapters/basics.ru.qmd:78-78	The listed cheatsheet covers factors with the forcats package; the Russian renders it as Коэффициенты (coefficients), so it states forcats is about coefficients.	A Russian reader learns the wrong purpose for forcats and will not look for it when they need to reorder or relabel a categorical variable; the same chapter later calls the class Факторы, so the two passages disagree.	high
basics	ru	Object structure	S57.P2	untrue	chapters/basics.qmd:964-964	chapters/basics.ru.qmd:964-964	A vector is a container for a sequence of singular (individual) objects; the Russian says последовательности уникальных объектов, asserting the elements are unique.	A Russian reader can conclude that a vector, and therefore a data frame column, cannot hold repeated values, which contradicts every example in the chapter (e.g. c(1,2,3,4,5) usage, linelist$gender) and misleads them about duplicates.	high
basics	ru	Missing values	S68.P1	missing	chapters/basics.qmd:1430-1430	chapters/basics.ru.qmd:1430-1430	The instruction that is.na() is the special function used to test whether a value is NA, and that it returns TRUE or FALSE, is stated in Russian nowhere: the sentence is left in English in the translated file.	A reader who does not read English gets the code chunk with is.na(rdt_result) and no Russian statement of what the function does or what it returns, so the central point of the section is unavailable to them.	medium
basics	ru	RStudio orientation	S18.P2	missing	chapters/basics.qmd:221-221	chapters/basics.ru.qmd:221-221	The point that the Environment pane also holds a Connections pane for external connections and can hold a Git pane for Github is not made in Russian: the sentence is left in English in the translated file.	A reader who does not read English does not learn that Connections and Git tabs live in that pane, and will not look there when setting up a database connection or version control.	medium
basics	ru	Why use R?	S2.P1	untrue	chapters/basics.qmd:30-30	chapters/basics.ru.qmd:30-30	The English attributes the definition of R to the R project website (a third party); the Russian says на нашем веб-сайте проекта по R (on OUR R project website), claiming r-project.org belongs to the handbook.	A Russian reader takes r-project.org to be a site run by the handbook authors, and so misjudges who defines and governs R and how authoritative the quoted definition is.	medium
basics	ru	R and RStudio	S11.P1	missing	chapters/basics.qmd:134-134	chapters/basics.ru.qmd:134-134	The English says to download the latest FREE Desktop version of RStudio; the Russian says only последнюю версию десктоп приложения and drops the word free.	The download page offers free and paid Desktop editions; a Russian reader has no cue which one the handbook means and may believe RStudio Desktop must be purchased or may start a paid trial.	medium
basics	ru	Code assists	S80.P1	missing	chapters/basics.qmd:1641-1641	chapters/basics.ru.qmd:1641-1641	The English states the warning flag appears on the right side of the script; the Russian says only that RStudio places a flag on that line and omits where on the line it appears.	A Russian reader is not told which margin to look at for the syntax warning marker and may not notice it.	medium
basics	tr	Resources within RStudio	S5.P1	untrue	chapters/basics.qmd:62-62	chapters/basics.tr.qmd:62-62	The English tells the reader not to include parentheses after `?functionname`; the Turkish tells the reader not to include an apostrophe ("Kesme isareti eklemeyin").	A Turkish reader keeps the parentheses and types `?filter()`, which does not open the Help page, while being warned about an apostrophe that the English never mentions.	high
basics	tr	Twitter	S7.P1	missing	chapters/basics.qmd:95-95	chapters/basics.tr.qmd:95-95	The English sentence introducing the Twitter list ("R has a vibrant twitter community where you can learn tips, shortcuts, and news - follow these accounts") is present only inside an HTML comment in the Turkish file, so it is not rendered.	The Turkish reader meets a bare list of Twitter handles under the heading with no sentence saying what the accounts are for or that they should be followed.	high
basics	tr	Cheatsheets	S6.P1	untrue	chapters/basics.qmd:88-88	chapters/basics.tr.qmd:88-88	The English names the R package **leaflet**; the Turkish names a package **brosur** (the Turkish common noun for "brochure"), which is not an R package.	A Turkish reader searching CRAN or the RStudio cheatsheet page for "brosur" finds nothing and cannot locate the interactive-maps package. Every other package name in the same list (forcats, lubridate, stringr, purrr, dplyr, ggplot2, reticulate) is left in English, so the reader has no cue that this one was translated.	medium
basics	tr	RStudio orientation	S18.P2	missing	chapters/basics.qmd:224-224	chapters/basics.tr.qmd:233-233	The English says the Packages pane lets you see, install, update, delete, AND load/unload packages; the Turkish list omits load/unload.	A Turkish reader does not learn that packages can be loaded and unloaded from the Packages pane by ticking its checkbox, and looks only for a code route.	medium
basics	tr	Functions with multiple arguments	S23.P5	code_mismatch	chapters/basics.qmd:371-371	chapters/basics.tr.qmd:381-381	The Turkish instructs the reader to set `orantili = DOGRU` when the default is `YANLIS`, but the code chunk immediately below it (basics.tr.qmd lines 386-393) passes `proportional = TRUE`.	A Turkish reader who types `orantili = DOGRU` gets `unused argument` and `object 'DOGRU' not found` errors, because neither the argument name nor the logical value exists in R.	high
basics	tr	Object classes	S58.P1	untrue	chapters/basics.qmd:990-990	chapters/basics.tr.qmd:987-987	The Turkish class table states that a logical value must be one of the two special values DOGRU or YANLIS, and that these are not "DOGRU"/"YANLIS" in quotes; R's logical values are TRUE and FALSE.	A Turkish reader takes DOGRU/YANLIS to be literal R values and writes them in code, producing `object 'DOGRU' not found`; the quotation-mark warning also points at the wrong tokens.	high
basics	tr	Missing values	S68.P1	untrue	chapters/basics.qmd:1430-1430	chapters/basics.tr.qmd:1426-1426	The Turkish says `is.na()` returns "DOGRU" or "YANLIS"; `is.na()` returns TRUE or FALSE.	A Turkish reader compares the console output of `is.na(rdt_result)` (TRUE/FALSE, shown in the chunk at lines 1428-1431) against the DOGRU/YANLIS the text promised, and cannot tell whether the function behaved as documented.	medium
basics	tr	Statistical functions	S74.P1	untrue	chapters/basics.qmd:1501-1501	chapters/basics.tr.qmd:1497-1497	The Turkish CAUTION box says missing values produce an output of "YOK"; the English says they produce `NA`.	A Turkish reader who runs `mean(linelist$age)` and sees `NA` does not connect it to the warning, and does not learn that `NA` is the signal to add `na.rm = TRUE`.	high
basics	tr	How to install and load	S29.P6	untrue	chapters/basics.qmd:565-565	chapters/basics.tr.qmd:574-574	The English says to force a re-install by using `p_load_current_gh()` WITH the argument `update = TRUE`; the Turkish says to use `p_load_current_gh()` INSTEAD OF ("yerine") the argument `update = TRUE`.	A Turkish reader calls `p_load_current_gh()` without `update = TRUE`, so the forced re-install they were trying to trigger does not happen and the stale local version stays in place.	medium
basics	tr	Commenting	S40.P1	untrue	chapters/basics.qmd:665-665	chapters/basics.tr.qmd:674-674	The English says you comment multiple lines by HIGHLIGHTING them and then pressing Ctrl+Shift+c; the Turkish says that pressing Ctrl+Shift+c comments multiple lines AND creates highlights ("vurgular olusturabilirsiniz"), turning the required first step into a result.	A Turkish reader presses Ctrl+Shift+c without selecting the lines first and comments only the single line the cursor is on, then expects some highlighting effect that RStudio never produces.	medium
basics	tr	Code folding	S46.P1	missing	chapters/basics.qmd:728-728	chapters/basics.tr.qmd:737-737	The English states that clicking the gutter arrow COLLAPSES the code down to the next header and puts a dual-arrow icon in its place; the Turkish sentence says only that you can click this arrow and the code below until the next header ends and a dual-arrow icon appears, and never states that the code collapses.	A Turkish reader is not told what the click actually does, so the following paragraph about expanding the code again (line 739) has no antecedent action to undo.	medium
basics	tr	Recommended approach	S48.P1	missing	chapters/basics.qmd:759-767	chapters/basics.tr.qmd:766-769	The English "Recommended approach" subsection recommends the R-project-oriented workflow built from three elements (an R Project for the files, the **here** package to locate files, the **rio** package to import/export); the Turkish file has no counterpart for this subsection at all.	The Turkish reader goes straight from "here is your working directory" to "do not use setwd()" with no statement of what to do instead, and never sees the R Project + here + rio combination or the cross-references to the R projects and Import-and-export pages.	high
basics	tr	Set by command	S49 (heading)	alignment_mismatch	chapters/basics.qmd:770-770	chapters/basics.tr.qmd:769-781	The English subsection heading "### Set by command" has no heading in the Turkish file; its two paragraphs and DANGER box are merged into the parent "## Calisma dizini" section.	The Turkish reader loses the section boundary and the table-of-contents entry, so the setwd() material reads as part of the chapter-level working-directory introduction instead of as the named alternative method.	high
basics	tr	Set by command	S49.P2	untrue	chapters/basics.qmd:780-780	chapters/basics.tr.qmd:777-777	The Turkish DANGER box tells the reader to use paths relative to the R Project root "with the **burada** package"; the package is named **here**, and the Turkish text elsewhere (lines 819 and 823) correctly writes **here**.	A Turkish reader tries to install or load a package called `burada`, which does not exist, and cannot follow the one recommendation the DANGER box makes.	medium
basics	tr	Defining objects (`<-`)	S56.P1	missing	chapters/basics.qmd:860-860	chapters/basics.tr.qmd:857-857	The English gives a reading mnemonic: think of `<-` as the words "is defined as". The Turkish states only that `<-` is called the assignment operator, and drops the mnemonic.	The Turkish reader is not given the way to read an assignment line aloud, which is the point of the sentence, and gets a circular restatement of the heading instead.	medium
basics	tr	Relational and logical operators	S67.P2	code_mismatch	chapters/basics.qmd:1410-1420	chapters/basics.tr.qmd:1406-1416	The Turkish criteria table says the new `case_def` variable takes the values "Onaylanmis", "Muhtemel" and "Supheli" for tests on "Pozitif" and "Evet", but the `case_when()` chunk beside it (basics.tr.qmd lines 1396-1404) tests "Positive"/"Yes" and assigns "Confirmed"/"Probable"/"Suspected".	A Turkish reader running the chunk gets English category labels that appear nowhere in the table explaining it, and may believe the code is filtering on Turkish strings that would in fact match nothing in the data.	medium
basics	tr	Statistical functions	S74.P1	untrue	chapters/basics.qmd:1517-1517	chapters/basics.tr.qmd:1513-1513	The Turkish note names the `quantile()` argument as "prob ="; the English and the table directly above it (basics.tr.qmd line 1504, `quantile(x, probs)`) name it `probs =`.	A Turkish reader who writes `quantile(x, prob = c(0.5, 0.8))` relies on partial matching that the text never mentions, and gets an error as soon as the call is made in a context where partial matching is disabled or ambiguous.	medium
basics	tr	`%in%`	S76.P2	untrue	chapters/basics.qmd:1558-1558	chapters/basics.tr.qmd:1554-1554	The English says: to ask whether a value is NOT `%in%` a vector, put an exclamation mark in front. The Turkish drops the negation and says: to ask whether a value IS in a vector, put an exclamation mark in front of the logical statement.	A Turkish reader adds `!` to test membership and gets the exact opposite result; the chunk below (lines 1556-1560) then prints FALSE for `!"a" %in% my_vector` even though "a" is in the vector, with no text explaining the reversal.	high
basics	tr	`%in%`	S76.P3	code_mismatch	chapters/basics.qmd:1566-1566	chapters/basics.tr.qmd:1562-1562	The Turkish prose names the **dplyr** function "case_while()"; the chunk immediately below it (basics.tr.qmd lines 1564-1571) uses `case_when()`, and no `case_while()` exists in dplyr.	A Turkish reader searching the help for `case_while()` or typing it gets "could not find function", and cannot match the prose to the code example under it.	high
basics	tr	Why use R?	S2.P1	untrue	chapters/basics.qmd:42-42	chapters/basics.tr.qmd:42-42	The English says R-Ladies likely has a chapter NEAR YOU; the Turkish says it probably has a chapter that you are about to use ("kullanmak uzere oldugunuz bir bolumleri vardir").	The Turkish reader loses the actionable point (there is probably a local R-Ladies chapter to join) and reads an assertion about their own future use that the English never makes.	medium
basics	vn	Working directory in an R markdown	S53.P2	untrue	chapters/basics.qmd:806-806	chapters/basics.vn.qmd:806-806	English: using R markdown inside an R project with the here package is much easier than the setwd()/root.dir approach just described. Vietnamese reverses the comparison, stating that setting root.dir is much easier than using R markdown inside an R project with the here package.	A Vietnamese reader concludes the handbook recommends hard-coding root.dir in the setup chunk over the R-project + here workflow, and adopts the brittle machine-specific path approach the chapter spends two sections warning against.	high
basics	vn	Scientific notation	S73.P1	untrue	chapters/basics.qmd:1481-1481	chapters/basics.vn.qmd:1492-1492	English: if the scipen option is set to a low number (e.g. 0), scientific notation is always turned on. Vietnamese instead says that if there are many small numbers to display (e.g. the number 0), the feature is turned on by default; it drops the fact that scipen's own value is what is set low.	A Vietnamese reader believes scientific notation is triggered by the data values rather than by the scipen option, so they do not learn that options(scipen=0) turns it on and cannot reason about why options(scipen=999) turns it off.	high
basics	vn	Code assists	S81.P1	untrue	chapters/basics.qmd:1641-1641	chapters/basics.vn.qmd:1652-1652	English: RStudio raises the warning flag on the RIGHT side of the script. Vietnamese states it appears on the LEFT side of the script.	A Vietnamese reader looks on the wrong edge of the editor for the syntax-error marker and concludes RStudio gave no warning about their missing comma or unclosed parenthesis.	high
basics	vn	Assignment operators	S67.P1	untrue	chapters/basics.qmd:1337-1339	chapters/basics.vn.qmd:1346-1348	English: the <<- operator defines an object in a higher 'parent' R environment. Vietnamese says it defines an object inside a function nested within another function.	A Vietnamese reader forms the wrong mental model of scoping: they think <<- is about nested function definitions rather than about writing to an enclosing/global environment, so they will misuse it and misread code that relies on it.	medium
basics	vn	Pipes	S64.P3	untrue	chapters/basics.qmd:1265-1266	chapters/basics.vn.qmd:1273-1275	English says of %<>% only that 'It is shorthand'. Vietnamese states 'Nó nhanh hơn sử dụng pipe thông thường' - it is faster than using a normal pipe - a performance claim the English does not make. The chapter's own later passage on %<>% (vn line 1352) correctly renders the same English sentence as 'Đây là cách viết ngắn gọn' (this is a concise way of writing).	A Vietnamese reader believes %<>% executes faster than x <- x %>% ... and may choose it for speed rather than for brevity, and may expect a runtime benefit that does not exist.	medium
basics	vn	RStudio orientation	S19.P2	missing	chapters/basics.qmd:223-226	chapters/basics.vn.qmd:223-226	English states 'The Help pane can display documentation and help files.' The Vietnamese enumeration of the lower-right pane's tabs goes straight from the Viewer pane to the Files pane and omits the Help pane entirely.	A Vietnamese reader is never told in the pane tour which pane shows documentation, so the later instructions to 'search the Help tab' and to run ?functionname and read the result 'in the Help pane' have no anchor in the interface description.	high
basics	vn	Set manually	S51.P1	missing	chapters/basics.qmd:786-786	chapters/basics.vn.qmd:786-786	English states 'This will set the working directory for that specific R session.' The Vietnamese omits this sentence and jumps from the menu steps straight to the note about repeating it each time RStudio is opened.	A Vietnamese reader is not told that the point-and-click setting is scoped to the current R session only, so they may assume it is a persistent RStudio preference and be surprised when file paths break in a new session.	medium
basics	vn	Code folding	S47.P1	untrue	chapters/basics.qmd:732-732	chapters/basics.vn.qmd:732-732	English: one # marks a primary header, ## a secondary, ### a tertiary. Vietnamese writes '\# \# cho tiêu đề chính' - rendering as two hash symbols for the primary header - while still giving ## for secondary and ### for tertiary, which is internally contradictory.	A Vietnamese reader writing comment headers for code folding uses two hashes for a top-level header and gets a second-level entry in the script Table of Contents, with no top-level section at all.	medium
basics	vn	Free online resources	S9.P1	missing	chapters/basics.qmd:112-112	chapters/basics.vn.qmd:112-112	English asserts 'A definitive text is the R for Data Science book by Garrett Grolemund and Hadley Wickham.' The Vietnamese reduces this to a bare noun phrase naming the book and its authors, with no predicate and no claim about its standing.	A Vietnamese reader scanning a list of learning resources gets no signal that R for Data Science is the canonical reference rather than one link among several, and may not prioritise it.	low
characters_strings	es	Import data / Importar datos	S4.P1	added	chapters/characters_strings.qmd:52-55	chapters/characters_strings.es.qmd:53-53	The translation carries a stray body line 'Importar datos' that duplicates the section heading; the English has no such line.	The Spanish reader sees the heading text repeated as a paragraph and may look for a separate sub-topic that does not exist.	medium
characters_strings	es	Split columns / Dividir columnas	S10.P2	code_mismatch	chapters/characters_strings.qmd:326-326	chapters/characters_strings.es.qmd:313-313	The translation instructs the reader to supply 'en =' as the vector of new column names, but the argument of separate() shown in the adjacent chunk is 'into ='.	A Spanish reader who copies the instruction writes separate(symptoms, en = c(...)) and gets an unused-argument error; the bullet list two lines below still refers to 'into', so the two names conflict.	high
characters_strings	es	Change case / Cambiar mayusculas	S14.P3	code_mismatch	chapters/characters_strings.qmd:427-427	chapters/characters_strings.es.qmd:405-405	The translation says the un-capitalised words are 'a', 'el' and 'de', but the string passed to tools::toTitleCase() in the adjacent chunk is English ('This is the US state of california'), where the un-capitalised words are 'the' and 'of'.	The Spanish reader looks for 'a', 'el', 'de' in the printed output, finds none of them, and cannot see what toTitleCase() actually leaves lowercase.	medium
characters_strings	es	Extract a match / Extraer una coincidencia	S32.P1	code_mismatch	chapters/characters_strings.qmd:859-859	chapters/characters_strings.es.qmd:791-791	The translation states the search patterns are 'ensen', 'profesor' or 'tutor', but the chunk beside it searches the English pattern "teach|prof|tutor" over an English occupations vector.	The Spanish reader believes the example searches Spanish terms and cannot map the printed matches ('teach', 'prof', 'tutor') back to the described patterns; copying 'ensen|profesor|tutor' against the occupations vector returns no matches.	high
characters_strings	fr	Combine strings / Combiner des chaînes de caractères	S6.P3	missing	chapters/characters_strings.qmd:103-103	chapters/characters_strings.fr.qmd:102-102	The English states that `collapse = ` makes the output vector contain only ONE long character element; the French says only that the produced vector is "un long vecteur de type caractère" and drops the single-element point.	A French reader does not learn that `collapse = ` reduces the result to a single string, so they may expect `str_c(x, y, collapse = ...)` to return one element per input pair and misread the printed output.	medium
characters_strings	fr	Dynamic strings / Chaînes de caractères dynamiques	S7.P3	added	chapters/characters_strings.qmd:159-159	chapters/characters_strings.fr.qmd:159-159	The French adds a description of the example data frame's contents ("comprenant la juridiction (zone), les nouvelles affaires et les affaires totales"); the English only says "Below is an example data frame."	A French reader is told the column inventory in prose rather than reading it from the chunk, and the added gloss calls the case counts "affaires" (legal cases), which conflicts with the epidemiological meaning of `new_cases`/`total_cases` used everywhere else.	medium
characters_strings	fr	Split columns / Séparer les colonnes	S10.P3	missing	chapters/characters_strings.qmd:337-337	chapters/characters_strings.fr.qmd:337-337	The English says of the `extra = "merge"` example that "no data is lost"; the French sentence omits that claim entirely.	A French reader loses the explicit contrast with the following example (where third symptoms ARE lost), so the reason to prefer `extra = "merge"` is weaker and they may keep the default and silently truncate data.	medium
characters_strings	fr	Wrap into paragraphs / Transformer en paragraphes	S20.P2	missing	chapters/characters_strings.qmd:538-538	chapters/characters_strings.fr.qmd:536-536	The English says that wrapping the command in `cat()` prints the output "displaying the new lines added"; the French says only that it prints the result "dans la console R" and omits that the inserted newlines become visible.	A French reader does not learn WHY the second `cat()` example exists, so they may not realise that `str_wrap()` output shows literal `\n` until passed to `cat()`, and may believe `str_wrap()` failed.	medium
characters_strings	fr	Detect a pattern / détecter un motif	S27.P7	missing	chapters/characters_strings.qmd:714-714	chapters/characters_strings.fr.qmd:704-704	The English states that the example search-term vector holds possible occupation terms for front-line medical providers; the French says only "les termes de recherche d'une occupation possible" and drops the front-line-medical-provider identification.	A French reader does not know what the 45-term `occupation_med_frontline` vector is meant to capture, so they cannot judge whether the term list fits their own case definition before reusing it.	low
characters_strings	fr	Regex and special characters / Regex et caractères spéciaux	S37.P8	untrue	chapters/characters_strings.qmd:1072-1072	chapters/characters_strings.fr.qmd:1046-1046	The English gives the alternative digit pattern as `"\\d{1,2}"` (escaped backslash); the French writes `"\d{1,2}"` with a single backslash.	A French reader who copies `"\d{1,2}"` into R gets an "unrecognized escape" parse error, and the line also contradicts the metacharacter table earlier in the same French section, which correctly shows `"\\d"`.	high
characters_strings	fr	Split / séparer	S9.P2	untrue	chapters/characters_strings.qmd:272-272	chapters/characters_strings.fr.qmd:272-272	The French says the value "fever" is located "dans le dataframe de l'exemple"; the English example involves only a single character string split by `str_split()`, with no data frame.	A French reader may look for a data frame that does not exist in this example, and may conclude that `str_split()` bracket indexing addresses data-frame rows rather than list elements.	low
characters_strings	jp	Split columns / 列の分割	S10.P3	missing	chapters/characters_strings.qmd:344-346	chapters/characters_strings.jp.qmd:327-329	With extra = "drop", the third symptoms are lost (the excess values are discarded).	The Japanese sentence states only that a warning is shown, so a reader who skims the prose and not the in-chunk comment can conclude the warning is cosmetic and keep the default, silently dropping every third symptom from the data.	medium
characters_strings	pt	Extraia uma combinação / Extract a match	S32.P2	code_mismatch	chapters/characters_strings.qmd:861-861	chapters/characters_strings.pt.qmd:778-778	The text claims occupation 3 contains two matches of the search pattern; in the Portuguese chapter occupation 3 is "educador de escola primaria" and the pattern "educador|prof|tutor" matches it exactly once (verified with str_extract_all in R).	The Portuguese reader is told to look for two matches in element 3 of the returned list, sees only one, and concludes that str_extract_all() does not in fact return all matches per string, which is the whole point of the section.	high
characters_strings	pt	Extraia uma combinação / Extract a match	S32.P3	code_mismatch	chapters/characters_strings.qmd:868-868	chapters/characters_strings.pt.qmd:784-784	The text claims that the second of occupation 3's matches is not shown by str_extract(); in the Portuguese chapter occupation 3 has no second match, so str_extract() and str_extract_all() give identical content for that element.	The Portuguese reader has no worked contrast between str_extract() and str_extract_all(), and cannot see the first-match-only behaviour that the sentence asks them to observe.	high
characters_strings	pt	Substituir tudo / Replace all	S29.P1	code_mismatch	chapters/characters_strings.qmd:768-768	chapters/characters_strings.pt.qmd:696-696	The prose states the example replaces every instance of "morto" with "falecido", but the chunk immediately below it passes replacement = "obito", so the printed output contains "obito" and never "falecido".	The reader looks for "falecido" in the output, does not find it, and cannot tell whether str_replace_all() misbehaved or the replacement argument means something other than the replacement string.	high
characters_strings	pt	Mudar maiusculas e minusculas / Change case	S14.P3	code_mismatch	chapters/characters_strings.qmd:427-431	chapters/characters_strings.pt.qmd:395-399	The prose claims tools::toTitleCase() leaves words like "para", "o" and "de" in lowercase, but the chunk beside it feeds Portuguese text and toTitleCase() only lowercases an English stop-word list: the actual output is "Este e o Estado Da Califórnia Dos EUA", with "da" and "dos" capitalised (verified by running R).	The reader believes toTitleCase() understands Portuguese function words and uses it to title-case Portuguese place names, jurisdiction names or column labels, silently capitalising every "da", "do", "dos" and "de" in their output.	high
characters_strings	pt	Caracteres especiais / Special characters	S35.P1	missing	chapters/characters_strings.qmd:929-933	chapters/characters_strings.pt.qmd:837-837	The English table gives five separate rows mapping "\`" to grave accent, "\r" to carriage return, "\t" to tab, "\v" to vertical tab and "\b" to backspace; the Portuguese table collapses all five into a single mangled cell whose markup breaks the escape-to-meaning pairing.	A Portuguese reader consulting the table cannot read which escape sequence produces which character for the last five entries, and the final entry renders as "\b"\ rather than "\b", so copying it into code produces an invalid escape.	medium
characters_strings	pt	Caracteres especiais / Special characters	S35.P1	added	chapters/characters_strings.qmd:933-933	chapters/characters_strings.pt.qmd:837-837	The Portuguese table defines backspace as "exclui caractere anterior ao selecionado" (deletes the character before the selected one); the English table gives only the bare term "backspace" with no definition.	The reader takes an editing-key description of "\b" that the handbook never asserts, and may expect "\b" in an R string to delete a preceding character rather than emit a backspace control character.	medium
characters_strings	ru	Split	S9.P2	missing	chapters/characters_strings.qmd:272-272	chapters/characters_strings.ru.qmd:272-272	The English points the reader to the R basics page as a navigable cross-reference, written as the markdown link [R basics](basics.qmd); the Russian writes the bare bracketed text [Основы R] with no link target, so the cross-reference does not exist.	A Russian reader who wants more detail on accessing list elements with [[1]][2] bracket syntax sees literal square brackets rendered as plain text, has no clickable route to the R basics chapter, and must find that chapter by hand or skip the background entirely.	medium
characters_strings	ru	Replace by character position	S24.P2	missing	chapters/characters_strings.qmd:627-627	chapters/characters_strings.ru.qmd:627-627	The English states that the string "HIV" EXPANDS in length when str_sub(words, 3, 4) <- "XX" is assigned to it ("Note the expansion in length of \"HIV\""); the Russian says only "Обратите внимание на длину" (note the length of "HIV"), dropping the claim that the length grows.	A Russian reader is told to look at the length of "HIV" but is not told what to look for, so they can miss that assignment via str_sub() lengthens a string shorter than the target positions (3-character "HIV" becomes 4-character "HIXX") rather than leaving it unchanged or truncating it. They may then assume str_sub() assignment always preserves string length and be surprised by longer output when applying it to a column of mixed-length codes.	high
characters_strings	tr	### base R functions	S12.P2	untrue	chapters/characters_strings.qmd:395-395	chapters/characters_strings.tr.qmd:365-365	The English says paste() is paste0() with a default sep = " "; the Turkish reverses it and says paste0() is paste() carrying the sep = " " argument.	A Turkish reader concludes paste0() inserts a space between parts. It does not: paste0() defaults to sep = "". Concatenations built with paste0() will silently lack the separator the reader expects, or the reader will use paste() thinking it joins with no separator.	high
characters_strings	tr	### Detect within logic	S30.P1	code_mismatch	chapters/characters_strings.qmd:793-793	chapters/characters_strings.tr.qmd:730-730	The English names the dplyr function case_when(); the Turkish paragraph names case_while() three times, while the code chunk beside it uses case_when().	A Turkish reader searching help for case_while() finds nothing, since no such dplyr function exists, and cannot connect the prose to the case_when() call in the chunk immediately below.	high
characters_strings	tr	### Extract a match	S32.P1	untrue	chapters/characters_strings.qmd:861-861	chapters/characters_strings.tr.qmd:791-791	The English says the third occupation contains two pattern matches; the Turkish says three patterns match within the occupations vector.	The point of the example, that one single string can yield several matches inside one list element, is lost. The Turkish reader reads the output as three matched search terms instead of two matches within one string, and so misreads the str_extract_all() list structure and the following note that str_extract() drops the second match.	high
characters_strings	tr	### Remove leading/trailing whitespace	S18.P1	code_mismatch	chapters/characters_strings.qmd:502-502	chapters/characters_strings.tr.qmd:465-465	The English gives the literal str_trim() side values "right", "left", "both" and the call str_trim(x, "right"); the Turkish translates them to "sag", "sol", "her ikisi" and writes the call as str_trim(x, "sag").	A Turkish reader who copies str_trim(x, "sag") gets an error, because side must be one of "left", "right" or "both". The literal argument values a reader needs are absent from the Turkish page.	high
characters_strings	tr	### Truncate	S16.P1	code_mismatch	chapters/characters_strings.qmd:472-472	chapters/characters_strings.tr.qmd:435-435	The English gives the literal str_trunc() side values "left", "right", "center"; the Turkish gives them as "sol", "sag", "merkez".	A Turkish reader who passes side = "merkez" to str_trunc() gets an error. The chunk beside the text uses "center", so the prose and the runnable code disagree on the only value the reader can actually use.	medium
characters_strings	tr	## Special characters	S35.P1	untrue	chapters/characters_strings.qmd:929-929	chapters/characters_strings.tr.qmd:844-844	The English special-characters table says the escape "\`" represents a grave accent; the Turkish table says it represents the circumflex/caret sign ("sapka isareti").	A Turkish reader learns the wrong character for that escape and will look for a caret (^) rather than a backtick/grave accent when reading or writing escaped strings.	medium
characters_strings	tr	### Combine strings	S6.P3	missing	chapters/characters_strings.qmd:103-103	chapters/characters_strings.tr.qmd:99-99	The English says collapse = separates the elements of the output vector such that the output vector has only one long character element; the Turkish keeps only the first half, that it separates the elements of the output.	A Turkish reader does not learn that collapse = reduces the result to a single string. They may expect a vector with one element per person and be surprised when str_c() returns one long value, which is exactly the behaviour the example below demonstrates.	medium
characters_strings	tr	### Dynamic strings	S7.P1	untrue	chapters/characters_strings.qmd:135-135	chapters/characters_strings.tr.qmd:130-130	The English says single quotes inside the surrounding double quotes are used to display single quote characters (''); the Turkish says they are used to display the double quote character (").	A Turkish reader believes nesting single quotes inside str_glue("") prints a double quote. It prints a single quote, so an attempt to show " inside a glue string fails and the reader does not learn that \" is needed.	medium
characters_strings	tr	### Detect a pattern	S27.P2	untrue	chapters/characters_strings.qmd:671-671	chapters/characters_strings.tr.qmd:615-615	The English says negate = TRUE is for when you want to know whether the pattern is NOT present; the Turkish says it is for when you want to know whether the pattern is present or not.	The inversion that negate = TRUE performs is not stated in Turkish. A reader who wants a plain presence test may add negate = TRUE and get exactly the reversed logical vector, which silently inverts any filter or case_when() branch built on it.	medium
characters_strings	tr	### Split	S9.P2	missing	chapters/characters_strings.qmd:272-272	chapters/characters_strings.tr.qmd:258-258	The English links the R basics page for more detail on accessing elements, [R basics](basics.qmd); the Turkish keeps the label but drops the link target, leaving the literal text [R temelleri].	A Turkish reader cannot navigate to the R basics page and instead sees unrendered bracket text. The cross-reference that explains [[ ]] bracket indexing, which the paragraph depends on, is unreachable.	medium
characters_strings	tr	### Detect a pattern	S27.P9	code_mismatch	chapters/characters_strings.qmd:743-743	chapters/characters_strings.tr.qmd:686-686	The English gives the base R syntax as gsub(pattern, replacement, strings_to_search, ignore.case = FALSE); the Turkish gives the second argument the name replace instead of replacement.	A Turkish reader who writes the argument by name, gsub(pattern = ..., replace = ...), gets an error or silent partial matching failure, because the formal argument of gsub() is replacement.	low
characters_strings	vn	Dynamic strings / Chuỗi động	S7.P1	untrue	chapters/characters_strings.qmd:135-135	chapters/characters_strings.vn.qmd:125-125	English: single quotes inside the surrounding double quotes are used to display SINGLE quote characters ('') in str_glue() output. Vietnamese: single quotes inside the double quotes are used to display the DOUBLE quote character (").	A Vietnamese reader who wants a double quote inside a str_glue() string will write single quotes and get single quotes, not the double quotes the text promised; the cited example (format string '%d %b %Y') produces single quotes, contradicting the translated rule.	medium
characters_strings	vn	Truncate / Cắt chuỗi ký tự	S16.P1	missing	chapters/characters_strings.qmd:472-472	chapters/characters_strings.vn.qmd:426-426	English states the ellipsis IS counted within the maximum length given to str_trunc(). The Vietnamese replaces this with 'dấu ba chấm được tính toán phụ thuộc vào độ dài' (the ellipsis is computed depending on the length), which does not state that the ellipsis consumes characters from the specified maximum.	A Vietnamese reader calling str_trunc(x, 10) expects 10 retained characters plus '...' and is surprised that only 7 characters survive, so they choose the wrong width when standardising code lengths.	medium
characters_strings	vn	Special characters / Các ký tự đặc biệt	S35.P1	missing	chapters/characters_strings.qmd:923-934	chapters/characters_strings.vn.qmd:816-822	English gives nine separate table rows, each pairing one escape sequence with its meaning, including the five rows "\`"=grave accent, "\r"=carriage return, "\t"=tab, "\v"=vertical tab, "\b"=backspace. The Vietnamese table has only five rows: the last five English rows are collapsed into one broken row whose meaning column contains only 'backspace'.	A Vietnamese reader scanning the special-characters table cannot read off which meaning belongs to \r, \t, \v or \b, because the four pairings are run together inside one cell and only 'backspace' appears in the meaning column.	medium
cleaning	es	Cleaning dictionary	S44.P3	missing	chapters/cleaning.qmd:1080-1080	chapters/cleaning.es.qmd:1053-1055	match_df() can take a long time to run on a large dataset, and further detail is in the matchmaker package documentation reachable with ?match_df.	A Spanish reader running match_df() on a large linelist has no warning that the call may be slow, so a long-running cleaning step looks like a hang, and they are not told to consult ?match_df for the remaining arguments.	high
cleaning	es	Quantile breaks	S50.P1	untrue	chapters/cleaning.qmd:1396-1400	chapters/cleaning.es.qmd:1367-1371	The English defines "quantiles" as the value below which a proportion of values fall and then contrasts that with "quartiles"/"deciles" as groups of data; the Spanish renders both English terms as "cuartiles", so it asserts that a quartile is the value below which any proportion of values falls and that quantile() returns quartile break points.	A Spanish reader concludes that "cuartil" covers every quantile and loses the distinction the paragraph exists to make, so they read the 95th percentile as a quartile and expect quantile() to be restricted to quartiles instead of arbitrary probabilities.	medium
cleaning	es	Complex logic	S42.P2	missing	chapters/cleaning.qmd:968-968	chapters/cleaning.es.qmd:945-945	Writing a final catch-all case_when() statement is optional, and its purpose is to assign a value for all other scenarios not described by one of the previous lines.	A Spanish reader is told to place TRUE on the left side without being told why or that the step is optional, so they may treat the catch-all as a mandatory part of every case_when() call and not understand that it exists to cover rows no earlier criterion matched.	medium
cleaning	es	`replace()`	S40.P1	code_mismatch	chapters/cleaning.qmd:900-900	chapters/cleaning.es.qmd:877-877	The prose states the gender is changed to "Mujer", but the code chunk immediately below assigns the value "Female".	A Spanish reader following the prose writes replace(gender, case_id == "2195", "Mujer") and introduces a value that does not match any other gender value in linelist, so later tabulations and recodes on gender split into an extra category.	medium
cleaning	es	Cleaning dictionary	S44.P5	untrue	chapters/cleaning.qmd:1100-1100	chapters/cleaning.es.qmd:1074-1074	The link labelled as the online reference for the linelist package points to the linelist clean_data reference page; in the Spanish it points to the matchmaker intro vignette instead.	A Spanish reader clicking the "referencia en linea para el paquete linelist" link lands on the matchmaker vignette they were already given earlier in the same section, and never reaches the linelist clean_data documentation the sentence promises.	low
cleaning	fr	### `age_categories()`	S48.P1	untrue	chapters/cleaning.qmd:1214-1214	chapters/cleaning.fr.qmd:1249-1249	English says age_categories() can also be applied to numeric variables that are not ages ('non-age numeric variables'); the French says it can be applied to 'variables non numeriques d'age' (non-numeric age variables), reversing which attribute is negated.	A French reader concludes age_categories() accepts non-numeric input and may feed it a character or factor column, which fails, while missing the real point that the function works on any numeric column (lab values, delays), not just age.	high
cleaning	fr	### Filter out missing values	S59.P1	untrue	chapters/cleaning.qmd:1600-1600	chapters/cleaning.fr.qmd:1648-1648	English says drop_na() with empty parentheses removes rows that have ANY missing value; the French says it removes rows with 'toutes les valeurs manquantes' (all values missing).	A French reader believes a bare drop_na() only deletes fully empty rows, runs it on the linelist expecting to keep almost everything, and silently loses most of the dataset because nearly every row has at least one NA.	high
cleaning	fr	### Automatic cleaning	S11.P1	untrue	chapters/cleaning.qmd:198-198	chapters/cleaning.fr.qmd:209-209	English lists the accepted values of janitor::clean_names(case = ) as "snake", "sentence", "title", "small_camel"; the French replaces the literal argument value "sentence" with "phrase", which janitor does not accept.	A French reader who copies case = "phrase" gets an error from clean_names() and has no way from the text to learn that the valid keyword is "sentence".	medium
cleaning	fr	### Labels (French only)	TR-S11.P1	alignment_mismatch	chapters/cleaning.qmd:189-192	chapters/cleaning.fr.qmd:198-200	The French file has an extra heading '### Labels' with the sentence 'D'autres logiciels statistiques tels que SAS ont des labels de variables.'; the English has no such section, and the point is already made in the preceding section (English line 169, French line 176).	A French reader meets a numbered stub section that repeats an earlier sentence and promises coverage of variable labels that never arrives, and the section numbering of the French chapter no longer matches the English one for cross-referencing.	high
cleaning	fr	### Review distribution	S47.P3	untrue	chapters/cleaning.qmd:1208-1208	chapters/cleaning.fr.qmd:1243-1243	English attributes comma-as-decimal-separator import problems to 'your R locale settings'; the French attributes them to 'les parametres par defaut de R' (R's default settings).	A French reader, who is the most likely to hit comma decimals, looks for a generic R default to change instead of inspecting the locale, and therefore does not find why a numeric column imported as character.	medium
cleaning	jp	Import	S7.P1	code_mismatch	chapters/cleaning.qmd:117-117	chapters/cleaning.jp.qmd:119-119	The English says to load the raw linelist in R with `appliedepidata::get_data(name = "case_linelists_linelist_raw")`; the Japanese instead tells the reader to download an .xlsx file from a GitHub raw URL, while the code chunk immediately below (jp lines 126 and 130) calls `appliedepidata::get_data()`.	A Japanese reader downloads an .xlsx and has no `linelist_raw` object matching the chunk they are told to run; the chunk beside the prose uses a loader the prose never mentions, so the reader cannot reproduce the import step.	high
cleaning	jp	Import	S7.P1	missing	chapters/cleaning.qmd:121-121	chapters/cleaning.jp.qmd:120-122	The English states that the raw Excel file is imported and saved as the data frame `linelist_raw`, and that the file is assumed to be in the working directory or R project root so no sub-folders appear in the file path; the Japanese has no counterpart sentence.	A Japanese reader is not told the object name `linelist_raw` nor the working-directory assumption behind the file path, so a file kept in a sub-folder fails to import with no explanation.	high
cleaning	jp	"tidyselect" helper functions	S19.P2	untrue	chapters/cleaning.qmd:351-351	chapters/cleaning.jp.qmd:338-338	The Japanese lists `summary()` as one of the **dplyr** functions inside which tidyselect helpers work; the English lists `summarise()`.	A Japanese reader tries tidyselect helpers inside base R's `summary()`, which is not a dplyr verb and does not accept them, and gets an error while believing the handbook endorsed it.	high
cleaning	jp	`across()` functions	S30.P1	missing	chapters/cleaning.qmd:702-702	chapters/cleaning.jp.qmd:688-689	The English closes the section with a pointer to online resources on `across()`, linking the rationale written by dplyr's creator Hadley Wickham; the Japanese section ends at the `.names =` bullet with no such pointer.	A Japanese reader loses the only signposted route to the deeper background on why `across()` exists and how it replaced the scoped verbs.	high
cleaning	jp	Cleaning dictionary	S43.P1	code_mismatch	chapters/cleaning.qmd:1054-1054	chapters/cleaning.jp.qmd:1011-1011	The Japanese names the R package **matchemaker**; the English names **matchmaker**, and the code chunks beside it (jp lines 100 and 1043) load and call `matchmaker`.	A Japanese reader who runs `p_load(matchemaker)` or searches for that package finds nothing, because no such package exists.	high
cleaning	jp	Cleaning dictionary	S43.P3	code_mismatch	chapters/cleaning.qmd:1078-1078	chapters/cleaning.jp.qmd:1037-1037	The Japanese instructs the reader to pass the dictionary data frame to a `distionary = ` argument; the English says `dictionary = `, and the chunk beside it (jp line 1044) uses `dictionary = cleaning_dict`.	A Japanese reader who types the argument name from the prose gets an unused-argument error from `match_df()`.	high
cleaning	jp	`cut()`	S48.P1	code_mismatch	chapters/cleaning.qmd:1310-1310	chapters/cleaning.jp.qmd:1268-1268	The Japanese twice names the `cut()` argument `include.latest = TRUE`; the English says `include.lowest = TRUE`, and the code chunks beside it (jp lines 1283, 1311 and 1370) all use `include.lowest = TRUE`.	A Japanese reader who copies the argument name from the prose gets an error or silently keeps 0-year-olds categorised as `NA`, the exact trap the paragraph is written to prevent.	high
cleaning	jp	Row-wise calculations	S67.P1	missing	chapters/cleaning.qmd:1849-1849	chapters/cleaning.jp.qmd:1771-1771	The English states that the columns to be counted are specified inside `sum()` by name within a vector `c()`; the Japanese has no counterpart sentence.	A Japanese reader is not told how the symptom columns are handed to `sum()`, so adapting the example to their own columns requires reverse-engineering the chunk.	high
cleaning	jp	Row-wise calculations	S67.P1	missing	chapters/cleaning.qmd:1848-1848	chapters/cleaning.jp.qmd:1771-1771	The English points the reader to the dplyr online vignette on row-wise calculations (https://cran.r-project.org/web/packages/dplyr/vignettes/rowwise.html); the Japanese omits that pointer.	A Japanese reader has no route to the authoritative reference for `rowwise()`, the least intuitive function in the section.	medium
cleaning	jp	One-by-one	S54.P1	untrue	chapters/cleaning.qmd:1538-1538	chapters/cleaning.jp.qmd:1485-1485	The Japanese gives the example classes a column may hold as factor, numeric and logical; the English gives character, numeric and logical.	A Japanese reader takes factor as the ordinary text class for `add_row()` and is surprised when adding a value to a factor column is rejected as an invalid factor level, an error the chapter treats separately.	medium
cleaning	jp	Deduplication	S23.P2	untrue	chapters/cleaning.qmd:494-494	chapters/cleaning.jp.qmd:490-490	The Japanese asserts that rows identical to other rows were removed; the English states only conditionally that any rows that were removed would have been 100 percent duplicates, without claiming any were.	A Japanese reader believes the de-duplication step changed the data and does not check the before/after row counts, which the English sentence is written to make them check.	medium
cleaning	jp	Manual name cleaning	S11.P1	missing	chapters/cleaning.qmd:218-218	chapters/cleaning.jp.qmd:221-221	The English states that the re-naming is done with the `rename()` function from the **dplyr** package, as part of a pipe chain; the Japanese introduces `rename()` with no package attribution and no statement that it runs inside the pipe chain.	A Japanese reader does not learn which package supplies `rename()`, so when the function is not found they do not know that **dplyr** (or **tidyverse**) must be loaded.	medium
cleaning	jp	Complex logic	S41.P2	untrue	chapters/cleaning.qmd:968-968	chapters/cleaning.jp.qmd:930-930	The Japanese says the right-hand side of the catch-all `TRUE` statement can take a character-class value such as "check me!" or "missing"; the English offers "check me!" or missing, that is `NA`.	A Japanese reader concludes the catch-all must be a text string and never learns that `NA` (via `NA_character_`, as the DANGER box below explains) is the alternative for unmatched rows.	medium
cleaning	jp	Quantile breaks	S49.P1	untrue	chapters/cleaning.qmd:1400-1400	chapters/cleaning.jp.qmd:1349-1349	The Japanese says `quantile()` is used to obtain quartiles (四分位数); the English says it is used to get quantile break points at any probabilities the user supplies.	A Japanese reader takes `quantile()` to be a four-group tool, which contradicts the worked example immediately below that uses it to build ten decile break points.	low
cleaning	jp	Examine the data	S61.P1	added	chapters/cleaning.qmd:1643-1643	chapters/cleaning.jp.qmd:1581-1581	The Japanese states that the second, larger outbreak occurred in 2014-2015; the English names only the earlier smaller outbreak as being from 2012-2013 and gives no date range for the later one.	A Japanese reader treats 2014-2015 as a stated fact of the dataset rather than something to read off the histogram, and may carry that boundary into filters the chapter never justifies.	low
cleaning	pt	Complex logic ({#clean_case_when})	S41.P2	missing	chapters/cleaning.qmd:971-988	chapters/cleaning.pt.qmd:928-930	The English gives a second, fuller `case_when()` worked example that builds a `case_status` column from a case definition, assigning "Confirmed" when `ct_blood < 20`, "Suspect" when `!is.na(source) & fever == "yes"`, and "To investigate" via a final `TRUE ~` catch-all; the Portuguese has neither the introductory sentence nor the code chunk.	The Portuguese reader never sees a worked example of the `TRUE ~` catch-all clause, of ordering criteria from most specific to most general, or of applying a case definition with `case_when()`. The paragraph immediately above still instructs them to place `TRUE` on the left-hand side, but no example in the chapter demonstrates it.	high
cleaning	pt	`across()` column selection	S29.P3	code_mismatch	chapters/cleaning.qmd:673-675	chapters/cleaning.pt.qmd:660-662	The Portuguese prose says the columns selected are those whose name contains the string "data", but the code chunk immediately below it calls `across(.cols = contains("date"), ...)`, which matches the string "date".	A reader who follows the prose and writes `contains("data")` against the `linelist` (whose columns are `date_onset`, `date_hospitalisation`, etc.) selects no columns at all, and `across()` silently transforms nothing.	high
cleaning	pt	Row-wise calculations	S67.P2	code_mismatch	chapters/cleaning.qmd:1858-1867	chapters/cleaning.pt.qmd:1737-1745	The Portuguese bullet says `num_NA_dates` counts the columns whose name contains "data", but the code chunk beside it uses `c_across(contains("date"))`, i.e. the string "date".	A reader adapting the example with `contains("data")` gets `num_NA_dates = 0` for every row, because no `linelist` column name contains "data", and will conclude there are no missing dates.	high
cleaning	pt	Cleaning dictionary	S43.P3	missing	chapters/cleaning.qmd:1077-1081	chapters/cleaning.pt.qmd:1007-1011	The English states that a fourth dictionary column named `order` can be used to specify the factor order of the new values; the Portuguese omits this sentence, and the word `order` appears nowhere in the Portuguese chapter.	The Portuguese reader believes the cleaning dictionary supports only three columns, and has no way to learn from this chapter that `match_df()` can set factor level order, so they will re-order factor levels by hand afterwards or ship unordered factors into their tables and plots.	high
cleaning	pt	Complex logic ({#clean_case_when})	S41.P2	missing	chapters/cleaning.qmd:966-966	chapters/cleaning.pt.qmd:926-926	The English states the general rule that a data row meeting none of the criteria is assigned `NA`; the Portuguese paragraph ends at "escrever primeiro os critérios mais específicos, e por último os mais gerais" and drops that rule.	The Portuguese reader is not told the default fall-through behaviour of `case_when()` as a general rule. Rows matching no criterion become `NA` silently, which is easy to mistake for genuinely missing source data. The point survives only as an inline comment in the code chunk above, tied to that one example.	medium
cleaning	ru	Complex filter	S60.P1	untrue	chapters/cleaning.qmd:1638-1638	chapters/cleaning.ru.qmd:1638-1638	English: `!column %in% c("a","b","c")` evaluates to TRUE when the column value is NOT A MEMBER OF the vector. Russian states it evaluates to TRUE when the column value "is not a vector" (не является вектором), which is a type test, not a membership test.	A Russian reader learns the wrong semantics for the `%in%` operator: they may believe `!x %in% c(...)` tests the class of the column rather than excluding the listed values, and so write or misread filter conditions that silently keep or drop the wrong rows.	high
cleaning	ru	`cut()`	S48.P1	untrue	chapters/cleaning.qmd:1303-1303	chapters/cleaning.ru.qmd:1303-1303	English lists as a drawback of `cut()` that you MUST supply accurate labels yourself ("You must provide accurate labels yourself"). Russian renders it as a permission/option ("Вы можете сами задать точные подписи" = you can specify accurate labels yourself).	The bullet list exists to justify why `age_categories()` was written to replace `cut()`. A Russian reader reads label-writing as an optional convenience rather than an obligation carrying risk, so they are less likely to hand-check labels against the breaks and may ship mislabelled age categories (the exact error the following 'Check your work!!!' paragraph warns about).	medium
cleaning	ru	Review	S8.P1	missing	chapters/cleaning.qmd:141-141	chapters/cleaning.ru.qmd:141-141	English states that "POSIXct" is a type of raw DATE class. Russian states it is a type of raw DATA class ("тип класса сырых данных"), dropping the fact that the class is a date class.	A Russian reader scanning the `skim()` output does not learn that a POSIXct column is a date column, so they may not connect it to the later `across(.cols = where(is.POSIXct), .fns = as.Date)` conversion step and may leave date columns unconverted.	low
cleaning	tr	### Core functions	S2.P1	untrue	chapters/cleaning.qmd:36-36	chapters/cleaning.tr.qmd:41-41	English says `filter()` keeps certain ROWS; the Turkish summary table says it keeps certain columns ("Belli sütunların tutulması").	A Turkish reader learns the core dplyr verb backwards and will reach for `filter()` when they need `select()`, then be confused when `filter()` drops rows instead of columns.	high
cleaning	tr	### Core functions	S2.P1	untrue	chapters/cleaning.qmd:37-37	chapters/cleaning.tr.qmd:42-42	English says `distinct()` de-duplicates ROWS; the Turkish table says it removes duplicate columns ("Duplike sütunların uzaklaştırılması").	A Turkish reader expects `distinct()` to drop repeated columns, so the de-duplication section later in the same chapter (which reduces rows) contradicts the reference table they were taught from.	high
cleaning	tr	### Etiketler	S10.P1 (tr-only)	alignment_mismatch	chapters/cleaning.qmd:189-192	chapters/cleaning.tr.qmd:194-196	The Turkish file has an extra section heading "### Etiketler" plus one sentence ("SAS gibi bazı diğer istatistiksel yazılımların değişken *etiketleri* vardır."); the English has no such section between the column-names note and "### Automatic cleaning".	The Turkish reader gets a numbered/linked section that promises coverage of variable labels but contains one orphan sentence and no guidance, and the material it announces is already covered in the preceding section, so the reader looks for content that does not exist.	high
cleaning	tr	### Automatic cleaning / ### Otomatik Temizleme	S10.P1	missing	chapters/cleaning.qmd:199-199	chapters/cleaning.tr.qmd:201-204	English lists a `clean_names()` capability the Turkish bullet list omits: you can specify particular name replacements with the `replace = ` argument, e.g. `replace = c(onset = "date_of_onset")`.	A Turkish reader does not learn that `clean_names()` can rename specific columns during standardisation, so they add a separate manual `rename()` step for something one argument would have done.	high
cleaning	tr	### "tidyselect" helper functions	S19.P3	code_mismatch	chapters/cleaning.qmd:380-380	chapters/cleaning.tr.qmd:384-384	The Turkish prose tells the reader to use `include()` to select columns whose name contains a string, while the code chunk immediately below it (cleaning.tr.qmd:386-390) calls `select(contains("date"))`.	`include()` is not a tidyselect function; a Turkish reader who types it gets "could not find function" and cannot connect the prose to the `contains()` call in the chunk.	high
cleaning	tr	### "tidyselect" helper functions	S19.P3	untrue	chapters/cleaning.qmd:380-380	chapters/cleaning.tr.qmd:384-384	The Turkish text names the helper functions `end_with()` and `start_with()`; the English (and the helper list earlier in the same Turkish section, cleaning.tr.qmd:361-363) names `ends_with()` and `starts_with()`.	A Turkish reader typing `end_with()` or `start_with()` gets an error, and the misspelling contradicts the correct spelling given a few lines earlier in the same section.	high
cleaning	tr	### "tidyselect" helper functions	S19.P4	code_mismatch	chapters/cleaning.qmd:389-389	chapters/cleaning.tr.qmd:393-393	The Turkish prose says "Match() fonksiyonu, include() fonksiyonuna benzer", naming `Match()` and `include()`, while the code chunk below (cleaning.tr.qmd:395-400) calls `select(matches("onset|hosp|fev"))`.	R is case-sensitive and neither `Match()` nor `include()` exists; the Turkish reader cannot map the sentence onto the `matches()` call it is supposed to explain.	high
cleaning	tr	### Complex logic / ### Karmaşık mantık	S41.P2	missing	chapters/cleaning.qmd:966-966	chapters/cleaning.tr.qmd:986-986	English states that a data row meeting none of the `case_when()` criteria is assigned `NA`; the Turkish paragraph ends at "write the most specific criteria first" and omits this.	A Turkish reader does not learn the default fall-through behaviour of `case_when()`, so unexpected `NA` values in a recoded column look like a bug rather than the documented default, and the following paragraph about a final `TRUE ~` catch-all loses its motivation.	high
cleaning	tr	### Complex logic / ### Karmaşık mantık	S41.P3	added	chapters/cleaning.qmd:992-992	chapters/cleaning.tr.qmd:1010-1010	The Turkish DANGER box offers an option the English does not: "Eksik (NA) ya senaryoyu ele almadan bırakın" (either leave the scenario unhandled), presented as an alternative to using `NA_character_`, `NA_real_` or `as.Date(NA)`.	A Turkish reader may believe that simply omitting the case is an equally valid way to produce missing values, which sidesteps the class-consistency rule the box exists to teach.	medium
cleaning	tr	### Cleaning dictionary / ### Sözlüğün temizlenmesi	S43.P5	missing	chapters/cleaning.qmd:1100-1100	chapters/cleaning.tr.qmd:1123-1123	English points the reader to the online reference for the linelist package (`clean_data`) for more detail; the Turkish keeps only the preceding sentence and drops that pointer entirely.	A Turkish reader who wants more detail on dictionary-based cleaning has no onward reference and must search for it.	medium
cleaning	tr	## Row-wise calculations / ## Satır tabanlı hesaplamalar	S67.P2	missing	chapters/cleaning.qmd:1865-1865	chapters/cleaning.tr.qmd:1911-1911	English restricts the new column `num_NA_dates` to the number of columns WHOSE NAME CONTAINS "date" for which `is.na()` is TRUE; the Turkish bullet says only "the number of columns for which is.na() evaluates to TRUE", dropping the name restriction.	A Turkish reader thinks the count covers every column in the row, so the value produced by the accompanying `c_across(contains("date"))` code will not match what the bullet led them to expect.	high
cleaning	tr	### Review distribution / ### Dağılımın gözden geçirilmesi	S46.P3	untrue	chapters/cleaning.qmd:1208-1208	chapters/cleaning.tr.qmd:1229-1229	English gives "4,5" as the comma-decimal entry meaning four and one half years; the Turkish renders the example as “5” meaning four and a half years.	The example no longer illustrates a comma decimal at all, so a Turkish reader cannot see what a comma-in-decimal value looks like and is told that the value 5 means 4.5 years.	medium
cleaning	tr	#### `ifelse()` and `if_else()` / #### `ifelse()` ve `if_else()`	S40.P3	untrue	chapters/cleaning.qmd:937-937	chapters/cleaning.tr.qmd:953-953	The Turkish text names the recommended function `case_When()` (capital W) twice; the function is `case_when()`, as the English and the surrounding Turkish code chunks spell it.	R is case-sensitive, so a Turkish reader who copies the recommended `case_When()` gets "could not find function \"case_When\"" at exactly the point the chapter tells them to switch to it.	medium
cleaning	tr	#### Add to pipe chain / #### Tünel zincirine ekleme	S66.P2	added	chapters/cleaning.qmd:1843-1843	chapters/cleaning.tr.qmd:1888-1888	The Turkish file carries an untranslated internal reviewer note inside the separator comment ("AYNI SATIR KODLARI 8 KERE FALAN TEKRARLANMIŞ. ANLAM VEREMEDİM, SADELEŞTİRİLEBİLİR SONRAKİ VERSİYONLARDA-çağrı"); the English separator comment has no such text.	No effect on the rendered page, but the Turkish source carries an unresolved editorial query about duplicated code that was never acted on, so anyone maintaining the translation inherits an open question with no owner.	low
cleaning	vn	Load packages	S5.P1	code_mismatch	chapters/cleaning.qmd:90-103	chapters/cleaning.vn.qmd:108-120	The prose beside the chunk says it loads the packages required for the chapter's analyses, but the Vietnamese p_load() chunk drops the `matchmaker` package that the English chunk loads (English line 98) and that the chapter's own executed chunk later calls as matchmaker::match_df() (Vietnamese lines 1024-1031).	A Vietnamese reader who runs the setup chunk as instructed never installs or loads matchmaker, so the 'Từ điển làm sạch' (Cleaning dictionary) section fails with 'there is no package called matchmaker' and the reader has no way to see where the missing dependency came from.	high
cleaning	vn	Core functions	S2.P1	untrue	chapters/cleaning.qmd:21-21	chapters/cleaning.vn.qmd:18-18	The Vietnamese says the essential functions listed below are the essential functions IN THIS PACKAGE (tidyverse) ('Các hàm thiết yếu trong package này được liệt kê dưới đây'); the English says only that the essential R functions DEMONSTRATED IN THIS PAGE are listed below, and the table beside it attributes functions to janitor, base R, epikit, matchmaker and tibble as well as tidyverse packages.	A Vietnamese reader concludes clean_names(), age_categories(), match_df() and add_row() ship with tidyverse, and will not install janitor, epikit, matchmaker or tibble, nor look for their documentation in the right place.	medium
cleaning	vn	Deduplication	S23.P1	untrue	chapters/cleaning.qmd:481-481	chapters/cleaning.vn.qmd:477-477	The English says distinct() removes rows that are 100% duplicates ('it removes rows that are 100% duplicates'); the Vietnamese says it removes 100% of the duplicate rows ('nó loại bỏ 100% các hàng trùng lặp'), which asserts complete de-duplication rather than removal of exact copies only.	A Vietnamese reader treats distinct() as full de-duplication of the linelist and stops there, leaving near-duplicate records (same patient entered twice with any differing cell) in the cleaned data, which is exactly the case the dedicated De-duplication chapter exists to handle.	medium
cleaning	vn	Standalone (select)	S21.P1	missing	chapters/cleaning.qmd:430-430	chapters/cleaning.vn.qmd:429-429	The English states the rule for standalone use: the first argument is the original data frame to be operated upon. The Vietnamese instead says 'đối số đầu tiên trong bộ dữ liệu gốc sẽ được tham chiếu' ('the first argument in the original dataset will be referenced'), which never states that the data frame itself must be supplied as the first argument.	A Vietnamese reader does not learn the rule that a standalone dplyr verb takes the data frame first, and writes select(case_id, contains("age")) without the data, getting an error; the same rule IS stated correctly for filter() at Vietnamese line 1609, so the two sections teach inconsistently.	medium
collaboration	es	Local and remote repositories / Repositorios locales y remotos	S13.P1	missing	chapters/collaboration.qmd:223-223	chapters/collaboration.es.qmd:122-124	To clone is to create a copy of a Git repository in another place.	The Spanish section never defines 'clonar', yet the term is used as established vocabulary in this section and in every later setup section ('Clonar desde un repositorio de Github', 'forking es clonación'). A reader meets the word without its definition.	high
collaboration	es	Local and remote repositories / Repositorios locales y remotos	S13.P1	missing	chapters/collaboration.qmd:225-227	chapters/collaboration.es.qmd:122-124	Cloning works in both directions: you can clone an online repository FROM Github down to your computer, or start from a local repository and clone it UP TO Github.	The Spanish reader is not told that cloning has two directions, so the later section 'Nuevo repositorio de Github a partir de un proyecto R existente' has no conceptual grounding.	high
collaboration	es	Local and remote repositories / Repositorios locales y remotos	S13.P1	missing	chapters/collaboration.qmd:229-230	chapters/collaboration.es.qmd:122-124	Once a repository is cloned, the project files exist in two places.	The Spanish section opens directly on a dangling bullet list ('- el repositorio LOCAL ...') with no sentence introducing what the two bullets enumerate, so the local/remote duality that the rest of the chapter depends on is never stated.	high
collaboration	es	What does it look like now? > In RStudio / ¿Qué aspecto tiene ahora? > En RStudio	S22.P2	missing	chapters/collaboration.qmd:392-393	chapters/collaboration.es.qmd:238-239	The bullet list describes the buttons circled in the image above, listed from left to right, and those buttons are referenced later in the chapter.	The Spanish reader gets an unintroduced list of seven items with no statement that they map to the circled buttons in the screenshot in left-to-right order, so the list cannot be matched to the image.	high
collaboration	es	Start-up files / Archivos de inicio	S15.P1	missing	chapters/collaboration.qmd:271-273	chapters/collaboration.es.qmd:149-151	The README, .gitignore and license files may be created when the repository is created or added later, and they normally live in the repository root folder.	The paragraph is left in untranslated English in the Spanish file, so a Spanish-only reader does not learn that these files are optional at creation time and belong in the root folder.	high
collaboration	es	Amend a previous commit / Modificar una consolidación anterior	S34.P2	missing	chapters/collaboration.qmd:647-647	chapters/collaboration.es.qmd:426-426	Think before modifying commits that are already public and shared with collaborators.	The warning is left in untranslated English, so a Spanish-only reader may run 'git commit --amend' on already-pushed commits and rewrite history that collaborators have pulled.	high
collaboration	es	Get started: create a new repository / Empezar: crear un nuevo repositorio	S14.P1	added	chapters/collaboration.qmd:258-259	chapters/collaboration.es.qmd:139-139	The Spanish text names Github Desktop and Rstudio->Git as the graphical interfaces you can create a repository from; the English only says 'from an interface' with no examples.	The Spanish reader is given a specific, narrowed menu of interfaces at a point where the English deliberately stays general, and 'Rstudio->Git' is presented as a repository-creation route that this section never explains.	medium
collaboration	es	I want to pull but I have local work / Quiero actualizarme pero tengo trabajo local	S39.P1	untrue	chapters/collaboration.qmd:754-755	chapters/collaboration.es.qmd:503-503	The final step of the first strategy is to PUSH everything online; the Spanish says 'consolidar todo en linea', and 'consolidar' is this chapter's own established translation of 'commit' (see the heading 'Consolidar los cambios (Commit)').	The Spanish reader follows commit, fetch, pull, resolve, then commits again instead of pushing, and leaves the merged work only on the local repository.	medium
collaboration	es	Delete your branch > In Github Desktop / Borrar tu rama > En Github Desktop	S47.P1	untrue	chapters/collaboration.qmd:924-925	chapters/collaboration.es.qmd:614-615	The English instructs the reader to CHECK OUT (switch to) the branch to be deleted; the Spanish says 'comprobar la rama' (check/verify the branch), which is not a switch action.	Github Desktop's Branch > Delete deletes the branch that is currently checked out. A Spanish reader who only 'checks' the branch without switching to it deletes whichever branch is active, potentially the working branch they wanted to keep.	medium
collaboration	es	Sample commands / Ejemplos de comandos	S53.P1	missing	chapters/collaboration.qmd:1091-1094	chapters/collaboration.es.qmd:729-729	In the command table, <name> stands for a branch name, <commit_hash> stands for the hash ID of a specific commit, and <num> stands for a number.	All three placeholder tokens are absent from the Spanish sentence, which reads 'En los comandos de abajo, representa un nombre de rama. representa el hash ID de un commit especifico. representa un numero.' The reader cannot tell which placeholder in the table below means which thing, while still being told not to type the < > symbols.	high
collaboration	es	Sample commands / Ejemplos de comandos	S53.P1	missing	chapters/collaboration.qmd:1107-1107	chapters/collaboration.es.qmd:742-742	git switch is an alternative to git checkout that is being phased in to Git.	The Spanish table row says only 'Una alternativa a git checkout'. The reader does not learn that git switch is the newer command being introduced into Git, so has no reason to prefer it.	medium
collaboration	es	Process overview / Resumen del proceso	S25.P1	untrue	chapters/collaboration.qmd:455-456	chapters/collaboration.es.qmd:282-282	The schematic is described in English as being in the format of a two-way table; the Spanish states it is a 'tabla de dos x dos' (a 2x2 table), a specific dimension the English does not claim.	The Spanish reader expects a four-cell 2x2 layout and may not recognise the referenced image (github_table.png), which is a two-way table with more than two rows and columns.	low
collaboration	fr	Install Git / Installer Git	S6.P1	untrue	chapters/collaboration.qmd:115-117	chapters/collaboration.fr.qmd:97-99	English states installing Git from git-scm.com is a mandatory first step ("You must first install Git"); the French states it as an option ("Vous pouvez d'abord installer Git").	A French reader treats installing Git as optional, skips it, and then finds that RStudio and Github Desktop have no Git engine to drive, with no instruction telling them the install was required.	high
collaboration	fr	Process overview / Aperçu du processus	S25.P1	untrue	chapters/collaboration.qmd:447-449	chapters/collaboration.fr.qmd:307	English says step 5 merges the online working branch into the online "main" branch in order to transfer the changes; the French says the merge is done "afin de créer une nouvelle branche" (in order to create a new branch).	A French reader is told the purpose of merging is to create a branch, which is false, and never learns that the merge is what moves their work into main.	high
collaboration	fr	Process overview / Aperçu du processus	S25.P2	untrue	chapters/collaboration.qmd:464-465	chapters/collaboration.fr.qmd:321	English says the branch formerly called "master" is now called "main"; the French says it is now called "principale" glossed as ("master"), giving "master" as the current name.	A French reader concludes the current default branch name is still master, so they will not recognise or look for the "main" branch that Github creates by default and that the rest of the chapter refers to.	high
collaboration	fr	Pull and push changes up to Github / Tirez et poussez les modifications vers Github	S35.P1	untrue	chapters/collaboration.qmd:667-669	chapters/collaboration.fr.qmd:475	English glosses "committed but not pushed" as "(i.e. are still local)"; the French glosses it as "(c'est-à-dire qu'elles sont toujours en cours de traitement)" — still being processed.	A French reader loses the definition that unpushed commits exist only on their own machine, which is the exact fact that makes those commits easy to revert.	medium
collaboration	fr	In Rstudio (pull/push) / Dans Rstudio	S36.P1	untrue	chapters/collaboration.qmd:683-685	chapters/collaboration.fr.qmd:485-486	English gives the command `git config --global user.email "..."`; the French translates the configuration key and gives `git config --global utilisateur.email "..."`.	A French reader typing the command gets a Git error, because `utilisateur.email` is not a Git configuration key; the very next bullet keeps `user.name` untranslated, so they have no way to infer the correct key.	high
collaboration	fr	In Github Desktop (delete branch) / Dans Github	S47.P1	untrue	chapters/collaboration.qmd:924-925	chapters/collaboration.fr.qmd:651	English instructs the reader to check out (switch to) the branch to be deleted and then use Branch > Delete; the French instructs them to "vérifier" (check) that the branch appears in the Branch > Delete menu, and drops the checkout step.	A French reader never switches to the target branch, and Github Desktop's Branch > Delete acts on the currently checked-out branch, so they delete the wrong branch.	high
collaboration	fr	This sounds complicated, I am not a programmer / Cela semble compliqué, je ne suis pas un programmeur	S4.P1	untrue	chapters/collaboration.qmd:107-109	chapters/collaboration.fr.qmd:91	English advises: if you are NOT on a project where collaborating through Git is a necessity, it is a good time to get confident with it solo. The French inserts a second negation ("un projet où la collaboration ... n'est pas une nécessité"), inverting the condition so the advice applies to readers who DO need Git collaboration.	A French reader who works alone reads the advice as not addressed to them and postpones learning Git, which is the opposite of the recommendation.	medium
collaboration	fr	Install an interface (optional but recommended) / Installer une interface	S7.P1	missing	chapters/collaboration.qmd:135-138	chapters/collaboration.fr.qmd:110	English states you can use the console occasionally for an action your interface does not support; the French note omits this.	A French reader who hits an action their client cannot perform does not learn that dropping to the console for that one action is a normal, supported option, and may believe they must switch clients.	high
collaboration	fr	Install an interface (optional but recommended) / Installer une interface	S7.P1	missing	chapters/collaboration.qmd:135-138	chapters/collaboration.fr.qmd:110	English states you can also perform any number of actions online on Github itself; the French note omits this.	A French reader does not learn that the Github website is itself a usable interface for Git actions, so they will not use it when their local client is unavailable.	high
collaboration	fr	Vocabulary, concepts and basic functions / Vocabulaire, concepts et fonctions de base	S9.P1	missing	chapters/collaboration.qmd:164-167	chapters/collaboration.fr.qmd:126	English states that it is good to have the vocabulary and concepts in mind in order to build a mental model, and that they are needed when using interfaces anyway; the French sentence stops after "nous montrerons comment utiliser les interfaces".	A French reader is given no reason to learn the vocabulary section that follows and may skip straight to the interface instructions, then meet untranslated terms (commit, stage, remote) with no mental model.	high
collaboration	fr	Commits	S11.P1	missing	chapters/collaboration.qmd:199-201	chapters/collaboration.fr.qmd:140-141	English's staging example has two pieces of work — model specification in one script AND later a figure in another script; the French drops "and later on a figure in", leaving only a model in "un autre script".	The French example no longer shows two distinct pieces of work, so the case for two separate commits collapses, and the parenthetical that follows refers to reverting "les changements sur la figure" — a figure the French text never mentioned.	high
collaboration	fr	In Github Desktop (commit) / Dans le bureau de Github	S32.P1	missing	chapters/collaboration.qmd:595-598	chapters/collaboration.fr.qmd:418	English says you give the commit a name and OPTIONALLY a description; the French lists the description with no marker of optionality ("donnez un nom à la livraison, une description, puis cliquez").	A French reader believes a description is required for every commit in Github Desktop and spends effort writing one, or hesitates to commit without it.	medium
collaboration	fr	Pull and push changes up to Github / Tirez et poussez les modifications vers Github	S35.P1	missing	chapters/collaboration.qmd:669-671	chapters/collaboration.fr.qmd:475	English concludes the note with the recommendation to push only once you are done introducing the changes for the task you were working on; the French note ends at the parenthetical and omits this recommendation.	A French reader gets the comparison of revert difficulty but not the actionable rule it supports, so they do not learn when to push.	high
collaboration	fr	In Github: submitting pull requests / Dans Github : soumettre des demandes de pull	S43.P1	missing	chapters/collaboration.qmd:822-823	chapters/collaboration.fr.qmd:582	English says a pull request can be submitted from the website OR from Github Desktop; the French says "à partir du site Web ... ou à partir de Github", dropping "Desktop" so both alternatives name the same place.	A French Github Desktop user does not learn they can open a pull request from the application and assumes they must go to the website.	medium
collaboration	jp	Vocabulary, concepts and basic functions	S9.P1	untrue	chapters/collaboration.qmd:161-162	chapters/collaboration.jp.qmd:94-94	The English says learning Git requires remembering 'a bit of vocabulary'; the Japanese says you must memorise 'quite a large amount of terminology' (かなりの量の用語を覚えなければなりません).	The Japanese reader is told the terminology burden is heavy where the English deliberately downplays it, which discourages beginners the section is written to reassure.	medium
collaboration	jp	Vocabulary, concepts and basic functions	S9.P1	untrue	chapters/collaboration.qmd:162-164	chapters/collaboration.jp.qmd:95-95	The English links the interactive tutorial to learngitbranching.js.org; the Japanese links it to learnngitbranching.js.org (extra 'n').	The Japanese reader clicking the interactive-tutorial link reaches a non-existent host and cannot reach the recommended Git tutorial.	medium
collaboration	jp	Create a new repository in Github	S16.P2	untrue	chapters/collaboration.qmd:299-304	chapters/collaboration.jp.qmd:169-169	The English says a private repository makes you 'encounter some quotas' in advanced special circumstances; the Japanese says 'いくらかの課金が発生します' (some charges/billing will occur).	The Japanese reader believes making a repository private causes monetary charges when using Github actions, and may avoid a private repository for sensitive data on a false cost belief.	high
collaboration	jp	What does it look like now? / In RStudio	S22.P2	missing	chapters/collaboration.qmd:402-404	chapters/collaboration.jp.qmd:237-237	The English adds the parenthetical instruction to pull first so the main branch is up to date before branching off it; the Japanese keeps only 'ほとんどの場合、main ブランチからブランチを作成します'.	The Japanese reader branches from a stale local main branch without pulling first, and later hits avoidable merge conflicts against the remote main.	high
collaboration	jp	What we learned	S49.P1	added	chapters/collaboration.qmd:1036-1039	chapters/collaboration.jp.qmd:680-680	The Japanese inserts a translator note glossing cherry-pick as 'いいとこ取り' and stating that cherry-pick is one of git's commands; the English gives no definition of the term.	The Japanese reader receives a definition not present in and not vetted against the source text, so the two editions differ in what they assert about the term.	medium
collaboration	jp	Where to enter commands	S52.P2	missing	chapters/collaboration.qmd:1081-1084	chapters/collaboration.jp.qmd:704-704	The English Option 3 gives a second way to open Git Bash, 'or open Git Bash form your application list'; the Japanese keeps only the right-click 'Git Bash here' route.	A Japanese reader who has no 'Git Bash here' right-click entry is not told Git Bash can also be started from the application list, and concludes Option 3 is unavailable.	medium
collaboration	jp	Sample commands	S53.P1	untrue	chapters/collaboration.qmd:1109-1109	chapters/collaboration.jp.qmd:725-725	The English defines `git rebase <name>` as appending the current branch's commits onto the <name> branch; the Japanese says it '修正' (modifies/amends) the commits from the current branch to <name>.	The Japanese reader takes rebase to be a commit-editing command rather than a re-application of commits onto another branch, and misjudges what running it does to branch history.	medium
collaboration	jp	Resources	S54.P1	untrue	chapters/collaboration.qmd:1133-1135	chapters/collaboration.jp.qmd:743-743	The English Resources entry links the interactive tutorial to learngitbranching.js.org; the Japanese links it to learnngitbranching.js.org (extra 'n').	The Japanese reader following the Resources link for learning Git commands reaches a non-existent host.	medium
collaboration	pt	### Create a new repository in Github	S16.P2	missing	chapters/collaboration.qmd:302-304	chapters/collaboration.pt.qmd:166-166	A private repository runs into usage quotas in advanced circumstances such as Github actions.	The Portuguese sentence reads 'you will encounter certain advanced special circumstances' with the quota consequence deleted, so a reader choosing 'private' is never warned that Github actions minutes are metered and can run out.	high
collaboration	pt	### In Github: submitting pull requests	S43.P1	missing	chapters/collaboration.qmd:831-832	chapters/collaboration.pt.qmd:529-531	In the screenshot that follows, the branch named 'forests' is the one selected to be merged into 'main'.	The caption identifying what the screenshot shows is absent, so a Portuguese reader sees an unexplained image and cannot tell which drop-down selects the source branch and which selects the target.	high
collaboration	pt	## Commit changes	S30.P1	untrue	chapters/collaboration.qmd:531-533	chapters/collaboration.pt.qmd:333-333	Saved but uncommitted file changes appear 'no Github' (on the Github website), rather than in Github Desktop as the English states.	The chapter carefully separates Github (the website) from Github Desktop (the local app). A reader told that local changes show up on Github will look on github.com for work that has not been committed or pushed, find nothing, and conclude Git is not tracking the files.	medium
collaboration	pt	## Pull and push changes up to Github	S35.P1	missing	chapters/collaboration.qmd:665-665	chapters/collaboration.pt.qmd:424-426	The pull-work-commit-push cycle is repeated for as long as you work on the repository.	The English 'Rince and repeat while you are working on the repository' is dropped, so the section reads as a one-off sequence rather than a loop, and a reader may pull once at the start and push once at the end instead of cycling.	medium
collaboration	pt	#### In Github Desktop	S47.P1	untrue	chapters/collaboration.qmd:924-925	chapters/collaboration.pt.qmd:588-588	To delete a branch in Github Desktop you must first check out (switch to) that branch; the translation says only to 'verificar' (check/verify) it.	Branch > Delete in Github Desktop acts on the currently checked-out branch. A reader who merely 'checks' the branch without switching to it will delete whichever branch is active, most likely the one they are working in.	medium
collaboration	pt	### Commits	S11.P1	untrue	chapters/collaboration.qmd:196-198	chapters/collaboration.pt.qmd:109-109	Git's staging area is named 'area de teste' (test area) and staged changes are 'mudancas graduais' (gradual changes).	This is the one paragraph that defines staging, and it names a concept Git does not have. A reader takes staging to be a testing step or an incremental-change feature, and the rest of the chapter, which uses 'preparar/preparadas' for stage, no longer connects to the definition.	medium
collaboration	pt	### Clone from a Github repository	S17.P2	untrue	chapters/collaboration.qmd:328-329	chapters/collaboration.pt.qmd:182-182	The next step will be illustrated with 'Rstudio desktop' and with 'Github', rather than with Rstudio and Github Desktop.	The two subsections immediately below are titled 'No Rstudio' and 'No Github Desktop', so the sentence contradicts its own headings and points a reader at a non-existent 'Rstudio desktop' product and at the Github website instead of the Github Desktop app.	medium
collaboration	ru	Create a new branch > In Rstudio Git pane	S27.P1	untrue	chapters/collaboration.qmd:481-482	chapters/collaboration.ru.qmd:457-458	English points the reader to the image ABOVE for the purple new-branch icon ('see image above'); the Russian points to the image BELOW ('см. рисунок ниже').	A Russian reader looks at the next image (github_rstudio_branchs.png, the branch history view) for the purple new-branch icon, which is not shown there; the icon is in the annotated Git_console.png figure in an earlier section.	high
collaboration	ru	Commit changes > Amend a previous commit	S34.P1	untrue	chapters/collaboration.qmd:629-634	chapters/collaboration.ru.qmd:599-603	English: an 'UNDO' button appears just under the COMMIT button, and clicking UNDO reverts the commit. Russian: a 'COMMIT' button appears just under the 'UNDO' button, and clicking that button reverts the commit. The two buttons are swapped.	A Russian reader looks under an UNDO button for a COMMIT button that does not exist there, and is told that clicking COMMIT reverts a commit; following the text they cannot undo the commit in Github Desktop and may create a second, unwanted commit instead.	high
collaboration	ru	Pull and push changes up to Github > In Github Desktop	S37.P1	untrue	chapters/collaboration.qmd:700-701	chapters/collaboration.ru.qmd:666-667	English states the purpose of the button: click 'Fetch origin' IN ORDER TO CHECK whether there are new commits on the remote. Russian states a precondition: click 'Fetch origin' IF there are new commits on the remote.	A Russian reader believes they must already know that remote commits exist before clicking, so they never press 'Fetch origin' to find out; they then miss the described transition of the button into a 'Pull' button and cannot push, since the same button serves both.	medium
collaboration	ru	Merge branch into Main > In Github: submitting pull requests	S43.P1	untrue	chapters/collaboration.qmd:831-832	chapters/collaboration.ru.qmd:790-790	English says a single branch NAMED 'forests' has been selected to be merged into 'main'. Russian says a 'forest of branches' ("лес" ветвей) was selected for merging into the main branch, i.e. multiple branches rather than one named branch.	A Russian reader looking at the screenshot expects a multi-branch selection and cannot map the text to the single source branch shown in the drop-down, and may believe a pull request can merge several branches at once.	medium
collaboration	ru	Merge branch into Main > Delete your branch	S45.P1	untrue	chapters/collaboration.qmd:900-901	chapters/collaboration.ru.qmd:850-851	English says the branch was merged into master (the master BRANCH). Russian says the branch was merged into a 'master FILE' ("мастер файл").	A Russian reader is told branches merge into a file rather than into another branch, which contradicts the merge instructions given two sections earlier (git checkout master; git merge ...) and blurs the branch concept the chapter is teaching.	medium
collaboration	tr	Pull and push changes up to Github	S35.P1	untrue	chapters/collaboration.qmd:667-671	chapters/collaboration.tr.qmd:443-443	English concludes the note with 'it is better to PUSH when you are done with introducing changes on the task you were working on'; the Turkish concludes 'commit etmek daha iyidir' (it is better to COMMIT).	The note's whole premise is that committed-but-unpushed changes are easy to revert while pushed ones are not, so the advice must be about timing the PUSH. A Turkish reader gets advice to delay committing instead, which contradicts the chapter's repeated instruction to commit often and small, and leaves them unsure when to push.	high
collaboration	tr	Pull and push changes up to Github > In Rstudio	S36.P1	missing	chapters/collaboration.qmd:676-677	chapters/collaboration.tr.qmd:447-447	English states that the RStudio 'Pull' icon (downward arrow) fetches and pulls at the same time; the Turkish says only to click the icon and drops 'which fetches and pulls at the same time'.	The chapter elsewhere teaches fetch and pull as two distinct operations. A Turkish reader is not told that the one RStudio button performs both, so they may look for a separate fetch control in RStudio or believe they must fetch some other way before pulling.	high
collaboration	tr	Pull and push changes up to Github > In Rstudio	S36.P1	missing	chapters/collaboration.qmd:691-695	chapters/collaboration.tr.qmd:456-456	English says the linked tutorial chapters show how to connect to a repository using an SSH key, and warns it is 'more complicated'; the Turkish keeps only 'see chapters 10 and 11 of this tutorial to connect to a repository'.	A Turkish reader tired of typing a password is not told what the remedy actually is (an SSH key) nor that it is harder than the methods already shown, so they cannot judge whether to follow the link.	high
collaboration	tr	Vocabulary, concepts and basic functions > Commits	S11.P1	missing	chapters/collaboration.qmd:196-201	chapters/collaboration.tr.qmd:115-115	English gives the reason for splitting the model-script and figure-script work into two commits: 'it would be easier in case you wanted to revert the changes on the figure but not the model'. The Turkish parenthesis is truncated to 'sekildeki degisiklikleri geri almak isteyip modeli' and never states the 'but not the model' contrast or the ease-of-reverting rationale.	The example loses its point. A Turkish reader sees an instruction to make two commits with no reason, so they cannot generalise the rule (group changes so that any one group can be reverted alone) to their own work.	high
collaboration	tr	What is Git?	S2.P1	missing	chapters/collaboration.qmd:14-17	chapters/collaboration.tr.qmd:12-12	English says Git works like the 'track change' option in Word, LibreOffice or Google docs 'but for all types of files'; the Turkish keeps the analogy and drops 'but for all types of files'.	The clause is the point of the analogy: it tells the reader Git is not limited to text documents and tracks scripts, data files and images too. Without it a Turkish reader may assume Git only versions word-processor-like documents.	high
collaboration	tr	Resources	S54.P1	untrue	chapters/collaboration.qmd:1147-1147	chapters/collaboration.tr.qmd:776-776	English lists the resource URL https://tutorialzine.com/2016/06/learn-git-in-30-minutes; the Turkish gives https://tutorialzine.com/2016/06/learn-git-in-30-dakika, with the word 'minutes' inside the URL path translated to 'dakika'.	The link is dead. A Turkish reader who clicks the recommended 'basic and advanced' tutorial gets a 404 and has no way to guess the correct address.	high
collaboration	tr	Resources	S54.P1	untrue	chapters/collaboration.qmd:1129-1129	chapters/collaboration.tr.qmd:763-763	English lists https://ohi-science.org/news/github-going-back-in-time; the Turkish lists https://ohi-science.org/news/github-coming-back-in-time ('going' changed to 'coming').	The link is dead, so a Turkish reader loses the recommended article on reverting a Git repository to an earlier state.	medium
collaboration	tr	Setup > Install an interface (optional but recommended)	S7.P1	missing	chapters/collaboration.qmd:126-129	chapters/collaboration.tr.qmd:78-79	English states that the RStudio Git pane and Github Desktop are the two beginner interfaces 'which we will showcase in this chapter'; the Turkish renders this as 'ki bu bolumde durum nasil olacak', which does not state that the chapter demonstrates those two interfaces.	A Turkish reader is not told that the two named beginner tools are the ones the rest of the chapter walks through, so they may install one of the intermediate clients named in the next sentence and then find no matching instructions.	medium
collaboration	vn	What does it look like now? / In RStudio	S22.P2	untrue	chapters/collaboration.qmd:397-398	chapters/collaboration.vn.qmd:231	The translation states the blue *pull* icon in the RStudio Git pane is an UPWARD-pointing arrow; the English states no direction, and in RStudio (and in the translation's own later text) the pull arrow points DOWN.	A Vietnamese reader looking at the circled buttons in the Git_console.png image identifies the wrong icon as pull, and will click push when intending to pull.	high
collaboration	vn	What does it look like now? / In RStudio	S22.P2	untrue	chapters/collaboration.qmd:399-400	chapters/collaboration.vn.qmd:232	The translation states the green *push* icon in the RStudio Git pane is a DOWNWARD-pointing arrow; the English states no direction, and the translation's own Rstudio pull/push section (line 424) says push is the upward arrow.	A Vietnamese reader identifies the wrong icon as push; the chapter also contradicts itself between line 232 and line 424, so the reader cannot resolve which is correct.	high
collaboration	vn	Pull and push changes up to Github / In Github Desktop	S37.P2	untrue	chapters/collaboration.qmd:707-708	chapters/collaboration.vn.qmd:441	The translation says that when Git finds new commits on the remote, the button changes into a "Push" button; the English says it changes into a "Pull" button (and the image beside it is github_desktop_pull_button.png).	A Vietnamese reader expects the wrong label in Github Desktop, and the very next clause (you cannot push before you pull) becomes self-contradictory, so the pull-before-push rule is lost.	high
collaboration	vn	What we learned	S49.P1	untrue	chapters/collaboration.qmd:1045-1046	chapters/collaboration.vn.qmd:662	The translation says fuller Git interfaces let you do more by point-and-click but "usually you must pay a fee"; the English says the cost is a more complex layout, not money.	A Vietnamese reader believes tools such as SourceTree or GitKraken require payment and rules them out, when the English only warns that their interface is more complex.	high
collaboration	vn	What we learned	S49.P1	added	chapters/collaboration.qmd:1036-1037	chapters/collaboration.vn.qmd:660	The translation adds a parenthetical definition of cherry-pick as "taking only a few commits from a PR"; the English gives no definition and does not tie cherry-picking to pull requests.	A Vietnamese reader learns a narrowed, PR-specific meaning of cherry-pick and may not recognise it as a general operation on any commit from any branch.	medium
collaboration	vn	Get started: create a new repository	S14.P1	untrue	chapters/collaboration.qmd:258-259	chapters/collaboration.vn.qmd:137	The translation says a new repository can be created from the "R console"; the English says "the console", which throughout this chapter means the Git shell/terminal (the "In console" sections all show bash commands).	A Vietnamese reader types git commands into the R console, where they fail, instead of using the RStudio Terminal or Git Bash.	medium
collaboration	vn	Branches	S12.P1	missing	chapters/collaboration.qmd:212-214	chapters/collaboration.vn.qmd:111	The English offers deleting the BRANCH when the experiment was unsuccessful; the translation instead says to delete the unsuccessful CHANGES, so the option of discarding the whole branch is not stated.	A Vietnamese reader does not learn that an abandoned branch can simply be deleted, and may try to undo edits file by file instead.	medium
collaboration	vn	This sounds complicated, I am not a programmer	S4.P1	untrue	chapters/collaboration.qmd:97	chapters/collaboration.vn.qmd:59	The English concedes that Git can indeed be complicated ("It can be."); the translation instead asserts that the reader is fully able ("Ban hoan toan co the.").	The Vietnamese reader loses the concession that sets up the following 'However, much like R or Excel...' contrast, so the paragraph's reassurance no longer answers the heading's worry.	medium
combination_analysis	fr	UpSetR	S7.P3	untrue	chapters/combination_analysis.qmd:220-220	chapters/combination_analysis.fr.qmd:217-217	The French states that `+()` converts the 1s and 0s according to a logical statement ("qui convertit les 1 et les 0 en fonction d'une declaration logique"), whereas the English states that `+()` converts TO 1s and 0s based on a logical statement; the code beside it (`~+(.x == "yes")`) turns a logical test into 1/0 output, not the reverse.	A French reader takes 1/0 values as the INPUT of `+()` rather than its output, so they may believe the yes/no to 1/0 recode must already have happened before `+()` is applied, and will misread the `across(..., .fns = ~+(.x == "yes"))` line in the chunk that follows.	medium
combination_analysis	jp	Combinations analysis / 複数回答データの分析	S1.P1	untrue	chapters/combination_analysis.qmd:60-60	chapters/combination_analysis.jp.qmd:59-59	The English says the horizontal bars showing the frequency of each individual symptom are to the RIGHT of the plot; the Japanese says they are on the LEFT (左側の横棒).	A Japanese reader looking for the per-symptom frequency bars is directed to the opposite side of the example plot from the side the English text names, so the two editions disagree about how to read the same figure and the reader may misidentify which bars are the set-size bars.	high
combination_analysis	jp	Re-format values / 変数の値を変換する	S5.P3	missing	chapters/combination_analysis.qmd:153-153	chapters/combination_analysis.jp.qmd:153-153	The English tells the reader to note TWO new columns towards the right end of the data: the pasted combined character values (all_symptoms) and the list column (all_symptoms_list); the Japanese mentions only the single rightmost list column.	A Japanese reader inspecting the displayed table does not know to check the intermediate all_symptoms character column created by unite(), so they cannot verify the semicolon-concatenation step that the preceding code performed and may not understand why two columns exist.	high
combination_analysis	jp	ggupset / **ggupset** パッケージでプロットを作成する	S6.P3	untrue	chapters/combination_analysis.qmd:190-190	chapters/combination_analysis.jp.qmd:190-190	The English locates the offline package documentation in the RStudio Help tab (`?ggupset`); the Japanese instructs the reader to run `?ggupset` in the RStudio console.	A Japanese reader is given a different action from the English text for reaching the offline documentation, and is not told that the result appears in the RStudio Help pane, so they may not know where to look for the output.	medium
combination_analysis	pt	Combinations analysis / Análise de Combinações	S1.P2	untrue	chapters/combination_analysis.qmd:60-60	chapters/combination_analysis.pt.qmd:68-68	The horizontal bars showing the frequency of each individual symptom are located to the RIGHT of the plot; the translation says they are to the LEFT ("À esquerda").	A Portuguese reader looking at the UpSet figure is directed to the wrong side of the plot when trying to identify the per-symptom frequency bars, and may mistake the vertical combination bars or the intersection matrix for the individual-symptom totals.	high
combination_analysis	pt	`UpSetR`	S7.P2	missing	chapters/combination_analysis.qmd:220-228	chapters/combination_analysis.pt.qmd:267-269	The English offers a more efficient alternative for the yes/no to 1/0 conversion, using the `+()` function together with `across()` to change several columns at once, and links to the [Cleaning data and core functions](cleaning.qmd#clean_across) page; the whole paragraph and its accompanying code chunk are absent from the translation.	A Portuguese reader never learns the compact `across(..., .fns = ~+(.x == "yes"))` idiom nor the cross-reference to the data-cleaning chapter, so they are left with only the five repeated per-column recodes and miss a technique the handbook expects them to reuse elsewhere.	high
combination_analysis	ru	UpSetR	S7.P3	missing	chapters/combination_analysis.qmd:220-220	chapters/combination_analysis.ru.qmd:218-218	The English points the reader to the Cleaning data and core functions chapter (link target cleaning.qmd#clean_across); the Russian link target is only the bare fragment #clean_across, so it no longer names that chapter.	A Russian reader who clicks the cross-reference for more on across() stays on the combination-analysis page instead of reaching the cleaning chapter section (cleaning.ru.qmd line 646), and so misses the fuller explanation of across().	high
combination_analysis	tr	Re-format values / Değerleri yeniden biçimlendir	S5.P1	untrue	chapters/combination_analysis.qmd:117-117	chapters/combination_analysis.tr.qmd:103-103	The English names the dplyr function `case_when()`; the Turkish names `case_while()`, which is not a function in dplyr or in base R.	A Turkish reader who searches for or types `case_while()` gets 'could not find function' and cannot locate the documented approach, because no such function exists in any package.	high
combination_analysis	tr	Re-format values / Değerleri yeniden biçimlendir	S5.P1	untrue	chapters/combination_analysis.qmd:117-117	chapters/combination_analysis.tr.qmd:103-103	The English converts the "yes" and "no" values INTO the symptom name; the Turkish states the reverse, that the actual symptom name is converted INTO "evet" and "hayır" ("gerçek semptom adını 'evet' ve 'hayır'a dönüştürürüz").	The reader is told the transformation runs in the opposite direction from what the code chunk below does (`ifelse(fever == "yes", "fever", NA)`), so the reader cannot reconcile the sentence with the code and may build the reverse recode, which produces no symptom labels for ggupset.	high
combination_analysis	tr	UpSetR	S7.P2	code_mismatch	chapters/combination_analysis.qmd:209-218	chapters/combination_analysis.tr.qmd:194-205	The comment beside the recode says the "yes"/"no" values are converted into the symptom name itself ("semptom adının kendisine dönüştürün"), but the code beside it converts them to 1 and 0; the English comment correctly says "convert the "yes" and "no" values into 1s and 0s".	The reader is told this UpSetR data-cleaning step produces symptom-name strings, when it produces the 1/0 indicator columns UpSetR requires, so the reader may think the ggupset recode is being repeated and skip or duplicate the step.	medium
combination_analysis	tr	Load packages / Paketleri yükleyin	S3.P1	missing	chapters/combination_analysis.qmd:76-76	chapters/combination_analysis.tr.qmd:63-63	The English points the reader to the R basics page with a working cross-reference, `[R basics](basics.qmd)`; the Turkish keeps only the bracketed label `[R basics]` with no link target.	The Turkish reader sees literal bracket text instead of a link and cannot reach the R basics page for the referenced background on R packages.	medium
combination_analysis	tr	Re-format values / Değerleri yeniden biçimlendir	S5.P2	missing	chapters/combination_analysis.qmd:138-138	chapters/combination_analysis.tr.qmd:123-123	The English links the Characters and strings page with a working cross-reference, `[Characters and strings](characters_strings.qmd)`; the Turkish keeps only the bracketed label `[Karakterler ve dizeler]` with no link target.	The Turkish reader cannot reach the page that explains `unite()`, which is the sentence's only purpose, and sees raw brackets in the rendered text.	medium
combination_analysis	tr	UpSetR	S7.P3	missing	chapters/combination_analysis.qmd:220-220	chapters/combination_analysis.tr.qmd:207-207	The English links to another chapter for `across()`, `[Cleaning data and core functions](cleaning.qmd#clean_across)`; the Turkish drops the file part and leaves only the fragment `(#clean_across)`.	The link resolves to an anchor on the combinations-analysis page itself, which has no `clean_across` anchor, so the Turkish reader clicking it stays put and never reaches the cleaning chapter's explanation of `across()`.	medium
combination_analysis	vn	Combinations analysis / Biểu đồ kết hợp	S1.P2	untrue	chapters/combination_analysis.qmd:60-60	chapters/combination_analysis.vn.qmd:68-68	The horizontal bars showing the frequency of each individual symptom are located on the RIGHT of the UpSet plot; the Vietnamese says they are on the left ("Ở bên trái").	A Vietnamese reader looking at the example UpSet plot searches the left-hand side for the per-symptom frequency bars, finds the set-size bars are not where the text says, and may mis-read the horizontal bars they do find (or the vertical combination bars) as the wrong quantity.	high
combination_analysis	vn	`UpSetR`	S7.P3	missing	chapters/combination_analysis.qmd:220-220	chapters/combination_analysis.vn.qmd:262-262	The `+()` function converts values to 1s and 0s based on a logical statement.	A Vietnamese reader is shown `~+(.x == "yes")` with no explanation of what the leading `+` does, so they cannot tell that it is the operator performing the logical-to-numeric coercion, and cannot adapt the idiom to another condition or another dataset.	high
combination_analysis	vn	`UpSetR`	S7.P3	missing	chapters/combination_analysis.qmd:220-220	chapters/combination_analysis.vn.qmd:262-262	The `across()` + `+()` command is offered as a MORE EFFICIENT alternative to the preceding per-column `case_when()`/`ifelse()` block ("If you are interested in a more efficient command").	A Vietnamese reader sees the second chunk as an unmotivated extra example rather than a recommended shorter replacement for the five repeated per-column recodes, and keeps writing the long form.	medium
contact_tracing	es	Follow-up data / Datos de seguimiento	S7.P2	missing	chapters/contact_tracing.qmd:126-128	chapters/contact_tracing.es.qmd:115-117	The English states the total number of rows in the followups dataset (via the inline expression nrow(followups)) alongside the statement that only the first 50 rows are shown; the Spanish states only that the first 50 rows of followups are shown and gives no total.	A Spanish reader is not told how large the followups dataset is, so they cannot judge what fraction of the follow-up records the displayed 50-row table represents. The same nrow() reference is preserved in the Spanish for the cases dataset (es line 72) and the contacts dataset (es line 96), so the omission is inconsistent within the page.	low
contact_tracing	fr	Daily individual tracking / Suivi quotidien individuel	S16.P1	untrue	chapters/contact_tracing.qmd:357-357	chapters/contact_tracing.fr.qmd:326-326	The recommended visualisation for per-contact daily follow-up status is a heat plot; the French says it is a scatter plot ("diagramme de dispersion").	A French reader is told the chunk below builds a scatter plot, while `geom_tile()` builds a heat plot. The reader learns the wrong name for the technique and cannot connect it to the linked heat-plot page, nor reach for `geom_tile()` when a heat plot is wanted.	high
contact_tracing	fr	Transmission Matrices / Matrices de transmission	S19.P5	code_mismatch	chapters/contact_tracing.qmd:589-589	chapters/contact_tracing.fr.qmd:591-591	The chunk that follows creates a heat map of age-by-age transmission; the French says it creates a geographic map ("une carte géographique pour l'âge").	A French reader expects a map of places from a chunk that plots age classes on both axes with `geom_tile()`. The reader misreads the whole transmission-matrix example and may look for absent geographic columns.	high
contact_tracing	fr	Data cleaning / Nettoyage de données	S14.P4	code_mismatch	chapters/contact_tracing.qmd:321-321	chapters/contact_tracing.fr.qmd:293-293	The follow-up status values in the data are `seen_not_ok` and `seen_ok`; the French names them "vu_not_ok" and "vu_ok", which appear nowhere in the data or the code.	The `tabyl(followup_status)` output right below prints `seen_ok` and `seen_not_ok`. A French reader cannot match the explained values to the printed table, and any filter written from the prose (`followup_status == "vu_ok"`) returns zero rows.	medium
contact_tracing	fr	Plot over time / Graphe dans le temps	S15.P1	code_mismatch	chapters/contact_tracing.qmd:331-331	chapters/contact_tracing.fr.qmd:302-302	The column assigned to the x-axis is `date_of_followup`; the French names it `date_du_suivi`, a column that does not exist in the `followups_clean` data frame.	A French reader copying the prose writes `aes(x = date_du_suivi)` and gets an object-not-found error, while the chunk two lines below uses `date_of_followup`.	medium
contact_tracing	fr	Demographics / Démographie	S10.P1	untrue	chapters/contact_tracing.qmd:164-164	chapters/contact_tracing.fr.qmd:147-147	The package used for age pyramids is named **apyramid**; the French names it **apyramide**.	A French reader tries to install or load a package called `apyramide`, which does not exist on CRAN. The `p_load()` chunk and the `apyramid::age_pyramid()` calls both use `apyramid`, so the prose and the code disagree.	medium
contact_tracing	fr	Daily individual tracking / Suivi quotidien individuel	S16.P1	untrue	chapters/contact_tracing.qmd:355-355	chapters/contact_tracing.fr.qmd:324-324	The follow-up day number is computed as the difference between the encounter date and the intended follow-up start date; the French says it is the difference between the date of the LAST encounter ("la date de la dernière rencontre") and that start date.	A French reader building the missing follow-up-day column computes one value per contact from the last encounter, instead of one value per encounter row. The resulting column cannot drive the 1-14 x-axis of the heat plot below.	medium
contact_tracing	fr	Data cleaning / Nettoyage de données	S14.P1	missing	chapters/contact_tracing.qmd:283-283	chapters/contact_tracing.fr.qmd:256-256	Wide-format follow-up data commonly arrive as an Excel sheet; the French drops the Excel sheet entirely and says only "sous la forme d'une large".	A French reader loses the concrete example of the format these data usually arrive in, and the sentence is left without a noun, so the wide-versus-long point is harder to recognise in their own Excel exports.	medium
contact_tracing	jp	Daily individual tracking	S16.P1	untrue	chapters/contact_tracing.qmd:355-355	chapters/contact_tracing.jp.qmd:355-355	The Japanese states that the `followups` data has one column created for each follow-up day 1-14 (「1 ～ 14 日まで一日ごとに列が作成してあります」, and that a missing one must be built as 「1 ～ 14 日まで一日ごとに列を作成する」); the English states there is a single column holding the follow-up day number (1-14), and the adjacent code plots the single column `followup_number`.	A Japanese reader believes the long-format `followups` data is wide with 14 day-columns, and will try to build 14 columns for their own data. `geom_tile(aes(x = followup_number, ...))` in the chunk at lines 359-366 needs one numeric column, so the reader's reshaped data will not work with the code shown.	high
contact_tracing	jp	Daily individual tracking	S16.P1	untrue	chapters/contact_tracing.qmd:355-355	chapters/contact_tracing.jp.qmd:355-355	The Japanese says the follow-up day number is computed as the difference between the exposure date (曝露日（調査対象の接触者が感染者と接触した日）) and the follow-up start date; the English says it is the difference between the encounter date (the date of the individual follow-up visit) and the date follow-up was intended to begin.	A Japanese reader computing exposure date minus follow-up start date gets one constant value per contact, not a 1-14 day counter that varies across that contact's visits, so the heat plot has a single tile column per contact instead of a follow-up timeline.	high
contact_tracing	jp	Follow-up data	S7.P2	code_mismatch	chapters/contact_tracing.qmd:127-127	chapters/contact_tracing.jp.qmd:127-127	The Japanese says the table below shows the first `nrow(followups)` records of the follow-up data; the English says it shows the first 50 rows of the `nrow(followups)`-row dataset, and the chunk at lines 129-131 calls `head(followups, 50)`.	A Japanese reader takes the displayed table to be the whole `followups` dataset rather than a 50-row preview, and loses the English statement of how many rows the dataset actually has.	high
contact_tracing	jp	Transmission Matrices	S19.P4	missing	chapters/contact_tracing.qmd:581-581	chapters/contact_tracing.jp.qmd:581-581	The English says the cross-tabulation is converted to long format WITH PROPORTIONS; the Japanese says only that the cross-tabulation is converted to long-format data, omitting the proportions.	A Japanese reader does not see that `prop.table()` in the chunk at lines 583-587 converts counts to proportions, so the `Freq` column used as the tile fill and the legend title "Proportion of all transmission events" are unexplained, and the reader may read the heat map as raw counts.	medium
contact_tracing	jp	Plot over time	S15.P1	added	chapters/contact_tracing.qmd:333-333	chapters/contact_tracing.jp.qmd:333-333	The Japanese asserts that follow-up was often not carried out (追跡調査が行われていない場合が多く); the English makes no claim about the level of non-completion, only that follow-up completion did not seem to improve over the epidemic.	A Japanese reader takes away a substantive quantitative conclusion about the example data that the English text does not make and that the histogram is not stated to support.	medium
contact_tracing	jp	Data cleaning	S14.P2	missing	chapters/contact_tracing.qmd:293-293	chapters/contact_tracing.jp.qmd:293-293	The English states that a duplicate may only seem to be an error but in fact reflects reality ("Perhaps it seems to be an error but reflects reality"), which frames the contact-tracer example that follows; the Japanese omits this and presents the same example directly after calling the same-day duplicates erroneous (誤って行われる可能性).	A Japanese reader reads the morning/afternoon contact-tracer example as an example of a data-entry error and may delete such records automatically, instead of recognising that both records can be legitimate and the handling depends on operational context.	medium
contact_tracing	jp	Age and Gender of contacts	S11.P1	added	chapters/contact_tracing.qmd:169-169	chapters/contact_tracing.jp.qmd:169-169	The Japanese names the bar holding contacts with missing age as `unknown` (一番上の `unknown` に含まれている); the English only says missing-age contacts appear in their own bar at the top and does not give the bar a label.	A Japanese reader looks for a category literally labelled `unknown` in the pyramid and in `contacts$age_class`, and may filter on that string; the English makes no such claim about the label.	medium
contact_tracing	jp	Contacts per case	S12.P1	added	chapters/contact_tracing.qmd:244-244	chapters/contact_tracing.jp.qmd:244-244	The Japanese states that handling contacts linked to multiple cases is not covered in this chapter (この章では触れていません); the English instead tells the reader to explore such contacts ("and explore them too!") and makes no statement about chapter scope.	A Japanese reader treats multi-case contacts as out of scope and skips them, rather than following the English recommendation to investigate them before plotting.	medium
contact_tracing	jp	Transmission Matrices	S19.P2	added	chapters/contact_tracing.qmd:560-560	chapters/contact_tracing.jp.qmd:560-560	The Japanese cites a specific numbered section, "25.2 記述統計のセクション", as where the case/contact age pyramid was built; the English only says "As done above" with no section number.	A Japanese reader is sent to a hard-coded section number that is not verified by any cross-reference mechanism and will be wrong if chapter numbering changes, so the reader may look in the wrong place for the earlier age-pyramid example.	low
contact_tracing	pt	KPI Tables	S18.P1	untrue	chapters/contact_tracing.qmd:424-424	chapters/contact_tracing.pt.qmd:421-424	The KPI indicator measures contacts notified and quarantined within 24h of elicitation (of being elicited/identified); the Portuguese states within 24h of exposure ("em ate 24h da exposicao").	A Portuguese reader builds the indicator against the date of exposure rather than the date the contact was elicited, which contradicts the Go.Data numerator shown in the same row (date_of_followup - date_of_reporting) and yields a different, wrong metric.	high
contact_tracing	pt	Contacts data	S6.P1	missing	chapters/contact_tracing.qmd:95-95	chapters/contact_tracing.pt.qmd:92-92	Only rows with a MISSING admin level 2 value are artificially assigned to "Djembe"; the Portuguese bullet drops the missing-value condition.	A Portuguese reader can read the step as assigning "Djembe" to every row of admin_2_name, and so misreads the replace_na(admin_2_name, "Djembe") call in the chunk immediately below and the composition of the maps/plots it feeds.	medium
contact_tracing	pt	Contacts per case	S12.P1	missing	chapters/contact_tracing.qmd:244-244	chapters/contact_tracing.pt.qmd:232-233	The English also advises the reader to explore contacts linked to multiple cases ("and explore them too!"), not only to account for them before plotting; the Portuguese keeps only the accounting instruction.	A Portuguese reader adjusts for multi-case contacts before plotting but is not prompted to inspect them, so a data-quality signal in that subgroup goes unexamined.	low
contact_tracing	ru	Data cleaning	S14.P2	missing	chapters/contact_tracing.qmd:293-293	chapters/contact_tracing.ru.qmd:293-293	The English CAUTION instructs the reader to DOCUMENT the chosen duplicate-handling approach clearly ('just make sure to document your approach clearly'); the Russian instead says only to USE a clear approach ('просто убедитесь, что используете четкий подход'), so the instruction to record the decision is absent.	A Russian reader treats duplicate handling as a private analytic choice and never writes it down, so the deduplication rule applied to the follow-up data is untraceable by anyone reviewing or rerunning the analysis.	high
contact_tracing	ru	Contact tracing	S1.P1	missing	chapters/contact_tracing.qmd:11-11	chapters/contact_tracing.ru.qmd:11-11	The English lists 'tables' among the core R competencies the page draws on (data cleaning, pivoting, tables, time-series analyses); the Russian list omits 'tables' entirely (вычистка данных, поворот, анализ временных рядов).	A Russian reader is not told that table-building competence is a prerequisite for this page, so is unprepared for the KPI table section later in the chapter and does not know to review the descriptive-tables page first.	medium
contact_tracing	tr	KPI Tables / KPI Tabloları	S18.P7	untrue	chapters/contact_tracing.qmd:523-523	chapters/contact_tracing.tr.qmd:516-516	The English says the footnote shows the "as of" date (the date the data are current to); the Turkish says the footnote shows the "baslangic" (start/beginning) date, which the adjacent chunk contradicts because it prints str_glue("Data are current to {format(report_date, '%b %d %Y')}").	A Turkish reader reads the table footnote as the start date of the data period rather than the cut-off date, so they misdate the reported KPI figures by treating 10 June 2020 as the beginning instead of the end of the data window.	medium
contact_tracing	tr	Import data / Verileri ice aktarma	S4.P1	code_mismatch	chapters/contact_tracing.qmd:71-71	chapters/contact_tracing.tr.qmd:71-71	The English names the R function here() from the here package as the tool that specifies the file path; the Turkish names a function burada(), which exists in no package and appears in no code chunk on either side, while the neighbouring function names import() and select() are left untranslated.	A Turkish reader looking for the path helper searches for burada(), finds nothing, and cannot connect the sentence to the here package that the load-packages chunk installs at line 27.	medium
contact_tracing	vn	#### Follow-up data / #### Dữ liệu theo dõi	S7.P1	untrue	chapters/contact_tracing.qmd:116-116	chapters/contact_tracing.vn.qmd:102-102	The English says each contact is supposed to have an encounter each day for 14 days after exposure, with no counterparty named; the Vietnamese adds 'với ca mắc' and states the daily encounter is with the case.	A Vietnamese reader concludes the follow-up records are daily meetings between the contact and the index case, so they misread the whole followups dataset: rows are contact-tracer check-ins on a quarantined contact, not repeated exposures. That inverts the meaning of followup_status ('seen with/without symptoms') and of the 14-day quarantine logic used later in the chapter.	high
contact_tracing	vn	#### Follow-up data / #### Dữ liệu theo dõi	S7.P2	untrue	chapters/contact_tracing.qmd:127-127	chapters/contact_tracing.vn.qmd:113-113	The English states that each row of followups is a follow-up interaction; the Vietnamese states that each row is a contact who was followed up ('mỗi hàng là một người tiếp xúc được theo dõi').	A Vietnamese reader treats the row count of followups as a count of contacts, not of encounters. That contradicts the de-duplication section beside it, which counts several rows per contact per day, and it makes the later per-contact summarise() step look redundant.	high
contact_tracing	vn	### Import data / ### Nhập dữ liệu	S4.P2	added	chapters/contact_tracing.qmd:64-66	chapters/contact_tracing.vn.qmd:52-54	The English keeps the knitr::include_graphics() call for images/godata_api_github.png inside an HTML comment, so no image is shown; the Vietnamese has the same chunk uncommented, so it renders a screenshot of the Go.Data API GitHub page.	A Vietnamese reader sees an unexplained screenshot with no caption or referring sentence, and the page carries a figure the English page does not. If images/godata_api_github.png is absent the Vietnamese chapter fails to render while the English one builds.	high
contact_tracing	vn	### Data cleaning / ### Làm sạch dữ liệu	S14.P4	added	chapters/contact_tracing.qmd:319-319	chapters/contact_tracing.vn.qmd:286-286	The English calls each follow-up record an 'encounter', with no channel specified; the Vietnamese calls it 'cuộc gọi truy vết' (a tracing phone call) and asks whether the call took place, thereby asserting that follow-up is done by telephone.	A Vietnamese reader takes telephone contact as the definition of a follow-up encounter and may treat in-person or SMS visits as outside the dataset, mis-specifying followup_status categories when adapting the code to their own data.	medium
data_table	es	Import data	S5.P1	missing	chapters/data_table.qmd:50-50	chapters/data_table.es.qmd:52-52	The English gives a working cross-reference to the Download book and data page, '[Download book and data](data_used.qmd)'; the Spanish writes '[Descargar libro y datos]' with no link target, so the pointer to that page is absent.	A Spanish reader who wants the linelist_cleaned.xlsx file to follow the chapter step by step sees literal square brackets and no clickable route to the download instructions, so they cannot reach the data the chapter runs on.	medium
data_table	fr	Load packages and import data / Chargement des paquets et importation des données	S3b.P1	alignment_mismatch	chapters/data_table.qmd:29-30	chapters/data_table.fr.qmd:29-33	The English has exactly one level-2 heading for this section ('Load packages and import data'); the French emits two consecutive level-2 headings for it, an untranslated copy of the English heading at line 29 and the French heading at line 32, with no content under the first.	The French reader gets a stray empty section in the rendered page and in the table of contents, one of which is still in English, so the chapter appears to have a section that was never written and the numbering of subsequent sections shifts by one.	high
data_table	fr	Import data / Importer les données	S5.P1	missing	chapters/data_table.qmd:50-50	chapters/data_table.fr.qmd:56-56	The English links the phrase 'Download book and data' to the page data_used.qmd; the French renders it as the bare bracketed text '[Donwload book and data]' with no link target.	A French reader who wants the linelist_cleaned.xlsx dataset to follow the chapter step by step sees literal square brackets instead of a link and has no way to reach the download instructions from this page.	high
data_table	fr	Import data / Importer les données	S5.P1	missing	chapters/data_table.qmd:50-50	chapters/data_table.fr.qmd:56-56	The English links the phrase 'Import and export' to the page importing.qmd; the French renders it as the bare bracketed text '[Import and export]' with no link target.	A French reader who needs the other ways of importing data cannot navigate to the Import and export chapter from this sentence, and sees unresolved bracket syntax in the rendered text.	high
data_table	fr	The i argument: selecting and filtering rows / L'argument i: sélection et filtrage des lignes	S6.P1	untrue	chapters/data_table.qmd:77-77	chapters/data_table.fr.qmd:84-84	The English says the second and third examples 'subset' cases (perform row selection); the French says they 'sous-entend' (imply/hint at) that the cases are 18 years or over, which describes an inference rather than the subsetting operation the code performs.	A French reader is told the expression implies something about the cases rather than that it filters rows, so the purpose of `linelist[age >= 18]` in the chunk that follows is stated incorrectly, and the term is inconsistent with 'sous-ensemble' used correctly a few lines later at line 94.	medium
data_table	jp	Import data / データのインポート	S5.P1	code_mismatch	chapters/data_table.qmd:50-53	chapters/data_table.jp.qmd:50-53	The translation tells the reader to download the pre-cleaned linelist as an .rds file from a direct link, while the code chunk immediately below imports "linelist_cleaned.xlsx"; the English gives no format and points to the Download book and data page instead.	A Japanese reader downloads linelist_cleaned.rds, then runs the chunk verbatim and gets a file-not-found error on linelist_cleaned.xlsx, with no instruction in the chapter on how to reconcile the two formats.	high
data_table	jp	Import data / データのインポート	S5.P1	added	chapters/data_table.qmd:50-50	chapters/data_table.jp.qmd:50-50	The translation states that the rio package can handle many file types including .xlsx, .csv and .rds; the English sentence only says the dataset is imported with rio's import() and refers to the Import and export page.	None harmful in itself, but the Japanese reader receives a claim about rio's capabilities that the English original never makes at this point, so the two editions differ in what the chapter asserts about rio.	high
data_table	jp	Import data / データのインポート	S5.P1	missing	chapters/data_table.qmd:50-50	chapters/data_table.jp.qmd:50-50	The English refers the reader to the Download book and data page (data_used.qmd) for step-by-step download instructions; the translation contains no reference to that page.	A Japanese reader who needs the full data-download procedure, or the other datasets used in the handbook, is never pointed to the chapter that documents them.	medium
data_table	jp	Computing on columns / 列内の計算	S10.P1	untrue	chapters/data_table.qmd:135-135	chapters/data_table.jp.qmd:137-137	The translation describes the first example as counting cases with 7 or more days (7 日以上), while the English says over 7 days and the code beside it is days_onset_hosp > 7, which excludes exactly 7.	A Japanese reader reading the bullet as an inclusive threshold expects rows with a value of exactly 7 to be counted, and so misreads the returned count and the semantics of the > operator being taught.	low
data_table	jp	The by argument / by 引数：グルーピングを用いた計算	S11.P1	untrue	chapters/data_table.qmd:158-158	chapters/data_table.jp.qmd:161-161	The translation describes the third example as covering stays of 7 days or more (7 日間以上入院した), while the English says admissions that lasted over 7 days and the code is days_onset_hosp > 7, which excludes exactly 7.	A Japanese reader expects the group counts to include the rows with a value of exactly 7 and cannot reconcile the printed counts with the bullet describing them.	low
data_table	pt	Selecting columns / Seleção de colunas	S9.P1	added	chapters/data_table.qmd:120-122	chapters/data_table.pt.qmd:115-117	The translation states that the second example excludes four columns, naming age (gender, age, wt_kg, ht_cm); the English names only three excluded columns (height, weight and gender) and never mentions age.	The Portuguese reader gets a description that matches the chunk `linelist[ , -c("gender", "age", "wt_kg", "ht_cm")]`, while the English reader is told age is retained. The two language editions teach different results for the same code, and any reader comparing them cannot tell which list of dropped columns is authoritative.	high
data_table	tr	Resources	S13.P1	missing	chapters/data_table.qmd:221-221	chapters/data_table.tr.qmd:209-211	The English opens the Resources section with the lead-in sentence "Here are some useful resources for more information:"; the Turkish section starts directly with the first bullet and has no lead-in sentence.	The Turkish reader meets an unintroduced bare URL list and is not told the links are optional further-reading resources rather than required steps of the chapter.	low
data_table	vn	Using helper functions for filtering / Sử dụng hàm trợ giúp để lọc	S7.P1	untrue	chapters/data_table.qmd:97-97	chapters/data_table.vn.qmd:92-92	The English says `%between%` matches NUMERIC columns within a prespecified range; the Vietnamese says it matches "các cột theo số thứ tự" (columns by ordinal/sequence number) within a prespecified range.	A Vietnamese reader can conclude `%between%` selects a range of column POSITIONS rather than filtering rows on a numeric column's values, which contradicts the adjacent code `linelist[age %between% c(40, 60)]`; they may try `%between%` for column-index selection and get an error or wrong subset.	medium
data_table	vn	Resources / Tài nguyên học liệu	S13.P1	untrue	chapters/data_table.qmd:228-229	chapters/data_table.vn.qmd:205-205	The English gives the cheat-sheet URL as https://s3.amazonaws.com/assets.datacamp.com/blog_assets/datatable_Cheat_Sheet_R.pdf; the Vietnamese displays it as .../datatable_Cheat_Shgiteet_R.pdf, a URL that does not exist (only the hidden href is correct).	A Vietnamese reader who reads or copies the visible URL (from print, PDF, or by typing it) reaches a dead address and cannot get the cheat sheet.	medium
data_used	es	Download offline handbook / Descargar el manual sin conexión	S2.P1	missing	chapters/data_used.qmd:22-24	chapters/data_used.es.qmd:12-18	English gives the download location for the offline handbook: right-click https://github.com/appliedepi/epirhandbook/raw/main/offline_long/index.html and select "Save link as". The Spanish section contains no link and no download instruction at all.	A Spanish reader is told the offline handbook exists and what to expect from it, but is given no way to obtain it. The stated purpose of the section cannot be carried out.	high
data_used	es	Download offline handbook / Descargar el manual sin conexión	S2.P1	missing	chapters/data_used.qmd:26-26	chapters/data_used.es.qmd:12-18	English states the platform-specific alternatives for saving the link: Cmd+click on a Mac, press and hold then "Save link" on mobile. The Spanish section states neither.	Mac and mobile readers have no equivalent of the right-click action, so they cannot reproduce the download step on their device.	high
data_used	es	Download offline handbook / Descargar el manual sin conexión	S2.P1	missing	chapters/data_used.qmd:26-26	chapters/data_used.es.qmd:12-18	English states that a screen of raw HTML code means the instructions were not followed correctly. The Spanish section omits this troubleshooting statement.	A Spanish reader who lands on a raw HTML page has no signal that this is a wrong-path symptom, and may assume the handbook file itself is broken.	high
data_used	es	Download offline handbook / Descargar el manual sin conexión	S2.P1	added	chapters/data_used.qmd:18-20	chapters/data_used.es.qmd:17-17	The Spanish considerations list carries a fourth bullet instructing the reader to install the appliedepidata R package, which contains all example data, as a step to take for offline use. The English list has three bullets and makes no such instruction here.	The reader is given an offline-preparation step the English does not prescribe. It is plausible advice, but it is not the source text and it presents package installation as part of the offline-handbook procedure rather than as the separate data section that follows.	medium
data_used	es	Flexdashboard	S12.P1	missing	chapters/data_used.qmd:132-132	chapters/data_used.es.qmd:122-122	English states that the flexdashboard files are R Markdown/HTML source files, not example datasets, so they are not part of the appliedepidata package and must be downloaded directly from Github. The Spanish sentence states only that links to the associated file follow.	A Spanish reader may search appliedepidata with get_data() or search_data() for the dashboard files, find nothing, and conclude the package or the handbook is incomplete.	high
data_used	es	Contact Tracing / Rastreo de contactos	S13.P1	missing	chapters/data_used.qmd:139-139	chapters/data_used.es.qmd:130-130	English states that the Go.Data contact tracing data is not part of appliedepidata. The Spanish sentence omits that statement and goes straight to the download links.	A Spanish reader may try to load the contact tracing data with appliedepidata::get_data() instead of using the supplied .rds download links, and will not find it.	high
data_used	fr	Flexdashboard	S12.P1	missing	chapters/data_used.qmd:132-132	chapters/data_used.fr.qmd:126-126	The English states that the flexdashboard files are R Markdown/HTML source files, not example datasets, so they are NOT part of the appliedepidata package and must be downloaded directly from Github; the French says only 'below are links to the file associated with the page'.	A French reader who has installed appliedepidata may search for the dashboard files with get_data()/save_data() or list_data(), find nothing, and conclude the package install failed, instead of understanding that these files only ever come from the Github links.	high
data_used	fr	Contact Tracing / Recherche des contacts	S13.P1	missing	chapters/data_used.qmd:139-139	chapters/data_used.fr.qmd:133-133	The English states 'This data is not part of appliedepidata'; the French sentence drops that clause entirely and goes straight from the Go.Data attribution to the download links.	A French reader looking for the contact-tracing data will expect it inside appliedepidata (the package the whole section is organised around) and will waste time in search_data()/list_data() before falling back to the manual .rds download links.	high
data_used	fr	Contact Tracing / Recherche des contacts	S13.P1	untrue	chapters/data_used.qmd:139-139	chapters/data_used.fr.qmd:133-133	The French points the Go.Data source link at https://github.com/WorldHealthOrganization/godata/raw/main/analytics/r-reporting, whereas the English points at https://github.com/WorldHealthOrganization/godata/tree/master/analytics/r-reporting; the French URL uses the raw-content path and the 'main' branch rather than the browsable tree path on 'master'.	A French reader clicking the Go.Data reference gets a raw-content/branch URL rather than the browsable directory listing the English sends readers to, so they cannot see the r-reporting folder contents the sentence is citing.	medium
data_used	fr	Case linelist / Liste de cas (linelist)	S9.P2	added	chapters/data_used.qmd:97-99	chapters/data_used.fr.qmd:88-88	The French adds 'Cela garantit que vous n'aurez qu'un nettoyage minimal a faire apres avoir importe les donnees dans R' (this ensures you will have only minimal cleaning to do after importing) about the cleaned linelist .rds; the English Case linelist section claims only that the .rds preserves column classes and makes no minimal-cleaning claim there.	A French reader is told the cleaned linelist needs only minimal cleaning, a guarantee the English text does not make for this dataset, and may skip cleaning checks the handbook never promised were unnecessary.	medium
data_used	jp	Time series and outbreak detection / 時系列分析とアウトブレイクの検出	S17.P1	untrue	chapters/data_used.qmd:232-232	chapters/data_used.jp.qmd:222-222	The English points the reader to the chapter file time_series.qmd; the Japanese points the same labelled link to epidemic_models.jp.qmd, a file that does not exist in chapters/ (only time_series.jp.qmd exists).	A Japanese reader who clicks the link to reach the time-series and outbreak-detection chapter gets a dead link, and cannot navigate from the data page to the chapter that uses the campylobacter data.	high
data_used	jp	Flexdashboard / 柔軟なダッシュボード	S12.P1	missing	chapters/data_used.qmd:132-132	chapters/data_used.jp.qmd:130-130	The English states that the flexdashboard files are R Markdown/HTML source files, not example datasets, so they are NOT part of the appliedepidata package and must be downloaded directly from Github; the Japanese sentence says only that links to the related files follow.	A Japanese reader may look for the dashboard files in appliedepidata with get_data()/save_data(), fail to find them, and not understand that Github download is the only route.	high
data_used	jp	Contact Tracing / 接触者の追跡	S13.P1	missing	chapters/data_used.qmd:139-139	chapters/data_used.jp.qmd:138-138	The English states that the Go.Data contact-tracing data is not part of appliedepidata; the Japanese omits that statement and only says the data can be downloaded from the links.	A Japanese reader may search appliedepidata (get_data(), search_data(), list_data()) for the contact-tracing datasets, find nothing, and not know that the package deliberately excludes them.	high
data_used	jp	Download offline handbook / オフライン版のダウンロード	S2.P1	added	chapters/data_used.qmd:18-20	chapters/data_used.jp.qmd:17-17	The Japanese bullet list carries a fourth bullet instructing the reader to install the R package appliedepidata, which contains all example data, with installation instructions below; the English list has only three bullets and makes no such point here.	A Japanese reader treats package installation as part of the offline-handbook preparation checklist, an instruction the English version does not give at this point.	high
data_used	jp	Download offline handbook / オフライン版のダウンロード	S2.P1	added	chapters/data_used.qmd:26-26	chapters/data_used.jp.qmd:25-25	The Japanese closes the offline-handbook section with a sentence saying that the package is now loaded so the data can be used in the currently open R session; the English section ends after the Mac/mobile download instructions and makes no such statement.	A Japanese reader expects a package-loading step or code to follow in this section and finds none, since no library() call or loading code exists anywhere on the page.	high
data_used	pt	Download offline handbook / Baixe o livro offline	S2.P1	missing	chapters/data_used.qmd:22-24	chapters/data_used.pt.qmd:16-18	The offline handbook is downloaded by right-clicking the GitHub link https://github.com/appliedepi/epirhandbook/raw/main/offline_long/index.html and choosing "Save link as".	The Portuguese section tells the reader an offline HTML version exists but never gives the download link or the download action, so the reader cannot obtain the offline handbook from this page at all.	high
data_used	pt	Download offline handbook / Baixe o livro offline	S2.P1	missing	chapters/data_used.qmd:26-26	chapters/data_used.pt.qmd:16-18	On a Mac use Cmd+click, on mobile press and hold the link and select "Save link", and if a page of raw HTML code appears the instructions were not followed.	A Portuguese reader on macOS or mobile has no platform-specific instruction, and if raw HTML opens in the browser they get no explanation that they clicked instead of saving.	high
data_used	pt	Download offline handbook / Baixe o livro offline	S2.P1	added	chapters/data_used.qmd:18-20	chapters/data_used.pt.qmd:17-17	A fourth bullet instructs the reader to install the appliedepidata R package, which contains all the example data, with the installation process described below.	The Portuguese reader is given an offline-preparation step the English list does not contain; it is presented as part of the offline checklist, so a reader comparing versions or following an English-based course sees an instruction that does not exist upstream.	medium
data_used	pt	Case linelist / "Linelist" de casos	S9.P3	added	chapters/data_used.qmd:97-99	chapters/data_used.pt.qmd:84-84	The cleaned linelist .rds preserves column classes and therefore guarantees that only minimal cleaning is needed after importing it into R.	The Portuguese reader is told, in the case-linelist section, that almost no cleaning will be required; the English text makes no such promise there, so the reader may skip validation of the imported linelist.	medium
data_used	pt	Flexdashboard / Painéis com flexdashboard	S12.P1	missing	chapters/data_used.qmd:132-132	chapters/data_used.pt.qmd:124-124	The flexdashboard files are R Markdown/HTML source files rather than example datasets, so they are not part of the appliedepidata package and must be downloaded directly from Github.	The Portuguese reader may look for these dashboard files with get_data() or save_data() in appliedepidata, where they do not exist, instead of downloading them from Github.	high
data_used	pt	Contact Tracing / Rastreamento de contato	S13.P1	missing	chapters/data_used.qmd:139-139	chapters/data_used.pt.qmd:131-131	The Go.Data contact tracing data is not part of the appliedepidata package.	The Portuguese reader may try to load the contact tracing data through appliedepidata::get_data(), which has no such dataset, instead of using the three .rds download links given below.	high
data_used	pt	Time series and outbreak detection / Séries temporais e detecção de surto	S17.P1	untrue	chapters/data_used.qmd:232-232	chapters/data_used.pt.qmd:218-218	The cross-reference for this dataset points to the Time series and outbreak detection page, which is chapters/time_series.qmd; the Portuguese text links to epidemic_models.pt.qmd, a file that does not exist in chapters/ (time_series.pt.qmd does).	The Portuguese link is broken, so the reader cannot reach the Séries temporais e detecção de surto page from this dataset entry and may believe the campylobacter data belongs to an epidemic-models page.	high
data_used	ru	Time series and outbreak detection / Временные ряды и обнаружение вспышек	S17.P1	untrue	chapters/data_used.qmd:232-232	chapters/data_used.ru.qmd:230-230	The Russian text says the page that uses the campylobacter data is `epidemic_models.ru.qmd`; the English says it is `time_series.qmd`.	A Russian reader clicking the link is sent to a different chapter than the one the data belong to. `epidemic_models.ru.qmd` sits in `_excluded/` and is not built, so the link resolves to nothing and the reader never reaches the Time series and outbreak detection page (`time_series.ru.qmd`) that actually uses `campylobacter_germany`.	high
data_used	ru	Flexdashboard	S12.P1	missing	chapters/data_used.qmd:132-132	chapters/data_used.ru.qmd:130-130	The English states that the flexdashboard files are R Markdown/HTML source files, not example datasets, and therefore are not part of the appliedepidata package, so they must be downloaded directly from Github. The Russian omits this whole statement.	A Russian reader who has installed appliedepidata will look for the outbreak dashboard files with `get_data()`/`save_data()` or in `list_data()`, find nothing, and conclude the package or their install is broken instead of using the direct Github links.	high
data_used	ru	Contact Tracing / Отслеживание контактов	S13.P1	missing	chapters/data_used.qmd:139-139	chapters/data_used.ru.qmd:137-137	The English states that the Go.Data contact tracing data is not part of appliedepidata. The Russian omits this clause and only says the data can be downloaded from the links.	A Russian reader will search appliedepidata for the contact tracing datasets, since the page never says they are outside the package, and will not understand why `list_data()` does not list `cases_clean`, `contacts_clean` or `followups_clean`.	high
data_used	ru	Download offline handbook / Скачать руководство для работы офлайн	S2.P1	added	chapters/data_used.qmd:18-20	chapters/data_used.ru.qmd:14-17	The Russian bullet list of offline-use considerations carries a fourth bullet instructing the reader to install the appliedepidata R package, which contains all the example data, with installation described below. The English list has three bullets and no such item.	The Russian reader is told to install a package as part of preparing for offline use, in a list the English reserves for offline-viewing caveats. Nothing is factually wrong, but it is content the English original does not carry at this point.	high
data_used	ru	Download offline handbook / Скачать руководство для работы офлайн	S2.P1	added	chapters/data_used.qmd:26-26	chapters/data_used.ru.qmd:25-25	The Russian adds a closing instruction, 'Теперь загрузите пакет для использования в текущей сессии R:' (Now load the package for use in the current R session:). The English section ends after the Mac/mobile download note and has no such instruction.	The sentence ends in a colon and promises a step, but no code chunk or further text follows it before the next heading. The Russian reader looks for a package-loading command that does not exist and may believe the page is truncated or that a required step is missing.	high
data_used	ru	Contact Tracing / Отслеживание контактов	S13.P1	untrue	chapters/data_used.qmd:158-158	chapters/data_used.ru.qmd:154-154	The English NOTE invites the reader to contribute alternative sample data or content for the page. The Russian NOTE says instead that the reader should contact the team if they want to use alternative data or materials for this page.	The Russian reader reads a solicitation for contributions as an offer of support, so a reader who has alternative Go.Data-style sample data does not realise the handbook team is asking for it, and a reader wanting to use other data may write in expecting help that is not on offer.	medium
data_used	ru	Case linelist / Построчный список случаев	S9.P3	added	chapters/data_used.qmd:97-99	chapters/data_used.ru.qmd:90-90	The Russian adds the claim that using the .rds linelist means only minimal cleaning is needed after importing the data into R ('Это позволит вам выполнить лишь минимальную вычистку после импорта данных в R'). The English case linelist section says only that the .rds file is R-specific and preserves column classes.	The extra sentence sets an expectation about how much cleaning the clean linelist still needs, which the English does not make in this section. In English that claim is attached to the malaria count data only, so the Russian reader generalises a statement the original scopes elsewhere.	medium
data_used	tr	Download offline handbook / Cevrimdisi el kitabi indirme	S2.P1	missing	chapters/data_used.qmd:22-24	chapters/data_used.tr.qmd:12-17	The offline handbook is obtained by right-clicking the link https://github.com/appliedepi/epirhandbook/raw/main/offline_long/index.html and selecting 'Save link as'.	The Turkish section is titled 'Download offline handbook' but contains no download URL and no download instruction at all, so a Turkish reader cannot obtain the offline handbook from this page.	high
data_used	tr	Download offline handbook / Cevrimdisi el kitabi indirme	S2.P1	missing	chapters/data_used.qmd:26-26	chapters/data_used.tr.qmd:12-17	On a Mac use Cmd+click, on mobile press and hold and select 'Save link'; if a screen of raw HTML code appears the instructions were not followed correctly.	A Turkish reader on a Mac or a phone gets no platform-specific instruction, and if the browser shows raw HTML instead of saving the file the reader has no explanation of what went wrong.	high
data_used	tr	Download offline handbook / Cevrimdisi el kitabi indirme	S2.P1	added	chapters/data_used.qmd:18-20	chapters/data_used.tr.qmd:17-17	The Turkish bullet list adds a fourth item instructing the reader to install the appliedepidata R package containing all example data, with installation described below.	A Turkish reader is told that installing appliedepidata is one of the considerations for offline use of the handbook, which the English list does not state; the English list covers only load time, layout, and the Suggested packages page.	medium
data_used	tr	Case linelist / Vaka satir listesi	S9.P1	untrue	chapters/data_used.qmd:90-90	chapters/data_used.tr.qmd:74-74	The Turkish text says 'the links below' ('Asagidaki linkler') refer to the fictional Ebola outbreak data; the English says 'This is a fictional Ebola outbreak', and what follows in both files are get_data() code chunks, not links.	A Turkish reader looks for download links that do not exist in the section and may not realise the data are loaded with the get_data() calls shown in the code chunks.	medium
data_used	tr	Flexdashboard / Esnek pano	S12.P1	missing	chapters/data_used.qmd:132-132	chapters/data_used.tr.qmd:122-122	The flexdashboard files are R Markdown/HTML source files, not example datasets, so they are not part of the appliedepidata package and must be downloaded directly from Github.	A Turkish reader may search appliedepidata with get_data() for the dashboard files, find nothing, and not understand that these files exist only as direct Github downloads.	high
data_used	tr	Contact Tracing / Temasli Izleme	S13.P1	missing	chapters/data_used.qmd:139-139	chapters/data_used.tr.qmd:129-129	The Go.Data contact tracing data is not part of the appliedepidata package.	A Turkish reader may try to load the contact tracing data with appliedepidata::get_data() instead of using the .rds download links, and will fail without knowing why.	high
data_used	tr	Phylogenetic trees / Filogenetik agaclar	S15.P1	untrue	chapters/data_used.qmd:183-183	chapters/data_used.tr.qmd:169-169	The Turkish text states the data were obtained from Salmonella and Shigella ('Salmonella ve Shigella'dan elde edilen bu veriler'); the English states the provider is the Belgian National Reference Centre for Salmonella and Shigella, and the samples are 299 Shigella sonnei samples only.	A Turkish reader believes the phylogenetic dataset contains Salmonella material as well as Shigella, and may misinterpret the tree, which is built from Shigella sonnei whole genome sequencing alone.	medium
data_used	tr	Time series and outbreak detection / Zaman serileri ve salgin tespiti	S17.P1	untrue	chapters/data_used.qmd:232-232	chapters/data_used.tr.qmd:222-222	The English points the reader to the Time series and outbreak detection page at time_series.qmd; the Turkish link target is epidemic_models.tr.qmd, a different page that is excluded from the book build (_quarto.yml line 163 marks epidemic_models.qmd as EXCLUDED).	A Turkish reader who follows the link does not reach the Time series and outbreak detection chapter; the link resolves to a page that is not built, so the reader cannot find the analysis that uses the campylobacter_germany data.	high
data_used	vn	Download offline handbook / Tải sách ngoại tuyến	S2.P1	missing	chapters/data_used.qmd:22-26	chapters/data_used.vn.qmd:12-17	The English gives the actual download instruction for the offline handbook: right-click the link https://github.com/appliedepi/epirhandbook/raw/main/offline_long/index.html and select "Save link as" (Cmd+click on Mac, press-and-hold on mobile), plus the note that a screen of raw HTML means the instructions were not followed. The Vietnamese section contains no download link and no download instruction at all.	A Vietnamese reader reaches the end of the section titled "Tải sách ngoại tuyến" (Download offline handbook) with no way to download it: there is no URL and no procedure, so the section cannot be acted on.	high
data_used	vn	Download offline handbook / Tải sách ngoại tuyến	S2.P1	added	chapters/data_used.qmd:18-20	chapters/data_used.vn.qmd:17-17	The Vietnamese bullet list carries a fourth bullet, "Cài đặt package **appliedepidata** của chúng tôi trong đó chứa tất cả các dữ liệu minh họa (quy trình cài đặt được mô tả bên dưới)", instructing the reader to install the appliedepidata package as a step of preparing for offline use. The English list of offline-use considerations has three bullets and does not include this item.	A Vietnamese reader is told installing appliedepidata is part of the offline-handbook preparation checklist, which the English does not claim; if the bullet list later drifts from the English source, the two versions give different offline preparation steps.	high
data_used	vn	Case linelist / Dữ liệu linelist	S9.P2	added	chapters/data_used.qmd:97-99	chapters/data_used.vn.qmd:82-82	The Vietnamese prose beside the linelist_cleaned_rds chunk claims "Điều này đảm bảo bạn sẽ có ít việc phải làm khi làm sạch số liệu sau khi nhập số liệu vào R" (this ensures you will have only minimal cleaning to do after importing the data into R). The English text beside the same object says only that the .rds file preserves column classes and is used for all other linelist pages; it makes the minimal-cleaning claim only for the malaria dataset, not for the linelist.	A Vietnamese reader is led to expect the cleaned linelist .rds needs almost no further cleaning, a guarantee the English does not make for this dataset, so they may skip the cleaning steps the Cleaning data chapter still expects.	medium
data_used	vn	Flexdashboard	S12.P1	missing	chapters/data_used.qmd:132-132	chapters/data_used.vn.qmd:122-122	The English states that the Flexdashboard files are R Markdown/HTML source files rather than example datasets, that they are therefore not part of the appliedepidata package, and that they must be downloaded directly from Github. The Vietnamese sentence says only "Dưới đây là các liên kết đến tệp được dùng trong chương Dashboards với R Markdown" and drops all three points.	A Vietnamese reader may search appliedepidata with get_data() for the flexdashboard files, find nothing, and not understand that these files are only available by direct Github download.	high
data_used	vn	Contact Tracing / Truy vết tiếp xúc	S13.P1	missing	chapters/data_used.qmd:139-139	chapters/data_used.vn.qmd:129-129	The English states "This data is not part of **appliedepidata**" about the Go.Data contact tracing data. The Vietnamese sentence omits that clause entirely and goes straight from the Go.Data attribution to the download links.	A Vietnamese reader may try appliedepidata::get_data() for the contact tracing datasets and fail, without being told that these data live outside the package and must come from the WHO Github links.	high
data_used	vn	Time series and outbreak detection / Chuỗi thời gian và phát hiện ổ dịch	S17.P1	untrue	chapters/data_used.qmd:232-232	chapters/data_used.vn.qmd:213-213	The English points the reader to the Time series and outbreak detection page at time_series.qmd. The Vietnamese link targets epidemic_models.vn.qmd, a different chapter; the Vietnamese time series chapter exists at chapters/time_series.vn.qmd and other Vietnamese chapters (moving_average.vn.qmd:110, dates.vn.qmd:618) link to it under exactly that name.	A Vietnamese reader following the link is sent to the epidemic modelling chapter, or to a broken link, instead of the time series and outbreak detection chapter where the campylobacter and German weather data are actually used.	high
dates	es	Messy dates / Fechas desordenadas	S11.P1	untrue	chapters/dates.qmd:253-253	chapters/dates.es.qmd:253-253	The English sends the reader to further reading about parse_date(); the Spanish sends the reader to further reading about guess_dates() in the linelist package, a different function that this section never uses.	A Spanish reader follows the link and reads the reference page for guess_dates() from the retired linelist package, which documents different arguments and behaviour from the parse_date() call shown in the code chunk immediately below, and may conclude they must install linelist rather than parsedate.	high
dates	es	Messy dates / Fechas desordenadas	S11.P1	code_mismatch	chapters/dates.qmd:255-261	chapters/dates.es.qmd:255-261	The Spanish prose says parse_date() reads the value "03 Ene 2018" and returns 2018-01-03, but the executed chunk beside it passes "03 Jany 2018", a token that is not a month name in English or Spanish (the English chunk passes the valid "03 January 2018").	The printed output the Spanish reader sees does not match the stated result, so they cannot tell whether parse_date() failed on their own messy input or whether the example itself is broken, and copying the example gives an unparsed value.	medium
dates	es	Date intervals / Intervalos de fechas	S19.P1	untrue	chapters/dates.qmd:434-434	chapters/dates.es.qmd:435-435	The English step 1 requires that both dates be of class Date; the Spanish step 1 requires only that both dates be of the same type ("del mismo tipo").	A Spanish reader who has two character columns of identical type believes the precondition is met, subtracts them, and gets an error rather than a difftime, with no hint that conversion to class Date is the missing step.	high
dates	es	**base** R / R **base**	S7.P2	untrue	chapters/dates.qmd:128-128	chapters/dates.es.qmd:125-125	The Spanish states that %b, the abbreviated month, gives "enero, febrero"; the English gives "Jan, Feb", and %b never produces a full month name.	A Spanish reader expects format(x, "%b") to print "enero" and sees "ene", and cannot distinguish %b from %B because the Spanish list gives both the identical example "enero, febrero".	medium
dates	es	**base** R / R **base**	S7.P2	untrue	chapters/dates.qmd:121-121	chapters/dates.es.qmd:119-119	The Spanish states that %a, the abbreviated weekday, gives "lunes, martes, miércoles"; the English gives "Mon, Tue, Wed", and %a never produces a full weekday name.	A Spanish reader expects format(x, "%a") to print "lunes" and sees "lun", and cannot tell %a apart from %A because the Spanish examples for the two are effectively identical.	medium
dates	es	`format()`	S21.P1	untrue	chapters/dates.qmd:497-497	chapters/dates.es.qmd:498-498	In the date-display abbreviation list the Spanish states that %b, the abbreviated month, gives "enero, febrero"; the English gives "Jan, Feb".	A Spanish reader choosing a display format for a figure axis picks %b expecting "enero" and gets "ene", and has no example distinguishing %b from %B when deciding which to use.	medium
dates	es	`format()`	S21.P1	untrue	chapters/dates.qmd:490-490	chapters/dates.es.qmd:491-491	In the date-display abbreviation list the Spanish states that %a, the abbreviated weekday, gives "lunes, martes, miércoles"; the English gives "Mon, Tue, Wed".	A Spanish reader picks %a expecting a full weekday name in the formatted output and gets a three-letter abbreviation, with no example left that shows what %A adds.	medium
dates	fr	Epidemiological weeks > **lubridate**	S24.P1	untrue	chapters/dates.qmd:566-566	chapters/dates.fr.qmd:576-576	The English lists the literal R strings accepted by floor_date()'s unit = argument as "second", "minute", "hour", "day", "month", "year"; the French translates these literal argument values into French words ("seconde", "minute", "heure", "jour", "mois", "année"), which are not valid values of unit =.	A French reader who copies the listed values writes floor_date(date, unit = "seconde") or unit = "année" and gets an error from lubridate, with nothing in the page explaining that the unit strings must be in English.	high
dates	fr	Convert to Date > **lubridate**	S8.P1	untrue	chapters/dates.qmd:150-150	chapters/dates.fr.qmd:154-154	The English says the lubridate helper FUNCTIONS are named after abbreviations of date formats; the French says the SYNONYMS are named after date-format abbreviations ("les synonymes sont nommés d'après les abréviations des formats de date").	The French reader never learns why the functions are called ymd(), mdy() and dmy(), so the naming rule that lets them pick the right helper for a new date layout is lost, and they are instead told something false about the date synonyms (01 / Jan / January).	high
dates	fr	Convert to Date > **lubridate**	S8.P2	added	chapters/dates.qmd:158-158	chapters/dates.fr.qmd:162-162	The French adds "Cette fonction fonctionne avec n'importe quel séparateur utilisé dans les variables" (ymd() works with ANY separator used in the variables); the English segment states only that ymd() flexibly converts year-then-month-then-day values, and elsewhere claims only "a variety of separators".	The French reader is told an unrestricted guarantee, so an unusual separator that ymd() cannot parse reads as a bug rather than as an unsupported format, and they will not fall back to as.Date(format = ) or parse_date().	medium
dates	fr	Date display > Month-Year	S22.P3	added	chapters/dates.qmd:555-555	chapters/dates.fr.qmd:565-565	The French adds that scale_x_yearmon() is used "pour ajuster la façon dont les dates sont affichées sur le graphique" (to adjust how dates are displayed on the plot); the English only states that zoo offers as.yearqtr() and that scale_x_yearmon() can be used with ggplot(), without stating what it adjusts.	Minor: the French reader takes scale_x_yearmon() to be a date-label formatting control, when the English makes no claim about what it does, so they may reach for it instead of scale_x_date(date_labels = ) for display formatting.	low
dates	jp	### **base** R	S7.P1	untrue	chapters/dates.qmd:102-102	chapters/dates.jp.qmd:94-94	English says that when dates are supplied as numbers you must give as.Date() the ORIGIN DATE; the Japanese says you must specify the FORMAT of the original date (元の日付の形式を指定します).	A Japanese reader with Excel serial numbers looks for a strptime format string instead of the origin= argument, and their as.Date() call fails or returns wrong dates. The instruction also contradicts the same file's own Excel section (dates.jp.qmd:221, 231), which correctly says to pass the origin date to origin=.	high
dates	jp	### **lubridate**	S8.P1	untrue	chapters/dates.qmd:150-150	chapters/dates.jp.qmd:140-140	English says the lubridate helper FUNCTIONS are named after abbreviations of date formats; the Japanese instead attributes the abbreviation-derivation to the date SYNONYMS (日付フォーマットの略語に由来した日付の同義語), and never states that the function names encode the date-part order.	A Japanese reader is not told that ymd/mdy/dmy are themselves the year-month-day abbreviations, so they must infer the naming rule from the examples and are more likely to pick the wrong helper for an unlisted order such as year-day-month.	medium
dates	jp	### Epiweek alternatives	S26.P1	untrue	chapters/dates.qmd:611-611	chapters/dates.jp.qmd:585-585	English says tsibble::yearweek() is another alternative FOR time series; the Japanese says it is suitable INSTEAD OF time series (時系列の代わりに).	A Japanese reader understands yearweek() as a replacement for time-series analysis rather than as a week-format helper intended for use inside time-series work, and may skip it when following the Time series and outbreak detection chapter that the same sentence points to.	medium
dates	pt	### `format()`	S21.P1	untrue	chapters/dates.qmd:500-500	chapters/dates.pt.qmd:481-481	The strptime code %Y produces a 7-digit year. The English states %Y is a 4-digit year (e.g. 1989).	A Portuguese reader learns that %Y yields 7 digits, which is impossible for a year, and cannot reconcile it with the accompanying example 1989; the reader may pick a different code when a 4-digit year is required.	high
dates	pt	### `format()`	S21.P1	untrue	chapters/dates.qmd:489-489	chapters/dates.pt.qmd:470-470	The 001-366 day-of-year number is a 'July day' (Julho). The English says it is the Julian day.	A Portuguese reader is told the day-of-year numbering relates to the month of July, so the meaning of %j is lost; the same reader saw the correct term 'dia Juliano' in the earlier list in the same chapter and now has two conflicting definitions.	high
dates	pt	## Date display	S20.P1	untrue	chapters/dates.qmd:480-480	chapters/dates.pt.qmd:461-461	The undesired default date display that motivates reformatting is '05/01/2018' (DD/MM/YYYY). The English gives '2018-01-05' (the R default YYYY-MM-DD).	A Portuguese reader is shown a DD/MM/AAAA string as R's starting display, contradicting the chapter's repeated statement that Date values display as AAAA-MM-DD, and may conclude no reformatting is needed to get an ISO date.	high
dates	pt	### **base** R	S7.P2	untrue	chapters/dates.qmd:133-133	chapters/dates.pt.qmd:127-127	The strptime abbreviation for minutes is %M (uppercase). The English list gives %m for minutes.	The Portuguese and English lists give different codes for minutes, so a reader cross-checking the two handbooks gets contradictory guidance on which abbreviation to pass to format = .	medium
dates	pt	### `format()`	S21.P1	untrue	chapters/dates.qmd:502-502	chapters/dates.pt.qmd:483-483	The strptime abbreviation for minutes is %M (uppercase). The English list gives %m for minutes.	The Portuguese and English lists give different codes for minutes in the format() section, so a reader cross-checking the two handbooks gets contradictory guidance on which abbreviation to pass to format().	medium
dates	pt	## Resources	S29.P1	untrue	chapters/dates.qmd:713-714	chapters/dates.pt.qmd:681-681	The statmethods 'Online tutorial' and the r-bloggers 'Date formats' post are one resource, joined as 'Tutorial Online de Formatos de datas'. The English lists them as two independent resources on separate lines.	A Portuguese reader reads one entry where the English has two, and is told the statmethods tutorial is about the r-bloggers date-formats material, so the independent scope of each link is lost.	low
dates	ru	Converting dates/time zones	S27.P1	untrue	chapters/dates.qmd:621-621	chapters/dates.ru.qmd:621-621	The Russian says a tz database time zone is assigned to the data frame object ('объекту датафрейма'); the English says it is attributed to the datetime object.	A Russian reader looks for a way to set a time zone on a whole data frame instead of on the datetime column, and cannot map the sentence onto the with_tz()/force_tz() calls in the chunk below, which operate on a datetime value.	high
dates	ru	Epidemiological weeks > lubridate	S24.P1	missing	chapters/dates.qmd:564-564	chapters/dates.ru.qmd:564-564	The English points the reader to the Grouping data chapter with a working cross-reference, [Grouping data](grouping.qmd); the Russian keeps only the bare label [Группирование данных] with no link target.	The Russian reader sees a non-clickable bracketed phrase and has no route to the Grouping data chapter, which is where the fuller date-grouping examples live.	medium
dates	ru	Epidemiological weeks > Weekly counts	S25.P1	missing	chapters/dates.qmd:574-574	chapters/dates.ru.qmd:574-574	The English points the reader to the Grouping data chapter with a working cross-reference, [Grouping data](grouping.qmd), for the explanation of count(), group_by() and summarise(); the Russian keeps only the bare label [Группирование данных] with no link target.	The Russian reader cannot reach the chapter that explains count(), group_by() and summarise(), and must work from the brief example alone.	medium
dates	ru	Epidemiological weeks > Epiweek alternatives	S26.P1	missing	chapters/dates.qmd:611-611	chapters/dates.ru.qmd:611-611	The English points the reader to the Time series and outbreak detection chapter with a working cross-reference, [Time series and outbreak detection](time_series.qmd), for the yearweek() demonstration; the Russian keeps only the bare label [Временные ряды и обнаружение вспышек] with no link target.	The Russian reader cannot reach the chapter that demonstrates tsibble::yearweek(), so the stated demonstration is unreachable.	medium
dates	tr	Working with dates / Tarihlerle çalışma	S1.P1	untrue	chapters/dates.qmd:18-18	chapters/dates.tr.qmd:18-18	English states that a SEPARATE class exists which stores objects with date and time ('there is also a class that stores objects with date *and* time'); the Turkish states that the Date class itself is a class that stores date and time objects ('Bu sınıf ayrıca gün *ve* saat nesnelerini saklayan bir sınıftır').	The Turkish reader concludes the Date class holds a time component, so they expect as.Date()/ymd() output to retain hours and minutes and do not understand why the separate POSIXct/datetime classes (and the ymd_hms() family taught later in the chapter) are needed at all.	high
dates	tr	Messy dates / Karışık tarihler	S11.P1	code_mismatch	chapters/dates.qmd:253-261	chapters/dates.tr.qmd:253-261	The Turkish prose names the parsedate function as `parse_dates()` (twice, lines 253 and 255), but the adjacent chunk and every other reference in the chapter call `parse_date()`; `parse_dates()` does not exist in the parsedate package.	A Turkish reader who types the function name given in the prose gets 'could not find function "parse_dates"' and cannot reproduce the messy-date parsing example.	high
dates	tr	Messy dates / Karışık tarihler	S11.P1	code_mismatch	chapters/dates.qmd:255-261	chapters/dates.tr.qmd:255-261	The Turkish prose says the example vector of character dates is "03 Oca 2018", "07/03/1982" and "08/20/85", but the chunk beside it parses c("03 Janry 18", "07/03/1982", "8-20-1985") - two of the three inputs differ from the prose (the English prose and English chunk agree on "03 January 2018" / "08/20/85").	The Turkish reader cannot match the stated inputs to the printed output, so they cannot verify which raw formats parse_date() actually accepts, which is the entire point of the example.	high
dates	tr	Extract time / Saati ayıklama	S15.P1	code_mismatch	chapters/dates.qmd:367-377	chapters/dates.tr.qmd:367-377	The Turkish prose says the time_period column is built with `case_while()` logic, but the chunk immediately below uses `case_when()`; `case_while()` is not a dplyr function.	A Turkish reader searching for or typing case_while() gets an error and cannot find any documentation, and may believe the chunk's case_when() is a typo rather than the correct function.	high
dates	tr	Extract time / Saati ayıklama	S15.P2	code_mismatch	chapters/dates.qmd:379-379	chapters/dates.tr.qmd:379-379	The Turkish cross-reference tells the reader to see the cleaning chapter to learn more about `case_while()`, whereas the English points to `case_when()`, which is the function used in the preceding chunk and the one documented in the cleaning chapter.	The Turkish reader goes to the cleaning chapter looking for case_while(), finds no such function, and may abandon the cross-reference instead of reading the case_when() material it points at.	high
dates	vn	Messy dates / Ngày lộn xộn	S11.P1	untrue	chapters/dates.qmd:253-253	chapters/dates.vn.qmd:254-254	The Vietnamese states that the messy-date reader is `guess_dates()` from the **linelist** package; the English states it is `parse_date()` from the **parsedate** package.	A Vietnamese reader looks for a function and a package that the chapter never loads (the chunk in Preparation loads **parsedate**, not **linelist**), so the documented call fails with 'could not find function "guess_dates"'. The documentation link also sends the reader to linelist reference pages instead of the parse_date documentation.	high
dates	vn	Messy dates / Ngày lộn xộn	S11.P1	code_mismatch	chapters/dates.qmd:255-261	chapters/dates.vn.qmd:256-262	The Vietnamese prose says `guess_dates` converts the example character vector, but the code chunk immediately beside it calls `parsedate::parse_date()`.	A Vietnamese reader cannot connect the described function to the code shown, and may believe the printed output came from `guess_dates()` when it came from `parse_date()`, which has different defaults and no error tolerance.	high
dates	vn	Messy dates / Ngày lộn xộn	S11.P1	added	chapters/dates.qmd:253-253	chapters/dates.vn.qmd:254-254	The Vietnamese adds an installation instruction: if the function is not on CRAN for R 4.0.2, install with `pacman::p_load_gh("reconhub/linelist")`. The English has no such sentence.	A Vietnamese reader installs an off-CRAN GitHub package that this chapter does not otherwise use, and ties the instruction to an R version (4.0.2) that the English handbook never mentions.	high
dates	vn	Messy dates / Ngày lộn xộn	S11.P2	added	chapters/dates.qmd:261-264	chapters/dates.vn.qmd:264-268	The Vietnamese adds a bulleted list of arguments (`error_tolerance` default 0.1 or 10 percent, `last_date` default today, `first_date` default fifty years before last_date). The English segment between the two chunks is empty and documents no such arguments.	A Vietnamese reader tries to pass `error_tolerance =`, `last_date =` or `first_date =` to the function the chapter actually uses, `parse_date()`, which accepts none of them, and the call errors.	high
dates	vn	Load packages / Gọi packages	S3.P1	untrue	chapters/dates.qmd:30-30	chapters/dates.vn.qmd:31-31	The Vietnamese says `library()` from **base** R can both load and install packages ('gọi và cài đặt'); the English says `library()` loads packages that are already installed, and attributes installation only to `p_load()`.	A Vietnamese reader expects `library(pkg)` to install a missing package and is left with 'there is no package called ...' with no idea that `install.packages()` or `p_load()` is required first. It also erases the stated reason for preferring `p_load()`.	medium
dates	vn	**base** R (Convert to Date)	S7.P2	untrue	chapters/dates.qmd:132-134	chapters/dates.vn.qmd:133-135	The Vietnamese strptime table gives `%H` = hours, `%M` = minutes, `%S` = seconds; the English table at the same place gives `%h` = hours, `%m` = minutes, `%s` = seconds.	The two editions instruct different format codes for the same three components. The Vietnamese codes are the ones R actually uses, so a reader who cross-checks against the English edition, or an editor syncing the two files, is given contradictory rules and may 'correct' the working Vietnamese table back to the broken English one.	high
dates	vn	`format()` (Date display)	S21.P1	untrue	chapters/dates.qmd:501-503	chapters/dates.vn.qmd:508-510	The Vietnamese strptime table in the Date display section gives `%H` = hours, `%M` = minutes, `%S` = seconds; the English table at the same place gives `%h` = hours, `%m` = minutes, `%s` = seconds.	Same divergence as in the base R section, repeated. A reader comparing the two editions gets two different answers for how to format a time inside `format()`, and only the Vietnamese one produces the intended output.	high
deduplication	es	Deduplicate elements in a vector / De-duplicar elementos en un vector	S9.P2	code_mismatch	chapters/deduplication.qmd:219-219	chapters/deduplication.es.qmd:213-213	The subsetting operator used to return duplicated elements is the square bracket; the Spanish says the operator is the parenthesis ("paréntesis"), while the code chunk immediately below is x[duplicated(x)].	A Spanish reader who follows the prose literally writes x(duplicated(x)) instead of x[duplicated(x)], which errors with 'attempt to apply non-function', and is left believing R subsets vectors with parentheses.	medium
deduplication	es	Overwrite values/hierarchy / Sobrescribir valores/jerarquía	S17.P2	code_mismatch	chapters/deduplication.qmd:598-598	chapters/deduplication.es.qmd:587-587	The value written into and displayed in the symptoms_ever column is the literal string "Yes"; the Spanish states the displayed value is "Sí", but the untranslated chunk at es.qmd:570-584 assigns str_detect(.x, "Yes") ~ "Yes" and the table at es.qmd:589-592 renders "Yes".	A Spanish reader looks for "Sí" in the rendered cases_clean table and does not find it, and may conclude the code did not run or that the recode produces localised values, so a copied case_when on "Sí" would match nothing.	medium
deduplication	fr	Here is the data frame / Voici le tableau de données	S5.P1	untrue	chapters/deduplication.qmd:64-64	chapters/deduplication.fr.qmd:64-64	The English places the interactive filter boxes along the TOP of the table ("the filter boxes along the top"), matching filter = "top" in the adjacent DT::datatable() call; the French says "au-dessous" (below the table).	A French reader looks underneath the rendered table for filter boxes that are rendered above it, and may conclude the interactive filtering demonstration is broken or absent, so they skip the exercise of reviewing each person's encounters.	medium
deduplication	fr	Keep only unique rows / Garder seulement les lignes uniques	S8.P3	untrue	chapters/deduplication.qmd:186-186	chapters/deduplication.fr.qmd:186-186	The English says that unless .keep_all = TRUE is set, all columns not mentioned in distinct() will be DROPPED (removed from the result); the French says they "seront ignorées" (will be ignored), which asserts only that they are not used, not that they are removed.	A French reader who omits .keep_all = TRUE expects the unmentioned columns still to be present in the returned data frame, and is surprised when downstream code referencing e.g. date or symptoms_ever fails with an unknown-column error.	medium
deduplication	fr	Deduplicate elements in a vector / Dédupliquer les éléments d'un vecteur	S9.P2	code_mismatch	chapters/deduplication.qmd:219-223	chapters/deduplication.fr.qmd:219-223	The English tells the reader to use BRACKETS to subset the original vector, matching the adjacent chunk x[duplicated(x)]; the French tells the reader to use "des parenthèses" (parentheses), which the adjacent chunk does not use.	A French reader following the prose writes x(duplicated(x)) instead of x[duplicated(x)] and gets an "attempt to apply non-function" error, and learns the wrong subsetting syntax for every later base R example in the chapter.	medium
deduplication	jp	Keep only unique rows	S8.P1	added	chapters/deduplication.qmd:159-159	chapters/deduplication.jp.qmd:150-150	The translation inserts a translator's note (訳注) asserting that the English sentence is in error and that distinct() removes the SECOND row for "adam", not the first, because the first of a set of duplicates is retained. The English states only that the first row (for "adam") was 100% duplicated and has been removed, and makes no claim that any statement is an error.	The Japanese reader is told the source text is wrong and learns a row-retention rule about distinct() that the English chapter never states here, so the two language versions teach a different account of which physical row survives de-duplication.	high
deduplication	jp	Keep only unique rows	S8.P1	added	chapters/deduplication.qmd:159-159	chapters/deduplication.jp.qmd:150-150	The translation inserts a second translator's note (訳注：削除されるのは 4 行目) asserting that the row actually deleted in the "amrish" pair is row 4. The English states that row 3 (for "amrish") is the one removed and contains no such correction.	The Japanese reader concludes that row 4 is removed while the English reader concludes row 3 is removed; a reader cross-checking the printed output or writing code that depends on which record survives gets a different answer depending on the language read.	high
deduplication	jp	Roll-up values into one row	S16.P1	untrue	chapters/deduplication.qmd:481-481	chapters/deduplication.jp.qmd:452-452	The translation says that if you want to keep NA values you delete `paste0(.x)`. The English says na.omit() removes NA values and that na.omit() itself is the thing to remove, leaving `paste0(.x)` in place.	A Japanese reader who follows the instruction deletes the paste0() call that performs the roll-up, which removes the collapsing step entirely instead of preserving NA values, so the summarise() no longer produces the concatenated one-row-per-group output the section is teaching.	medium
deduplication	jp	Examine duplicate rows	S7.P1	untrue	chapters/deduplication.qmd:98-98	chapters/deduplication.jp.qmd:94-94	The translation states that "these 2 columns" (この 2 列) are 100% duplicates. The English states that the first two ROWS of obs are 100% duplicates; no claim is made about two duplicated columns.	In a chapter whose whole subject is the difference between evaluating rows and evaluating columns, the reader is told the duplication is between two columns, which inverts the unit of duplication being demonstrated by get_dupes().	low
deduplication	pt	Substituir valores/hierarquia (Overwrite values/hierarchy)	S17.P2	code_mismatch	chapters/deduplication.qmd:598	chapters/deduplication.pt.qmd:597	The prose claims that after the chunk runs, a person who ever answered affirmatively shows only that single affirmative value in symptoms_ever; the Portuguese chunk tests str_detect(.x, "Sim") while the data values are "Yes"/"No", so no row can ever become "Sim" and a rolled value such as "No; Yes; Yes" is rewritten to "No" by the second branch.	A Portuguese reader running the chunk sees the opposite of what the text promises: people who did report symptoms are labelled "No". Anyone copying this hierarchy pattern into real cleaning code silently inverts a Yes/No/Unknown priority rule.	high
deduplication	pt	Subdividão com grupos (Slice with groups)	S12.P1	code_mismatch	chapters/deduplication.qmd:323	chapters/deduplication.pt.qmd:323	The DANGER note states Mariah has two encounters on her latest date, 6 January, and that with_ties = FALSE keeps the earlier of the two; in the Portuguese data chunk her dates parse as 2020-05-01, 2020-01-06 and 2020-01-06, so her latest date is 1 May 2020 with a single encounter and there is no tie at all.	The reader looks for the tie that the warning describes, does not find it in the printed table, and cannot see the failure mode the section exists to teach. The whole motivation for the tie-breaking example that follows is lost.	high
deduplication	pt	Subdividão com grupos (Slice with groups)	S12.P2	code_mismatch	chapters/deduplication.qmd:345	chapters/deduplication.pt.qmd:345	The prose states that the slice kept only Amrish's 5 January row and only Brian's 7 January row; with the Portuguese date strings the same chunk keeps Amrish's 2020-05-01 row and Brian's 2020-05-01 row, because the reformatted dates ("01/05/2020", "01/02/2020") are parsed by format = "%d/%m/%Y" as 1 May and 1 February.	The dates the text names do not appear in the table beside it, so the reader cannot confirm what slice_max() did and may conclude they ran the code wrongly. The corrupted example dataset also silently changes every later date-based result in the chapter.	high
deduplication	pt	Subdividão com grupos (Slice with groups)	S12.P2	code_mismatch	chapters/deduplication.qmd:350-351	chapters/deduplication.pt.qmd:350-351	The prose states that after the two-step slice the row kept for Mariah on 6 January is encounter 3 at 08:32 rather than encounter 2 at 07:25; with the Portuguese data the second slice_max() on time changes nothing and the row kept for Mariah is encounter 1 on 2020-05-01 at 12:00.	The reader cannot verify that the second slice_max() broke a tie, because in the Portuguese output no tie was broken. The technique the section teaches appears to have no effect.	high
deduplication	pt	Usando o R base (Using base R)	S10.P1	untrue	chapters/deduplication.qmd:245	chapters/deduplication.pt.qmd:245	The translation gives the command for returning unique rows as df[!duplicado(df),]; duplicado() is not an R function, and every other sentence in the same segment names duplicated().	A reader who copies the line gets 'could not find function "duplicado"' and has no way to tell from the text whether the base R idiom or their own typing is at fault.	high
deduplication	ru	### Keep all but mark them	S13.P1	untrue	chapters/deduplication.qmd:391-391	chapters/deduplication.ru.qmd:391-391	The English step 1 says to reduce/slice the original data frame to only the rows for analysis; the Russian says to reduce it to two rows ('до двух строк'), a count the English never states and that the code beside it contradicts (obs_keep groups by name and slice_max(encounter, n = 1) yields one row per person, i.e. eight rows, not two).	A Russian reader believes the two-step marking recipe reduces the data to exactly two rows, so when the chunk returns eight rows in obs_keep they conclude they ran it wrong, or they add a spurious slice to force two rows and mark the wrong records 'For analysis'.	high
deduplication	ru	## Probabilistic de-duplication	S18.P1	missing	chapters/deduplication.qmd:613-613	chapters/deduplication.ru.qmd:613-613	The English cross-reference carries a working link target to the Joining data chapter, [Joining data](joining_matching.qmd); the Russian drops the target entirely, leaving bare bracketed text '[Соединение данных]' with no destination. This is not a localised label: the same file localises every other cross-reference target (basics.ru.qmd at line 25, cleaning.ru.qmd at line 157).	The Russian reader is told the method is explained elsewhere but has no navigable route to it; the text renders as literal square brackets, so the reader must guess which chapter 'Joining data' is and search for the Probabilistic Matching section by hand.	medium
deduplication	tr	Slicing	S11.P3	untrue	chapters/deduplication.qmd:305-305	chapters/deduplication.tr.qmd:305-305	The English NOTE says top_n() has been superseded BY the slice functions; the Turkish says 'slice islevlerinin yerini alan top_n()', i.e. top_n() takes the place of the slice functions, reversing which function is deprecated.	A Turkish reader concludes top_n() is the current replacement for slice_max()/slice_min() and writes new code with a superseded dplyr function, contradicting the whole surrounding section.	high
deduplication	tr	Probabilistic de-duplication	S18.P1	missing	chapters/deduplication.qmd:613-613	chapters/deduplication.tr.qmd:613-613	The English points the reader to the Joining data page with a working link target, [Joining data](joining_matching.qmd); the Turkish writes '[Verileri birlestirme]' with no link target at all, so the cross-reference to the chapter that explains probabilistic matching is absent.	The only explanation of the probabilistic de-duplication method lives in another chapter. The Turkish reader sees literal bracket text instead of a link and cannot reach that explanation from here.	high
deduplication	tr	Keep all but mark them	S13.P1	missing	chapters/deduplication.qmd:389-389	chapters/deduplication.tr.qmd:389-389	The English recommends 'consider a two-step approach utilizing a unique recordID/encounter number'; the Turkish sentence drops the whole 'consider a two-step approach utilizing' clause and ends on the bare fragment 'benzersiz bir recordID/encounter number:'.	The Turkish reader gets a verbless fragment that never states the recommended method. The two numbered steps that follow arrive with no statement that they form the recommended two-step approach built on a unique record identifier.	high
deduplication	tr	Examine duplicate rows	S7.P3	code_mismatch	chapters/deduplication.qmd:128-128	chapters/deduplication.tr.qmd:128-128	The English says rows with the same values in the 'name' and 'purpose' columns are returned; the Turkish glosses the second column as 'amac - `name`', naming the column `name` twice, while the chunk beside it calls janitor::get_dupes(name, purpose).	A reader matching the prose to the code sees `name` given as the identifier for the purpose column and can conclude get_dupes() was called on `name` alone, which does not explain why amrish has dupe_count 3 for his three 'contact' encounters.	high
deduplication	tr	Slice with groups	S12.P1	missing	chapters/deduplication.qmd:319-319	chapters/deduplication.tr.qmd:319-319	The English states the outcome of setting with_ties = FALSE: 'We get back only one row per person.' The Turkish paragraph ends after 'Bunu onlemek icin with_ties = FALSE olarak ayarladik.' and never states that outcome.	The Turkish reader is told the setting avoids the problem but is never told the resulting guarantee of exactly one row per person, which is the point of the de-duplication step and the basis for reading the table that follows.	medium
deduplication	tr	Calculate row completeness	S14.P1	untrue	chapters/deduplication.qmd:434-434	chapters/deduplication.tr.qmd:434-434	The English says `.` within piping refers to the data frame at that point in the pipe; the Turkish says `.` refers to 'veri cercevesindeki bir nokta', i.e. a point inside the data frame, which is not what the pipe placeholder denotes.	The Turkish reader misunderstands the `.` placeholder used in rowSums(!is.na(.[,key_cols])) as pointing at a location within the data, not at the piped data frame itself, and cannot transfer the idiom to their own pipes.	medium
deduplication	tr	Load packages	S3.P1	untrue	chapters/deduplication.qmd:25-25	chapters/deduplication.tr.qmd:25-25	The English says p_load() 'installs the package if necessary *and* loads it for use'; the Turkish moves the condition to the loading step ('paketi kuran *ve* eger gerekirse kullanim icin yukleyen'), so it claims installation is unconditional and loading is conditional.	The Turkish reader can conclude p_load() reinstalls a package on every run, and may avoid it in favour of library() to prevent an unwanted reinstall.	medium
deduplication	tr	Roll-up values into one row	S16.C1	code_mismatch	chapters/deduplication.qmd:495-498	chapters/deduplication.tr.qmd:495-498	The comment beside ~paste0(na.omit(.x), collapse = '; ') says in English that the function combines non-NA values; the Turkish says it combines 'NA olmayan benzersiz degerleri' (unique non-NA values), although this chunk contains no unique() call.	The Turkish comment is identical to the one on the unique() variation (tr lines 533 and 543), so the reader loses the contrast the section is built on and expects the first roll-up to drop repeated values when it keeps every one of them. The same wrong comment repeats at tr line 516.	medium
deduplication	vn	Calculate row completeness / Tính toán độ hoàn chỉnh của hàng	S14.P1	untrue	chapters/deduplication.qmd:434-434	chapters/deduplication.vn.qmd:409-409	The English says the `.` placeholder refers to the data frame AT THAT POINT IN THE PIPE; the Vietnamese says it refers to the SOURCE data frame ("data frame nguồn") in the pipe chain.	A Vietnamese reader learns that `.` always points back to the original input data frame, so in a longer pipe (after a filter, mutate or join) they will expect `.[,key_cols]` to subset the untouched source rather than the intermediate result, and will mis-predict the value of `key_completeness`.	medium
diagrams	es	Trazado desde los datos / Plotting from dataset	S13.P4	untrue	chapters/diagrams.qmd:565-565	chapters/diagrams.es.qmd:566-566	The English says the new columns IDsource and IDtarget hold the ROW NUMBERS (position) of the source and target nodes; the Spanish says they hold 'los numeros de ruta' (route/path numbers), which is not what match(links$source, nodes$name)-1 returns.	A Spanish reader is told the columns contain some kind of route number rather than the row position of each node in the 'nodes' data frame, so the reason for subtracting 1 (to shift 1-based row positions to the 0-based indices networkD3 expects) no longer follows, and the reader cannot reason about the code when adapting it to their own node table.	medium
diagrams	es	Sintaxis / Syntax	S7.P1	untrue	chapters/diagrams.qmd:137-137	chapters/diagrams.es.qmd:136-136	The English says edge STATEMENTS can be separated with spaces, semicolons or newlines; the Spanish says the edge LABELS ('las etiquetas de las conexiones (edges)') can be so separated.	A Spanish reader applies the separator rule to label text rather than to whole edge statements, and may write labels containing bare semicolons or newlines, which is not valid DOT, instead of learning that whole statements such as 'Primary -> Secondary' are what may be separated.	low
diagrams	fr	Syntax / Syntaxe	S7.P1	untrue	chapters/diagrams.qmd:165-165	chapters/diagrams.fr.qmd:170-170	The English lists the literal Graphviz values accepted by the node attribute `shape` as ellipse, oval, diamond, egg, plaintext, point, square, triangle; the French replaces five of them with French words (ovale, diamant, ouf, texte en clair, carre) that Graphviz does not accept.	A French reader who writes shape = diamant, shape = ovale or shape = 'texte en clair' in a DOT string gets an unrecognised shape and a diagram that does not render as documented, with no hint that the value list itself was wrong.	high
diagrams	fr	Syntax / Syntaxe	S7.P1	untrue	chapters/diagrams.qmd:187-187	chapters/diagrams.fr.qmd:192-192	The English gives `dashed` as the example literal value of the edge attribute `style`; the French gives `pointille`, which is not a Graphviz style keyword.	A French reader copies style = pointille to get a dashed edge and the edge renders solid, while the same chapter's own example code at line 257 uses style = dashed, so the reader cannot tell which spelling is authoritative.	high
diagrams	fr	Complex examples / Exemples complexes	S8.P1	code_mismatch	chapters/diagrams.qmd:239-242	chapters/diagrams.fr.qmd:254-257	The prose says the example adds colours to the grouped edge, and the English chunk sets `color = darkgreen` on that grouped edge; the French chunk beside the same prose sets `couleur = darkgreen`, which is not a Graphviz attribute, so the grouped edge is not coloured dark green.	A French reader runs the shown chunk and gets a grouped edge drawn in the default black, not the dark green the surrounding text and the reference figure promise, and may conclude the colour attribute does not work on grouped edges.	medium
diagrams	jp	Import data / データをインポート	S4.P1	code_mismatch	chapters/diagrams.qmd:43-43	chapters/diagrams.jp.qmd:41-41	The translation instructs the reader to import the linelist with rio::import(); the code chunk immediately below (jp lines 43-51) calls appliedepidata::get_data(name = "linelist_cleaned_rds"), which is what the English text names.	A Japanese reader follows an import route that does not appear in any chunk on the page, and does not learn the appliedepidata::get_data() call that the shown code actually uses, so copying the visible chunk contradicts the instructions they just read.	high
diagrams	jp	Import data / データをインポート	S4.P1	added	chapters/diagrams.qmd:43-43	chapters/diagrams.jp.qmd:41-41	The translation tells the reader to click a raw GitHub URL (github.com/appliedepi/epirhandbook/raw/main/data/case_linelists/linelist_cleaned.rds) to download the cleaned linelist as an .rds file; the English has no download link and no .rds download step.	The reader is sent to a manual download workflow the English edition abandoned, and depends on an external raw-file URL that the handbook no longer maintains, instead of the package data accessor.	high
diagrams	jp	Import data / データをインポート	S4.P1	added	chapters/diagrams.qmd:43-43	chapters/diagrams.jp.qmd:41-41	The translation adds that the rio package handles many file types such as .xlsx, .csv and .rds, and cross-references the import/export chapter; the English segment contains neither claim nor that cross-reference.	The reader spends attention on rio, which this page never uses, and treats the import/export chapter as the prerequisite for this page's data step.	high
diagrams	jp	Flow diagrams / フローチャート	S5.P1	code_mismatch	chapters/diagrams.qmd:80-80	chapters/diagrams.jp.qmd:77-77	Step 6 of the basic structure closes the instructions with `}")` in the English; the translation writes `}"`, omitting the closing parenthesis of the grViz() call.	A reader who follows the numbered structure literally writes an unclosed grViz( call and gets a syntax error, with no other step in the list telling them the parenthesis is still open.	high
diagrams	jp	Syntax / 構文	S7.P1	untrue	chapters/diagrams.qmd:148-148	chapters/diagrams.jp.qmd:146-146	The English says the curly-bracket subgroup on one side of an edge is a shorthand; the translation says it is optional / can be omitted (省略可能です), which is a statement about the edge, not about the notation being an abbreviation.	The reader understands the grouped edge itself as an optional element rather than as a compact way of writing several edges, and so may drop the braces and lose the edges to every node in the group.	high
diagrams	jp	Syntax / 構文	S7.P1	untrue	chapters/diagrams.qmd:196-196	chapters/diagrams.jp.qmd:221-221	The edge attribute `minlen` is documented as minimum length in the English and as 長さの最長値 (maximum value of length) in the translation, which is the opposite bound.	The reader sets minlen expecting to cap the edge length and instead forces edges to be at least that long, producing a diagram stretched in the direction opposite to what they intended.	high
diagrams	jp	Complex examples / 複雑な例	S8.P2	code_mismatch	chapters/diagrams.qmd:312-312	chapters/diagrams.jp.qmd:331-331	In the displayed sub-graph cluster example the translation writes `Primary [label = '第一\n施設]` with no closing single quote, while the executed chunk beside it (jp line 396) and the English display block both close the string.	A reader who copies the displayed code, which is the only version shown as text to copy, gets an unterminated DOT string and a grViz() failure that does not point at the missing quote.	medium
diagrams	jp	Plotting from dataset / データセットからプロット	S13.P3	code_mismatch	chapters/diagrams.qmd:554-554	chapters/diagrams.jp.qmd:570-570	The English states that the code ensures the values are class Character before combining them; the translation instructs the reader to check that hospital and age_cat are character type before creating the name column, although the chunk beside it performs the coercion itself with as.character().	The reader believes a manual class check is required of them and may add or expect a preparatory step, while missing that as.character() in the chunk is what guarantees the type.	medium
diagrams	pt	DAGs	S15.H	untrue	chapters/diagrams.qmd:729-731	chapters/diagrams.pt.qmd:729-731	The Portuguese section title expands DAG as "Graficos ciclicos direcionados" (directed CYCLIC graphs); the English "DAGs" and the linked ggdag/dagitty material define a DAG as a directed ACYCLIC graph.	A Portuguese reader learns the defining property of a DAG backwards: acyclicity is the whole point of the structure used for causal inference, so the reader may believe cycles are permitted and misread every DAG example and the linked vignettes.	high
diagrams	pt	Import data	S4.P3	code_mismatch	chapters/diagrams.qmd:55-60	chapters/diagrams.pt.qmd:55-60	The Portuguese says "Para ver as primeiras 50 linhas do banco utilize o codigo a seguir" (to see the first 50 rows, use the code that follows); the English says the first 50 rows ARE displayed below, and the chunk that follows is set echo=F so no code is shown to the reader, only the rendered table.	The reader looks for code to copy and run, but the chunk is hidden by echo=F and only an interactive table appears, so the instruction cannot be carried out as written.	high
diagrams	pt	Syntax	S7.P1	untrue	chapters/diagrams.qmd:167-167	chapters/diagrams.pt.qmd:167-167	The Portuguese glosses the node attribute `sides` as "Tamanhos" (sizes); the English gives no gloss, and `sides` in Graphviz sets the number of sides of a polygon shape, not any size.	A reader wanting to change node size reaches for `sides`, gets a polygon with a different number of edges instead, and never finds the actual size attributes `height`, `width` and `fixedsize` listed two lines below.	high
diagrams	pt	Syntax	S7.P1	untrue	chapters/diagrams.qmd:168-168	chapters/diagrams.pt.qmd:168-168	The Portuguese glosses the node attribute `peripheries` as "Margens" (margins); the English gives no gloss, and `peripheries` in Graphviz sets the number of outlines drawn around the node shape, while margin spacing is the separate `margin` attribute.	A reader wanting to change padding inside or around a node sets `peripheries` and gets extra concentric outlines drawn on the shape instead.	medium
diagrams	ru	Syntax	S7.P1	untrue	chapters/diagrams.qmd:194-194	chapters/diagrams.ru.qmd:194-194	The Russian edge-attribute list glosses `fontcolor` as "(ширина стрелки)" = "(width of arrow)"; the English gives `fontcolor` no gloss at all and attaches "(width of arrow)" to a different attribute.	A Russian reader who wants to change the thickness of an edge sets `fontcolor`, which sets the label text colour instead. The arrow keeps its default width and the label silently changes colour, with no error to explain it.	high
diagrams	ru	Syntax	S7.P1	missing	chapters/diagrams.qmd:195-195	chapters/diagrams.ru.qmd:193-195	The English lists `penwidth` as an editable edge attribute controlling arrow width; the Russian edge-attribute list contains no `penwidth` entry (it runs `fontname`, `fontsize`, `fontcolor`, `minlen`).	A Russian reader concludes DiagrammeR offers no way to set edge line thickness and cannot find the attribute name, even though `penwidth` works and is documented one list higher for nodes.	high
diagrams	ru	Plotting from dataset	S13.P1	code_mismatch	chapters/diagrams.qmd:535-535	chapters/diagrams.ru.qmd:534-534	The Russian prose states the `hospital` and `age_cat` columns are renamed to `источник` and `цель`; the code chunk immediately below renames them to `source` and `target`, and every later step (`links$source`, `Source = "IDsource"`) depends on the English names.	A Russian reader following the prose writes `rename(источник = hospital, цель = age_cat)`, and the next chunk fails at `match(links$source, ...)` because no column `source` exists.	high
diagrams	ru	Load packages (Alluvial/Sankey Diagrams)	S12.P1	missing	chapters/diagrams.qmd:521-521	chapters/diagrams.ru.qmd:520-520	The English sends the reader to the R basics page with a working link target (`[R basics](basics.qmd)`); the Russian writes `[Основы R]` with no link target at all, so the cross-reference carries no destination.	A Russian reader who wants the background on R packages sees plain bracketed text that does not navigate anywhere and has no page filename to search for. The identical sentence earlier in the same chapter (line 31) does link correctly, so the reader cannot tell the omission is an error.	medium
diagrams	ru	Import data	S4.P1	missing	chapters/diagrams.qmd:43-43	chapters/diagrams.ru.qmd:43-43	The English makes loading the linelist conditional ("If you want to follow along for this part, load it directly with ..."); the Russian drops the condition and issues the load as an unconditional instruction ("Загрузите их напрямую с помощью ...").	A Russian reader who only wants the flow-diagram sections believes the dataset download is required for the chapter, and downloads it needlessly rather than skipping to the sections that need no data.	low
diagrams	tr	Sub-graph clusters (Complex examples / Karmaşık örnekler)	S8.P2	code_mismatch	chapters/diagrams.qmd:291-291	chapters/diagrams.tr.qmd:289-289	English says the subgraph name must begin with the literal string "cluster"; the Turkish says it must begin with "küme", while the DOT code in the very next chunk (diagrams.tr.qmd:309, 322, 327, 333) uses cluster_passive, cluster_active, cluster_EBD and cluster_CBS.	A Turkish reader who follows the prose and names a subgraph 'kume_passive' gets no bounding box at all, because Graphviz only draws a cluster box when the subgraph name starts with the reserved prefix 'cluster'. The failure is silent: the graph still renders, just without the grouping the section is teaching.	high
diagrams	tr	Syntax / Sözdizimi	S7.P1	untrue	chapters/diagrams.qmd:165-165	chapters/diagrams.tr.qmd:163-163	English lists the legal values of the node attribute `shape` as ellipse, oval, diamond, egg, plaintext, point, square, triangle; the Turkish lists elips, oval, elmas, yumurta, düz metin, nokta, kare, üçgen, which are not values DOT accepts.	A Turkish reader writing node [shape = elmas] or shape = 'düz metin' produces an invalid DOT attribute; Graphviz falls back to the default ellipse or errors, and the reader has no way to recover the correct keyword from the page.	medium
diagrams	tr	Syntax / Sözdizimi	S7.P1	untrue	chapters/diagrams.qmd:184-184	chapters/diagrams.tr.qmd:182-182	English lists the legal values of the edge attribute `arrowhead` as normal, box, crow, curve, diamond, dot, inv, none, tee, vee; the Turkish lists normal, kutu, karga, eğri, elmas, nokta, inv, yok, tee, vee, which are not values DOT accepts.	A Turkish reader writing arrowhead = yok expecting no arrowhead, or arrowhead = kutu for a box head, gets an unrecognised value and the default arrowhead instead, with no hint on the page that the keyword must stay English.	medium
diagrams	tr	Syntax / Sözdizimi	S7.P1	untrue	chapters/diagrams.qmd:187-187	chapters/diagrams.tr.qmd:185-185	English gives `dashed` as the example value of the edge attribute `style`; the Turkish gives 'kesik çizgili', which is not a DOT style value, and the code chunk beside it at diagrams.tr.qmd:282 uses style = dashed.	A Turkish reader writing style = kesik çizgili gets a solid line and a parse problem, even though the working example three sections earlier in the same file uses style = dashed.	medium
diagrams	tr	Plotting from dataset / Veri kümesinden grafik yapma	S13.P3	code_mismatch	chapters/diagrams.qmd:554-554	chapters/diagrams.tr.qmd:547-547	English says the node data frame holds the values under the column `name`; the Turkish says they are held under `sütun adı`, while the code beside it creates a column literally called name (diagrams.tr.qmd:551-554) and later passes NodeID = "name" to sankeyNetwork() (diagrams.tr.qmd:585).	A Turkish reader looking for a column called 'sütun adı' cannot connect the prose to the data frame in the chunk, and does not learn why the sankeyNetwork() argument must be NodeID = "name"; adapting the example to their own data they may rename the column and break the plot.	medium
diagrams	tr	Syntax / Sözdizimi	S7.P1	added	chapters/diagrams.qmd:141-141	chapters/diagrams.tr.qmd:139-139	The Turkish glosses RL as 'sağdan sola' (right-to-left) and BT as 'aşağıdan yukarıya' (bottom-to-top); the English lists RL and BT with no expansion at all.	None harmful: the glosses are correct. It is content the English does not carry, so the two versions teach a different amount about rankdir, and a later edit to the English list will not be reflected here.	high
diagrams	tr	Parameterized figures / Parametreli şekiller	S10.P1	untrue	chapters/diagrams.qmd:467-467	chapters/diagrams.tr.qmd:463-463	The quoted tutorial says the benefit is designing FIGURES (diagrams) inside R and reading R values into the flowcharts; the Turkish renders 'figures' as 'Rakamlar' (numerals/digits), so it states the benefit is designing numbers in R and connecting numbers to the analysis.	A Turkish reader meets 'Rakamları R içinde tasarlamak' at the start of the quote and cannot tell that the passage is about parameterising a diagram; the section heading uses the correct word 'şekiller', so the two terms conflict inside one section.	low
diagrams	vn	Syntax / Cú pháp	S7.P1	untrue	chapters/diagrams.qmd:145-145	chapters/diagrams.vn.qmd:145-145	The Vietnamese says a node label containing `\n` must be written inside double quotes ("dấu ngoặc kép"); the English says single quotes, and every worked example in the chapter uses single quotes (label = 'Primary\nFacility').	A Vietnamese reader writes label = "Primary\nFacility" inside the grViz(" ... ") character string. The inner double quote terminates the outer R string, so the code fails to parse instead of drawing the diagram.	high
diagrams	vn	Syntax / Cú pháp	S7.P1	untrue	chapters/diagrams.qmd:161-161	chapters/diagrams.vn.qmd:161-161	The Vietnamese describes the `label` node attribute as taking text "trong dấu ngoặc kép nếu nhiều từ" (in double quotes if multi-word); the English says single quotes.	A Vietnamese reader quotes multi-word labels with double quotes, which closes the surrounding grViz() string early and breaks the chunk. The same error is repeated at line 145, so nothing in the chapter corrects it.	high
diagrams	vn	Syntax / Cú pháp	S7.P1	untrue	chapters/diagrams.qmd:163-163	chapters/diagrams.vn.vn.qmd:163-163	The Vietnamese list of editable node attributes names an attribute `width of shape borderfontcolor`; the English bullet is `fontcolor` with no gloss, and the phrase "width of shape border" belongs to `penwidth` (English line 173, already translated at Vietnamese line 173).	A Vietnamese reader has no correctly spelled `fontcolor` entry to copy and may type the invalid attribute name `width of shape borderfontcolor` into a node statement, which Graphviz rejects. The duplicated border-width gloss also suggests two attributes control the border width.	high
diagrams	vn	Syntax / Cú pháp	S7.P1	untrue	chapters/diagrams.qmd:165-165	chapters/diagrams.vn.qmd:165-165	The Vietnamese presents the accepted values of the `shape` attribute as Vietnamese words (kim cương, trứng, bản rõ, điểm, hình vuông, hình tam giác); the English lists the literal DOT keywords (diamond, egg, plaintext, point, square, triangle) that must be typed verbatim.	A Vietnamese reader writes shape = trứng or shape = kim cương and gets a Graphviz error or a silently default shape, with no way to recover the real keyword from the page. The neighbouring `arrowhead` list at line 184 was left in English, so the reader gets no consistent signal about which words are literal.	medium
directories	es	### `render()` {.unnumbered}	S21.P1	missing	chapters/directories.qmd:198-198	chapters/directories.es.qmd:200-200	The English hedges the output_format values as 'typically either "html_document", "pdf_document", "word_document", ""'; the Spanish drops the hedge and gives the parenthetical list bare, so it no longer states that these are only the usual values.	A Spanish reader may take the four listed strings as the complete set of values accepted by output_format = and not look for other formats that render() supports.	low
directories	fr	`source()`	S20.P2	untrue	chapters/directories.qmd:189-189	chapters/directories.fr.qmd:189-189	The English points the reader to the Interactive console page for examples of using `source()` in question-and-answer mode; the French points to the Interactive plots page (`[Graphiques interactifs](#interactive_plots)`), a different chapter about plotly/highcharter that contains no `source()` question-and-answer examples.	A French reader who follows the link lands on the interactive-plots chapter, finds nothing about `source()` or console question-and-answer interaction, and concludes the promised examples do not exist or that they misread the instruction.	high
directories	fr	**base** R	S24.P1	code_mismatch	chapters/directories.qmd:254-262	chapters/directories.fr.qmd:254-262	The English chunk calls `here("data")` on all four lines; the French chunk calls `ici("data")`, a function that does not exist in R and is not the function the surrounding French prose (line 40) tells the reader to use.	A French reader who copies the chunk gets `Error: could not find function "ici"`, and has no way to know from the page that the intended call is `here()` from the **here** package loaded at line 21.	high
directories	fr	Imprimer le répertoire comme un arbre de dendrogramme	S4.P1	untrue	chapters/directories.qmd:30-30	chapters/directories.fr.qmd:30-30	The English names the sub-folder literally as "epidemic models"; the French renames it "modèles épidémiques", while leaving the sibling folder names "cache", "population", "shp" and "weather" in English.	A French reader looks for a folder named "modèles épidémiques" in the printed `dir_tree()` output and in the handbook data directory, and does not find one, because the directory name on disk is in English like the other four named beside it.	medium
directories	fr	Delete / Supprimer	S15	alignment_mismatch	chapters/directories.qmd:162-162	chapters/directories.fr.qmd:162-162	The English heading "Delete" is a level-2 section (`## Delete`); the French heading "Supprimer" is level 3 (`### Supprimer`).	In the French build "Supprimer" is nested under "Créer" instead of standing as its own top-level section, and its three level-3 sub-headings (Objets R, Répertoires, Fichiers) become its siblings rather than its children, so a reader scanning the table of contents cannot find the deletion topic where the English book puts it.	high
directories	fr	Running other files / Exécuter d'autres fichiers	S19	alignment_mismatch	chapters/directories.qmd:179-179	chapters/directories.fr.qmd:179-179	The English heading "Running other files" is a level-2 section (`## Running other files`); the French heading "Exécuter d'autres fichiers" is level 3 (`### Exécuter d'autres fichiers`).	In the French table of contents this section is demoted out of the top level, and its four level-3 sub-headings (`source()`, `render()`, Exécuter des fichiers dans un répertoire, Importer des fichiers dans un répertoire) appear as peers of it rather than under it, so the reader cannot see that they belong to the same topic.	high
directories	fr	Répertoires (under Supprimer)	S17	alignment_mismatch	chapters/directories.qmd:168-168	chapters/directories.fr.qmd:168-168	The English heading carries the Quarto attribute `{.unnumbered}`; the French heading carries `{.nonnuméroté}`, which is not a Quarto class and does not suppress numbering.	The French "Répertoires" heading renders with a section number while every equivalent English heading is unnumbered, and the literal text `{.nonnuméroté}` may render as visible text, so the French section numbering no longer matches the English book.	medium
directories	fr	Fichiers (under Supprimer)	S18	alignment_mismatch	chapters/directories.qmd:173-173	chapters/directories.fr.qmd:173-173	The English heading carries the Quarto attribute `{.unnumbered}`; the French heading carries `{.nonnumérotés}`, which is not a Quarto class and does not suppress numbering.	The French "Fichiers" heading renders with a section number while the English equivalent is unnumbered, and the literal text `{.nonnumérotés}` may render as visible text, so cross-references by section number between the two editions no longer agree.	medium
directories	jp	Create > Files (作成 > ファイル)	S13.P2	untrue	chapters/directories.qmd:154-154	chapters/directories.jp.qmd:154-154	English: base R file.create() TRUNCATES an existing file (the file remains, its contents are emptied). Japanese: 「この代替手段はファイルを削除します」 states that file.create() DELETES the existing file.	A Japanese reader believes file.create() removes the file from disk, so they expect the file to disappear rather than to be emptied in place, and they cannot reason correctly about a path that still exists with zero bytes after the call.	high
directories	pt	File information / Informações do arquivo	S6.P3	code_mismatch	chapters/directories.qmd:81-81	chapters/directories.pt.qmd:82-82	The English says the `$` index returns the `modification_time` value, which matches the code chunk beside it (`...$modification_time`); the Portuguese names the column `modify_time`, a name that appears nowhere in the adjacent chunk or in the `file_info()` output.	A Portuguese reader who follows the prose types `file_info(...)$modify_time` and gets NULL instead of the modification timestamp, and may conclude that `fs::file_info()` does not expose a modification time.	high
directories	tr	Check if exists > R objects	S8.P2	code_mismatch	chapters/directories.qmd:100-105	chapters/directories.tr.qmd:99-104	The argument that suppresses the generic-name match is written `inherit = FALSE` and the value printed is `TRUE`; the Turkish prose writes them as `inherit= YANLIS` and `DOGRU`, which are not R values and do not appear in the adjacent chunk (`exists("data", inherit = FALSE)`).	A Turkish reader who copies the argument as written runs `exists("data", inherit = YANLIS)` and gets 'object YANLIS not found', and cannot match the described output `DOGRU` to the printed `TRUE`.	high
directories	tr	Check if exists > R objects	S8.P3	untrue	chapters/directories.qmd:107-107	chapters/directories.tr.qmd:106-106	English: inside a function use `missing()` to check whether an ARGUMENT is present. Turkish: use `missing()` to check whether a VARIABLE ('bir degisken') exists.	A Turkish reader may believe `missing()` tests for any variable in scope and use it in place of `exists()` outside a formal-argument context, where it errors or returns a meaningless result.	low
directories	tr	List files in a directory	S5.P1	missing	chapters/directories.qmd:40-40	chapters/directories.tr.qmd:40-40	The 'data' folder whose 'population' subfolder is listed sits inside an R project; the Turkish sentence drops 'in an R project' and leaves a dangling 'icindeki' with no referent.	A Turkish reader does not learn that the path is resolved relative to an R project root, which is the precondition for `here()` returning the path shown.	low
directories	tr	List files in a directory	S5.P2	missing	chapters/directories.qmd:47-47	chapters/directories.tr.qmd:47-47	`list.files()` is identified as a **base** R alternative to `dir_ls()`; the Turkish says only 'another R alternative' and drops the base R attribution.	A Turkish reader cannot tell that `list.files()` needs no package, so the fs-versus-base contrast that organises the chapter is lost at this point.	low
directories	tr	Check if exists > R objects	S8.P1	missing	chapters/directories.qmd:94-94	chapters/directories.tr.qmd:93-93	`exists()` is stated to come from **base** R; the Turkish gives the function with no package attribution.	A Turkish reader may assume `exists()` comes from **fs** (the package under discussion in the chapter) and load fs unnecessarily, or doubt whether it is available without it.	low
directories	tr	Check if exists > Directories	S9.P2	missing	chapters/directories.qmd:119-119	chapters/directories.tr.qmd:116-116	The alternative to `is_dir()` is `file.exists()` from **base** R; the Turkish names the function but omits 'from base R'.	A Turkish reader does not learn that the alternative requires no package, the one fact the sentence exists to give.	low
directories	tr	Check if exists > Files	S10.P2	missing	chapters/directories.qmd:130-130	chapters/directories.tr.qmd:127-127	The alternative to `is_file()` is `file.exists()` from **base** R; the Turkish names the function but omits the base R attribution.	A Turkish reader does not learn that the alternative is available without **fs**.	low
directories	tr	Create > Directories	S12.P2	missing	chapters/directories.qmd:144-144	chapters/directories.tr.qmd:141-141	`dir.create()` is stated to come from **base** R; the Turkish keeps the error-versus-silent contrast but drops the base R attribution.	A Turkish reader loses the point that the differing behaviour is a base R versus **fs** difference, not two functions from the same package.	low
directories	tr	Create > Files	S13.P2	missing	chapters/directories.qmd:154-154	chapters/directories.tr.qmd:151-151	`file.create()` is stated to be the **base** R alternative to `file_create()`; the Turkish drops the base R attribution.	A Turkish reader loses the point that the truncating behaviour belongs to base R, not to **fs**.	low
directories	tr	Delete > R objects	S16.P1	missing	chapters/directories.qmd:166-166	chapters/directories.tr.qmd:163-163	`rm()` is stated to come from **base** R; the Turkish gives the function with no package attribution.	A Turkish reader is left unsure whether removing an R object needs **fs** loaded, in a section where every neighbouring function is an fs function.	low
directories	vn	### `source()`	S20.P2	missing	chapters/directories.qmd:189-189	chapters/directories.vn.qmd:189-189	Calling source() on a script is equivalent to opening that R script and clicking the "Source" button. The Vietnamese paragraph begins mid-sentence at "o phia tren ben phai cua tap lenh" ("in the upper-right of the script"); the whole opening clause naming the equivalence and the "Source" button is absent.	The Vietnamese reader gets a sentence fragment that starts with a location phrase referring to nothing, never learns that source() is the same as clicking the Source button, and cannot interpret the screenshot of the Source button inserted immediately below (chunk at lines 191-193).	high
directories	vn	### Import files in a directory	S23.P1	missing	chapters/directories.qmd:242-242	chapters/directories.vn.qmd:242-242	The purrr example splits a data frame and saves it out as multiple CSV files. The Vietnamese bullet says only "luu no ra duoi dang nhieu tap tin" ("save it out as multiple files") and drops the file format CSV.	The Vietnamese reader loses the CSV-versus-Excel contrast that the four bullets are built on, and cannot tell which of the two saving examples produces plain-text files.	medium
directories	vn	### Print directory as a dendrogram tree	S4.P1	untrue	chapters/directories.qmd:30-30	chapters/directories.vn.qmd:30-30	The Vietnamese says here() is used "de hien thi ket qua duoi dang viet toc ky" ("to display the result in shorthand form"); the English only says here() is used as shorthand for the R project root, and the accompanying code at line 34 shows here() supplying a path to dir_tree(), not displaying anything.	The Vietnamese reader may take here() to be a printing or display function rather than a path builder, and misattribute the tree output to here() instead of to fs::dir_tree().	low
editorial_style	es	Major revisions / Revisiones importantes	S8.P1	missing	chapters/editorial_style.qmd:135-147	chapters/editorial_style.es.qmd:128-130	The English lists the NEWS changes implemented in version 1.0.1 (R 4.2 update, {linelist} to {matchmaker}, guess_date() to parsedate::parse_date(), pivot_wider() id_cols= update, plot_age_pyramid() to age_pyramid(), ungroup() additions in heat plots and interactive plots, data.frame() wrappers in trending::fit()/predict(), case_when() to ifelse() in combinations analysis, epicontacts update); the Spanish has no NEWS block at all.	A Spanish reader cannot see which handbook code changed in version 1.0.1, so they cannot tell whether examples they learned earlier (for example {linelist} guess_date()) are superseded.	high
editorial_style	es	Major revisions / Revisiones importantes	S8.P1	missing	chapters/editorial_style.qmd:130-133	chapters/editorial_style.es.qmd:126-128	The English revisions table records a second release, '20 Nov 2022 | Release of version 1.0.1'; the Spanish table records only the 10 May 2021 release of version 1.0.0.	A Spanish reader believes the handbook's latest release is version 1.0.0 from May 2021 and does not know a later version exists.	high
editorial_style	es	Approach and style / Enfoque y estilo	S2.P1	untrue	chapters/editorial_style.qmd:19-19	chapters/editorial_style.es.qmd:19-19	The English invites discussion about which R packages the handbook should emphasize; the Spanish instead says debate is welcome about which packages are the most used in the handbook.	A Spanish reader misses the invitation to propose changes to the handbook's package choices, and instead reads the sentence as being about a descriptive fact of current usage.	medium
editorial_style	es	Editorial decisions / Decisiones editoriales	S7.P1	untrue	chapters/editorial_style.qmd:122-122	chapters/editorial_style.es.qmd:118-118	The English rationale for choosing forcats is that its various functions also convert data to factor within the same command; the Spanish states that its various functions themselves become factors in the same command.	A Spanish reader gets a nonsensical rationale and misses the actual advantage of forcats, that one forcats call both reorders/recodes and coerces the column to factor.	low
editorial_style	fr	Major revisions / Révisions majeures	S8.P1	missing	chapters/editorial_style.qmd:147-147	chapters/editorial_style.fr.qmd:151-151	The English NEWS list for version 1.0.1 includes a ninth change: 'Transmission chains: Update to more recent version of {epicontacts}'. The French list stops after the combinations-analysis bullet and never mentions the epicontacts update.	A French reader auditing what changed in version 1.0.1 does not learn that the Transmission chains chapter was updated to a newer {epicontacts} version, so they may keep an older {epicontacts} installed and hit code in that chapter that no longer matches their package version.	high
editorial_style	fr	Editorial decisions / Choix techniques	S7.P1	untrue	chapters/editorial_style.qmd:119-119	chapters/editorial_style.fr.qmd:124-124	In the 'Clean column names' table row, the English 'Considered' cell lists **linelist** and **janitor**; the French cell lists **matchmaker** and **janitor**, stating that matchmaker was the package weighed against janitor for cleaning column names.	A French reader is told that **matchmaker** is an alternative for cleaning column names. matchmaker is a value-recoding/dictionary package, not a column-name cleaner, so a reader who follows the table to explore the rejected option searches the wrong package and cannot find the equivalent of janitor::clean_names().	high
editorial_style	fr	R packages / Paquets R	S3.P1	added	chapters/editorial_style.qmd:42-42	chapters/editorial_style.fr.qmd:46-46	The French text claims that writing package::function() makes it easier to reuse the code in your own work ('rend plus facile la réutilisation du code chez vous'). The English only says the notation may look redundant and that it is done on purpose, giving no reuse benefit.	The French reader takes away a specific justification (code reuse) that the English never asserts, and misses the English point that the redundancy is deliberate rather than an oversight.	medium
editorial_style	fr	Code style / Choix d'yn style de code	S4.P3	added	chapters/editorial_style.qmd:75-75	chapters/editorial_style.fr.qmd:79-79	The French text conditions automatic indentation on the editor: 'Lorsque vous écrivez dans Rstudio (ou un éditeur décent), l'indentation se fera automatiquement'. The English states unconditionally that starting a new line after a comma applies automatic indentation patterns, with no mention of RStudio or of editor quality.	A French reader working in a plain text editor concludes their tooling is inadequate, and a reader in RStudio may believe the indentation behaviour is an RStudio feature rather than a property of how the code is written.	medium
editorial_style	fr	Editorial decisions / Choix techniques	S7.P1	added	chapters/editorial_style.qmd:118-118	chapters/editorial_style.fr.qmd:123-123	In the 'Pivoting' table row, the French rationale adds a parenthetical claim that there are official recommendations to use **tidyr** ('recommandations officielles d'utiliser **tidyr**'). The English rationale states only that **reshape2** is retired.	A French reader may look for, or cite, an official recommendation that the handbook does not source and that the English original does not claim exists.	low
editorial_style	fr	Editorial decisions / Choix techniques	S7.P1	missing	chapters/editorial_style.qmd:122-122	chapters/editorial_style.fr.qmd:127-127	The English rationale for choosing **forcats** is that its various functions ALSO CONVERT TO FACTOR in the same command. The French rationale says only that different functions transform factors in the same command, dropping the conversion-to-factor point.	A French reader loses the actual reason forcats was chosen over base factor(): that a single forcats call both converts a column to a factor and reorders or recodes it, so they may still call factor() first and then a forcats function.	low
editorial_style	jp	Approach and style / アプローチとスタイル	S2.P1	missing	chapters/editorial_style.qmd:19-19	chapters/editorial_style.jp.qmd:19-19	The handbook is intended to be a living document.	The Japanese reader does not learn that the handbook is continuously updated, so they may treat the package choices as fixed and not expect or seek revised editions.	high
editorial_style	jp	Editorial decisions / 編集上の決定事項	S7.P1	untrue	chapters/editorial_style.qmd:114-114	chapters/editorial_style.jp.qmd:114-114	The English outcome cell says data.table is covered by a single dedicated page while tidyverse is the general approach; the Japanese cell reads that tidyverse is used in the data.table-related chapters, which the English does not state.	The Japanese reader misreads the scope of data.table coverage and may expect data.table code throughout the handbook rather than in one page.	medium
editorial_style	jp	Editorial decisions / 編集上の決定事項	S7.P1	untrue	chapters/editorial_style.qmd:117-117	chapters/editorial_style.jp.qmd:117-117	The Japanese rationale states that dplyr group_by() is as important as tidyverse; the English states the choice is consistent with the handbook's emphasis on tidyverse.	The stated reason for choosing dplyr group_by() over stats aggregate() becomes an importance ranking rather than a consistency argument, so the reader cannot follow the editorial logic.	low
editorial_style	jp	Editorial decisions / 編集上の決定事項	S7.P1	untrue	chapters/editorial_style.qmd:106-106	chapters/editorial_style.jp.qmd:106-106	The discussion page is at https://github.com/appliedepi/epirhandbook; the English gives https://github.com/appliedepi/epirhandbook_eng.	A Japanese reader who wants to propose a tool or disagree with an editorial decision is sent to a different repository than the English reader, so the message may not reach the maintainers of this handbook.	low
editorial_style	pt	Major revisions / Principais revisões	S8.P1	missing	chapters/editorial_style.qmd:133-133	chapters/editorial_style.pt.qmd:130-131	The English revisions table states that version 1.0.1 was released on 20 Nov 2022; the Portuguese table lists only the 10 May 2021 release of version 1.0.0.	A Portuguese reader concludes the newest handbook version is 1.0.0 from May 2021, does not know a later 1.0.1 release exists, and cannot tell which version the text they are reading corresponds to.	high
editorial_style	pt	Major revisions / Principais revisões	S8.P1	missing	chapters/editorial_style.qmd:135-147	chapters/editorial_style.pt.qmd:131-132	The English has a NEWS block listing the ten changes implemented in version 1.0.1 (update to R 4.2; Data cleaning switched {linelist} to {matchmaker} and removed a line from the `case_when()` example; Dates switched {linelist} `guess_date()` to {parsedate} `parse_date()`; Pivoting update to `pivot_wider()` `id_cols=`; Survey analysis switched `plot_age_pyramid()` to `age_pyramid()` plus an alluvial plot code change; Heat plots added `ungroup()` to the `agg_weeks` chunk; Interactive plots added `ungroup()` so `expand()` works; Time series added `data.frame()` inside all `trending::fit()` and `predict()` calls; Combinations analysis switched `case_when()` to `ifelse()` and added optional `across()` code; Transmission chains updated to a newer {epicontacts}); the Portuguese chapter has no NEWS block at all.	A Portuguese reader gets no changelog: they will not know that the handbook targets R 4.2, that {linelist} was replaced by {matchmaker} and {parsedate}, or that several chunks changed, so they cannot reconcile older code they copied earlier with the current text and cannot judge whether their Portuguese pages are up to date.	high
editorial_style	ru	Notes / Примечания	S6.P1	missing	chapters/editorial_style.qmd:99-100	chapters/editorial_style.ru.qmd:99-100	The English enumerates two distinct note labels, CAUTION (orange) and DANGER (red); the Russian renders both with the identical label ВНИМАНИЕ, so the two note types are no longer distinguished by name.	A Russian reader of this legend cannot learn that the handbook has a separate, higher-severity DANGER note; when a red ВНИМАНИЕ box appears later in the handbook it reads as the same class of note as an orange one, so the severity signal the English legend defines is lost.	medium
editorial_style	tr	Major revisions / Büyük güncellemeler	S8.P1	missing	chapters/editorial_style.qmd:130-133	chapters/editorial_style.tr.qmd:131-133	Version 1.0.1 of the handbook was released on 20 Nov 2022. The English revision table carries this row; the Turkish table stops at the 10 May 2021 row for version 1.0.0.	A Turkish reader believes the latest handbook release is 1.0.0 from May 2021 and cannot tell which version of the text they are reading.	high
editorial_style	tr	Major revisions / Büyük güncellemeler	S8.P1	missing	chapters/editorial_style.qmd:135-147	chapters/editorial_style.tr.qmd:133-135	The English section carries a NEWS block listing nine substantive changes implemented in version 1.0.1 (update to R 4.2; {linelist} replaced by {matchmaker} in data cleaning; guess_date() replaced by parsedate::parse_date(); pivot_wider() id_cols= update; plot_age_pyramid() replaced by age_pyramid(); ungroup() added to the agg_weeks chunks in heat plots and interactive plots; data.frame() added around trending::fit()/predict() objects; case_when() switched to ifelse() plus optional across() code in combinations analysis; {epicontacts} updated). The Turkish section has no NEWS block at all.	A Turkish reader does not learn that packages and functions used elsewhere in the handbook were replaced, so they may follow retired code (for example {linelist} guess_date()) that the English edition explicitly records as superseded.	high
editorial_style	tr	Editorial decisions / Editöryal Kararlar	S7.P1	untrue	chapters/editorial_style.qmd:123-123	chapters/editorial_style.tr.qmd:124-124	In English, 'dependability' is the stated rationale for choosing incidence2 and ggplot2 for epidemic curves, and it sits in its own rationale cell. The Turkish row has only three cells and folds the word into a claim that ggplot2 is 'detailed and dependable', so dependability becomes a property attributed to ggplot2 alone rather than the reason for the decision.	A Turkish reader reads the rationale column as empty for this row and infers that incidence2 is fast but not dependable, which the English text does not say.	high
editorial_style	tr	Editorial decisions / Editöryal Kararlar	S7.P1	untrue	chapters/editorial_style.qmd:120-120	chapters/editorial_style.tr.qmd:121-121	English gives the epiweeks rationale as lubridate's flexibility, consistency, and its prospects for continued package maintenance. Turkish states that lubridate is 'flexible, consistent and an option that preserves the other packages' (diger paketleri koruyan bir secenek), which asserts something about lubridate's effect on other packages instead of about lubridate's own maintenance outlook.	A Turkish reader takes away a false technical property of lubridate and loses the actual selection criterion, which is whether the package will keep being maintained.	high
editorial_style	tr	Editorial decisions / Editöryal Kararlar	S7.P1	untrue	chapters/editorial_style.qmd:124-124	chapters/editorial_style.tr.qmd:125-125	English states that str_glue() is within the stringr package. Turkish states that str_glue() 'contains stringr functions' (stringr fonksiyonlarini icerir), reversing the containment relationship between the function and the package.	A Turkish reader may not realise stringr is the package to install or load in order to use str_glue().	medium
editorial_style	tr	Editorial decisions / Editöryal Kararlar	S7.P1	untrue	chapters/editorial_style.qmd:112-112	chapters/editorial_style.tr.qmd:113-113	The English second column is headed 'Considered', naming every option that was weighed. The Turkish header is 'Paket' (Package), while the column's own contents include bare functions such as library(), install.packages(), require(), factor(), paste(), labs() and ggtitle().	A Turkish reader loses the fact that the column lists the alternatives that were evaluated, and the header is contradicted by the function names inside the column.	low
editorial_style	tr	Editorial decisions / Editöryal Kararlar	S7.P1	untrue	chapters/editorial_style.qmd:119-119	chapters/editorial_style.tr.qmd:120-120	English gives the janitor rationale as 'Consolidation of packages emphasized', that is, keeping the number of distinct packages down. Turkish says 'Paketlerin birlikte kullanimi vurgulanmaktadir' (the joint use of packages is emphasised), which states the opposite editorial principle.	A Turkish reader infers the handbook favours combining more packages, when the stated policy is to reduce how many packages a task needs.	low
editorial_style	vn	Major revisions	S8.P1	missing	chapters/editorial_style.qmd:130-133	chapters/editorial_style.vn.qmd:127-129	Version 1.0.1 of the handbook was released on 20 November 2022.	The Vietnamese revision table ends at the 10 May 2021 v1.0.0 release, so a reader believes the handbook has had only one release and cannot tell which version the text they are reading corresponds to.	high
editorial_style	vn	Major revisions	S8.P1	missing	chapters/editorial_style.qmd:135-147	chapters/editorial_style.vn.qmd:129-130	Version 1.0.1 implemented a listed set of changes: update to R 4.2; data cleaning switched {linelist} to {matchmaker} and removed an unnecessary line from the case_when() example; dates switched {linelist} guess_date() to {parsedate} parse_date(); pivoting updated pivot_wider() id_cols=; survey analysis switched plot_age_pyramid() to age_pyramid() and changed the alluvial plot code; heat plots added ungroup() to the agg_weeks chunk; interactive plots added ungroup() to the agg_weeks chunk so expand() works; time series added data.frame() inside all trending::fit() and predict() calls; combinations analysis switched case_when() to ifelse() and added optional across() code; transmission chains updated to a more recent {epicontacts}.	The whole NEWS block is absent from the Vietnamese chapter, so a Vietnamese reader does not learn that guess_date() was replaced by parse_date(), that {linelist} was replaced by {matchmaker}, or any other v1.0.1 change, and may follow superseded code from other chapters without knowing it changed.	high
editorial_style	vn	Editorial decisions	S7.P1	untrue	chapters/editorial_style.qmd:120-120	chapters/editorial_style.vn.qmd:114-114	lubridate was chosen for epiweeks because of its flexibility (English), not because it is easy to read (translation).	A Vietnamese reader learns the wrong selection criterion for date handling: readability rather than flexibility, so when judging an alternative package for epiweeks they weigh the wrong property.	high
editorial_style	vn	Editorial decisions	S7.P1	untrue	chapters/editorial_style.qmd:123-123	chapters/editorial_style.vn.qmd:120-120	The rationale for choosing incidence2 and ggplot2 for epidemic curves is dependability.	The Vietnamese cell reads "tuy theo" (it depends), which states no rationale at all, so a reader cannot see why these two packages were selected over EpiCurve and may read the row as an unresolved choice.	high
