source	destination	blob
.github/scripts/check_workflow_vars.py	archive/.github/scripts/check_workflow_vars.py	1222b940e84b4b776b61df15745084a295491a5e
_translation.R	archive/_translation.R	e89ecf2a2460a47ce37cddcd7407f10919a0e68f
chapters/across.es.qmd	archive/chapters/across.es.qmd	b85344de24284a5acce7e67975f29875792d69cb
chapters/across.fr.qmd	archive/chapters/across.fr.qmd	b85344de24284a5acce7e67975f29875792d69cb
chapters/across.jp.qmd	archive/chapters/across.jp.qmd	b85344de24284a5acce7e67975f29875792d69cb
chapters/across.pt.qmd	archive/chapters/across.pt.qmd	b85344de24284a5acce7e67975f29875792d69cb
chapters/across.tr.qmd	archive/chapters/across.tr.qmd	b85344de24284a5acce7e67975f29875792d69cb
chapters/across.vn.qmd	archive/chapters/across.vn.qmd	b85344de24284a5acce7e67975f29875792d69cb
chapters/apply_functions.es.qmd	archive/chapters/apply_functions.es.qmd	60981157df76b9e79a0909931e4e47b8926937d4
chapters/apply_functions.fr.qmd	archive/chapters/apply_functions.fr.qmd	892d3205972efdfbabf19dbeb790ea8ee976fc7f
chapters/apply_functions.jp.qmd	archive/chapters/apply_functions.jp.qmd	60981157df76b9e79a0909931e4e47b8926937d4
chapters/apply_functions.pt.qmd	archive/chapters/apply_functions.pt.qmd	60981157df76b9e79a0909931e4e47b8926937d4
chapters/apply_functions.qmd	archive/chapters/apply_functions.qmd	60981157df76b9e79a0909931e4e47b8926937d4
chapters/apply_functions.tr.qmd	archive/chapters/apply_functions.tr.qmd	60981157df76b9e79a0909931e4e47b8926937d4
chapters/apply_functions.vn.qmd	archive/chapters/apply_functions.vn.qmd	60981157df76b9e79a0909931e4e47b8926937d4
chapters/cat_about_book.es.qmd	archive/chapters/cat_about_book.es.qmd	7714b5e62316073496dc73a2ab522b9cdbaa07d5
chapters/cat_about_book.fr.qmd	archive/chapters/cat_about_book.fr.qmd	cd84a71d85e7287b3ce5239e854266ac067506cd
chapters/cat_about_book.jp.qmd	archive/chapters/cat_about_book.jp.qmd	f33ed59c8db253e8ed40ab1617a6f526b57f81fa
chapters/cat_about_book.pt.qmd	archive/chapters/cat_about_book.pt.qmd	c014798bebb68ad1b519d3eb845a3fbb60475b46
chapters/cat_about_book.qmd	archive/chapters/cat_about_book.qmd	1346c605da7245235d18b6493020787beddaa0ce
chapters/cat_about_book.ru.qmd	archive/chapters/cat_about_book.ru.qmd	08712af573e084f559937908d4cf1b3016f9621b
chapters/cat_about_book.tr.qmd	archive/chapters/cat_about_book.tr.qmd	1346c605da7245235d18b6493020787beddaa0ce
chapters/cat_about_book.vn.qmd	archive/chapters/cat_about_book.vn.qmd	bde30325ec8303c2a3c64411f4004579f8f5a2a9
chapters/cat_advanced.es.qmd	archive/chapters/cat_advanced.es.qmd	f2e4e8040921699d143777139eabbc5db92b93f6
chapters/cat_advanced.fr.qmd	archive/chapters/cat_advanced.fr.qmd	77f96f950d86ee6f7858660252046ad74ce7ab64
chapters/cat_advanced.jp.qmd	archive/chapters/cat_advanced.jp.qmd	e7928d79826460fff1109593481cde0cc9bb17ae
chapters/cat_advanced.pt.qmd	archive/chapters/cat_advanced.pt.qmd	a051c4e5d29623f95f1ec940043af0df7ae3d966
chapters/cat_advanced.qmd	archive/chapters/cat_advanced.qmd	31c22cde08df577fd6dde519c142c20d2873fd59
chapters/cat_advanced.ru.qmd	archive/chapters/cat_advanced.ru.qmd	9f2e4a349a08db9df6732b59825d386bf8b20fee
chapters/cat_advanced.tr.qmd	archive/chapters/cat_advanced.tr.qmd	31c22cde08df577fd6dde519c142c20d2873fd59
chapters/cat_advanced.vn.qmd	archive/chapters/cat_advanced.vn.qmd	31c22cde08df577fd6dde519c142c20d2873fd59
chapters/cat_analysis.es.qmd	archive/chapters/cat_analysis.es.qmd	f5edc5467fbc292f91befaa2551d5734eea75ce3
chapters/cat_analysis.fr.qmd	archive/chapters/cat_analysis.fr.qmd	945f7d026ba6d58ed87cf7a5da13944ba7b349fc
chapters/cat_analysis.jp.qmd	archive/chapters/cat_analysis.jp.qmd	b678834a41a2c2789452b541b21c588e20969136
chapters/cat_analysis.pt.qmd	archive/chapters/cat_analysis.pt.qmd	b526f20d3e11748edac953e6cf62370c236c799c
chapters/cat_analysis.qmd	archive/chapters/cat_analysis.qmd	581ee1d37759f69abe36a39f1a527044dfcf2cf0
chapters/cat_analysis.ru.qmd	archive/chapters/cat_analysis.ru.qmd	0fd6282352f176effb244d6da88b3916ef1169c9
chapters/cat_analysis.tr.qmd	archive/chapters/cat_analysis.tr.qmd	581ee1d37759f69abe36a39f1a527044dfcf2cf0
chapters/cat_analysis.vn.qmd	archive/chapters/cat_analysis.vn.qmd	ccfd17b71e79fcd6fc61cbd47858db1dd3ba2be7
chapters/cat_basics.es.qmd	archive/chapters/cat_basics.es.qmd	1636cac43a662548450c88bf5963835397810136
chapters/cat_basics.fr.qmd	archive/chapters/cat_basics.fr.qmd	c237f6fd84405579935f0e791d61c14e77f233a8
chapters/cat_basics.jp.qmd	archive/chapters/cat_basics.jp.qmd	754765ad48bb123ea0d262832102751c13eeb81a
chapters/cat_basics.pt.qmd	archive/chapters/cat_basics.pt.qmd	9a214cde1ee935158debbd872d71f3fca4488cbe
chapters/cat_basics.qmd	archive/chapters/cat_basics.qmd	e5d4d5c362e469993c122f8aa145d82d98e3c43a
chapters/cat_basics.ru.qmd	archive/chapters/cat_basics.ru.qmd	360fcc6a1f5f0c1ad87bc2c637779759c30f86d1
chapters/cat_basics.tr.qmd	archive/chapters/cat_basics.tr.qmd	ecb1d40945dfdafef480f79a80a98f24b461b8e9
chapters/cat_basics.vn.qmd	archive/chapters/cat_basics.vn.qmd	a52993722785148b29fd625abda7f39065c4382f
chapters/cat_data_management.es.qmd	archive/chapters/cat_data_management.es.qmd	3bfb7216cc271ec68e3599e9cccea54df0caadd0
chapters/cat_data_management.fr.qmd	archive/chapters/cat_data_management.fr.qmd	0411fa3e71a54e3493c0dc18c602520b87ccd5e7
chapters/cat_data_management.jp.qmd	archive/chapters/cat_data_management.jp.qmd	b8063261b13414279d38018afb20685ea17f4457
chapters/cat_data_management.pt.qmd	archive/chapters/cat_data_management.pt.qmd	437b6ba1b5cefae1fb39822932384ababff4d590
chapters/cat_data_management.qmd	archive/chapters/cat_data_management.qmd	71c35fcd5ec9dec1978a29d56edaa7be10ded273
chapters/cat_data_management.ru.qmd	archive/chapters/cat_data_management.ru.qmd	99d6c2991377a12827c9505f7e295e247a3f2f4c
chapters/cat_data_management.tr.qmd	archive/chapters/cat_data_management.tr.qmd	71c35fcd5ec9dec1978a29d56edaa7be10ded273
chapters/cat_data_management.vn.qmd	archive/chapters/cat_data_management.vn.qmd	f212112567a91a6cd5190c034b271f7cf6692899
chapters/cat_data_viz.es.qmd	archive/chapters/cat_data_viz.es.qmd	80eef368219ae33a17e381085a3627112459e91b
chapters/cat_data_viz.fr.qmd	archive/chapters/cat_data_viz.fr.qmd	89d47718a92f819dba3f6b5abdc5f81dd4432239
chapters/cat_data_viz.jp.qmd	archive/chapters/cat_data_viz.jp.qmd	97f4060071976691fa5f3ecc582a2a63d7370187
chapters/cat_data_viz.pt.qmd	archive/chapters/cat_data_viz.pt.qmd	8805f4b79acaad1e3cc22bb9e9b29a51d2254dd5
chapters/cat_data_viz.qmd	archive/chapters/cat_data_viz.qmd	443ef916ef6f59a21bfe4ae0713f82ae31506f70
chapters/cat_data_viz.ru.qmd	archive/chapters/cat_data_viz.ru.qmd	460bf1b8c53007fdcd56f4e6c18f7286a85e6c91
chapters/cat_data_viz.tr.qmd	archive/chapters/cat_data_viz.tr.qmd	443ef916ef6f59a21bfe4ae0713f82ae31506f70
chapters/cat_data_viz.vn.qmd	archive/chapters/cat_data_viz.vn.qmd	fd42d8cac2f465e17fe8448eb4bb46af31c0941f
chapters/cat_introduction.es.qmd	archive/chapters/cat_introduction.es.qmd	7714b5e62316073496dc73a2ab522b9cdbaa07d5
chapters/cat_introduction.fr.qmd	archive/chapters/cat_introduction.fr.qmd	cd84a71d85e7287b3ce5239e854266ac067506cd
chapters/cat_introduction.jp.qmd	archive/chapters/cat_introduction.jp.qmd	f33ed59c8db253e8ed40ab1617a6f526b57f81fa
chapters/cat_introduction.pt.qmd	archive/chapters/cat_introduction.pt.qmd	c014798bebb68ad1b519d3eb845a3fbb60475b46
chapters/cat_introduction.qmd	archive/chapters/cat_introduction.qmd	1346c605da7245235d18b6493020787beddaa0ce
chapters/cat_introduction.ru.qmd	archive/chapters/cat_introduction.ru.qmd	08712af573e084f559937908d4cf1b3016f9621b
chapters/cat_introduction.tr.qmd	archive/chapters/cat_introduction.tr.qmd	1346c605da7245235d18b6493020787beddaa0ce
chapters/cat_introduction.vn.qmd	archive/chapters/cat_introduction.vn.qmd	1346c605da7245235d18b6493020787beddaa0ce
chapters/cat_misc.es.qmd	archive/chapters/cat_misc.es.qmd	fc6e71f06acc43c3cbd2e31fceb97f377fd762ea
chapters/cat_misc.fr.qmd	archive/chapters/cat_misc.fr.qmd	f83440e0bdf601e9d20189abaa5368215137992f
chapters/cat_misc.jp.qmd	archive/chapters/cat_misc.jp.qmd	fb740cc6e4c415cba4c0f465c878a4816732771e
chapters/cat_misc.pt.qmd	archive/chapters/cat_misc.pt.qmd	f9115afd4eef2441dabc99407c73e6094ee042e5
chapters/cat_misc.qmd	archive/chapters/cat_misc.qmd	f97b19d9380764c47a8d684e08fece2b0b8f2d75
chapters/cat_misc.ru.qmd	archive/chapters/cat_misc.ru.qmd	4b175c4161c09ceef57de3f582fdaa50bcd6fcd2
chapters/cat_misc.tr.qmd	archive/chapters/cat_misc.tr.qmd	f97b19d9380764c47a8d684e08fece2b0b8f2d75
chapters/cat_misc.vn.qmd	archive/chapters/cat_misc.vn.qmd	972438098c35287f6004f9a90fb4d56c7ef9df72
chapters/cat_preview.es.qmd	archive/chapters/cat_preview.es.qmd	df6a20c7dd94cc5bae4c5846062fdeb0f82fed28
chapters/cat_preview.fr.qmd	archive/chapters/cat_preview.fr.qmd	2bc39755f197e7f6a918dbab2e01bae9ac928890
chapters/cat_preview.jp.qmd	archive/chapters/cat_preview.jp.qmd	9bea9d4d018d9da84c233952224726cf9c23e707
chapters/cat_preview.pt.qmd	archive/chapters/cat_preview.pt.qmd	7d8c071bf0115c73c55055db939613e5d388cb0b
chapters/cat_preview.qmd	archive/chapters/cat_preview.qmd	df6a20c7dd94cc5bae4c5846062fdeb0f82fed28
chapters/cat_preview.ru.qmd	archive/chapters/cat_preview.ru.qmd	ec5595e6a58b897fe2d31b36e11dea24c06faf5d
chapters/cat_preview.tr.qmd	archive/chapters/cat_preview.tr.qmd	df6a20c7dd94cc5bae4c5846062fdeb0f82fed28
chapters/cat_preview.vn.qmd	archive/chapters/cat_preview.vn.qmd	df6a20c7dd94cc5bae4c5846062fdeb0f82fed28
chapters/cat_reports_dashboards.es.qmd	archive/chapters/cat_reports_dashboards.es.qmd	8e62d4872192b62760927c92ac498f6e533d73f1
chapters/cat_reports_dashboards.fr.qmd	archive/chapters/cat_reports_dashboards.fr.qmd	c012420d4fe77064a9d5ad328148bac89b4fe79f
chapters/cat_reports_dashboards.jp.qmd	archive/chapters/cat_reports_dashboards.jp.qmd	2fd7b548f03f64c0feb91d97881afdf99f6b43b7
chapters/cat_reports_dashboards.pt.qmd	archive/chapters/cat_reports_dashboards.pt.qmd	f7e92bda44e60baa3fd5cb4944d88dd3f1ff8517
chapters/cat_reports_dashboards.qmd	archive/chapters/cat_reports_dashboards.qmd	fc4935f3b861ac1e92687158f6b0b9dd72065664
chapters/cat_reports_dashboards.ru.qmd	archive/chapters/cat_reports_dashboards.ru.qmd	8178df6496e2f5bd46bd497bc57370de4f165830
chapters/cat_reports_dashboards.tr.qmd	archive/chapters/cat_reports_dashboards.tr.qmd	fc4935f3b861ac1e92687158f6b0b9dd72065664
chapters/cat_reports_dashboards.vn.qmd	archive/chapters/cat_reports_dashboards.vn.qmd	924912bf2c84c0020fc482d1cf5deb36e5f5d458
chapters/descriptive_statistics.es.qmd	archive/chapters/descriptive_statistics.es.qmd	c0ecaccc2b0ddd0300fe866c2d75afad8a3f58ff
chapters/descriptive_statistics.fr.qmd	archive/chapters/descriptive_statistics.fr.qmd	b89564ed7c8f0ffb7f644bf88339276847f2b28d
chapters/descriptive_statistics.jp.qmd	archive/chapters/descriptive_statistics.jp.qmd	8c88157c8bc6b07002912b4ebb79a497574b2f38
chapters/descriptive_statistics.pt.qmd	archive/chapters/descriptive_statistics.pt.qmd	b4dcb6e675e3a1584b868dc8915d0bd1bc54fad7
chapters/descriptive_statistics.qmd	archive/chapters/descriptive_statistics.qmd	7e742efb48c56df463216b0b6965005ac9e2e11e
chapters/descriptive_statistics.tr.qmd	archive/chapters/descriptive_statistics.tr.qmd	97af0f115a5ae3ebe65a323548c669b8fe2d1ba9
chapters/descriptive_statistics.vn.qmd	archive/chapters/descriptive_statistics.vn.qmd	dc619ab36b022c929e30d919392cd249c5c22911
chapters/first_page.es.qmd	archive/chapters/first_page.es.qmd	ce941a3e8c3f4daa1f471d423afc47c6b1303e52
chapters/first_page.pt.qmd	archive/chapters/first_page.pt.qmd	ce941a3e8c3f4daa1f471d423afc47c6b1303e52
chapters/first_page.tr.qmd	archive/chapters/first_page.tr.qmd	ce941a3e8c3f4daa1f471d423afc47c6b1303e52
chapters/first_page.vn.qmd	archive/chapters/first_page.vn.qmd	ce941a3e8c3f4daa1f471d423afc47c6b1303e52
chapters/ggplot_basics_old.es.qmd	archive/chapters/ggplot_basics_old.es.qmd	9f4f964928d790412d186878b8935c9bd55f9126
chapters/ggplot_basics_old.fr.qmd	archive/chapters/ggplot_basics_old.fr.qmd	8b5239b318519e004acf0cf6f387e07ff78e5917
chapters/ggplot_basics_old.pt.qmd	archive/chapters/ggplot_basics_old.pt.qmd	a5bbd6bffffce007f65a376b35730b9e3e87fbca
chapters/ggplot_basics_old.tr.qmd	archive/chapters/ggplot_basics_old.tr.qmd	a10e4ee98fb2b1575311028f04dc029d19696739
chapters/ggplot_basics_old.vn.qmd	archive/chapters/ggplot_basics_old.vn.qmd	5d49179340045761435fe54110b571c484c042b2
chapters/modeling.es.qmd	archive/chapters/modeling.es.qmd	cd6415a89e2da3908243b4f6e24a3976c2b74cfa
chapters/modeling.fr.qmd	archive/chapters/modeling.fr.qmd	cd6415a89e2da3908243b4f6e24a3976c2b74cfa
chapters/modeling.jp.qmd	archive/chapters/modeling.jp.qmd	cd6415a89e2da3908243b4f6e24a3976c2b74cfa
chapters/modeling.pt.qmd	archive/chapters/modeling.pt.qmd	cd6415a89e2da3908243b4f6e24a3976c2b74cfa
chapters/modeling.qmd	archive/chapters/modeling.qmd	cd6415a89e2da3908243b4f6e24a3976c2b74cfa
chapters/modeling.ru.qmd	archive/chapters/modeling.ru.qmd	a47601252f847563d28a31f340cdedb7651f459b
chapters/modeling.tr.qmd	archive/chapters/modeling.tr.qmd	cd6415a89e2da3908243b4f6e24a3976c2b74cfa
chapters/modeling.vn.qmd	archive/chapters/modeling.vn.qmd	cd6415a89e2da3908243b4f6e24a3976c2b74cfa
chapters/plot_continuous.es.qmd	archive/chapters/plot_continuous.es.qmd	0e69236a2faf867e43733ad82de905990e2d293a
chapters/plot_continuous.fr.qmd	archive/chapters/plot_continuous.fr.qmd	cc89bf09b618fcf852d12292facc4e654726ccb2
chapters/plot_continuous.jp.qmd	archive/chapters/plot_continuous.jp.qmd	6697bbffff7e0671ddd0652d4a54f5f5be03c9a2
chapters/plot_continuous.pt.qmd	archive/chapters/plot_continuous.pt.qmd	3c1194aaeab42e9bcb22a109c5aa4dd258153211
chapters/plot_continuous.qmd	archive/chapters/plot_continuous.qmd	50f09394d1615eb50f2168569a81e8bc1cf3dd84
chapters/plot_continuous.tr.qmd	archive/chapters/plot_continuous.tr.qmd	4eeb6a2490081ba8f35d0d63ca097f4d6a0f985f
chapters/plot_continuous.vn.qmd	archive/chapters/plot_continuous.vn.qmd	23476672a451955cf5fbc7be94b270acff68c328
chapters/plot_discrete.es.qmd	archive/chapters/plot_discrete.es.qmd	dc5f55be52fe5f7dd756955a5dd443705eff71df
chapters/plot_discrete.fr.qmd	archive/chapters/plot_discrete.fr.qmd	dadcfb96437c2db0e90d21a237802db26143e956
chapters/plot_discrete.jp.qmd	archive/chapters/plot_discrete.jp.qmd	ed68ea1fc796b7e2aa238a9b6358d956564a9bf3
chapters/plot_discrete.pt.qmd	archive/chapters/plot_discrete.pt.qmd	d8a7090be78f021f18761cc01e8072607f77ed57
chapters/plot_discrete.qmd	archive/chapters/plot_discrete.qmd	6860c6addbac7132ab0f4b47f4ed6534a56e1e78
chapters/plot_discrete.tr.qmd	archive/chapters/plot_discrete.tr.qmd	62f4f9d9f6b83133d589d1267d5ed3233f79e95d
chapters/plot_discrete.vn.qmd	archive/chapters/plot_discrete.vn.qmd	ef55c899a38ab8bf33049cd26868c7aae5d83311
chapters/relational_databases.es.qmd	archive/chapters/relational_databases.es.qmd	4ca25582b11a243f1fe0ee50a5016b2fd3ca4732
chapters/relational_databases.fr.qmd	archive/chapters/relational_databases.fr.qmd	dab9c4bc44869142b0f862c4a0f482b1da65a68d
chapters/relational_databases.jp.qmd	archive/chapters/relational_databases.jp.qmd	d867ef423576c13fad645b878dd53571bcf07297
chapters/relational_databases.pt.qmd	archive/chapters/relational_databases.pt.qmd	af8969f8f8d88aed613b6a403de708e10108019d
chapters/relational_databases.qmd	archive/chapters/relational_databases.qmd	4318ee4053152346d58ab22f29b908f07137a642
chapters/relational_databases.tr.qmd	archive/chapters/relational_databases.tr.qmd	330344c555c6136a9dbd11d4a21fe0198db14001
chapters/relational_databases.vn.qmd	archive/chapters/relational_databases.vn.qmd	86d1acaabcecd8982cc8f85e4d30cd865aedb3e7
chapters/rstudio_advanced.es.qmd	archive/chapters/rstudio_advanced.es.qmd	e90066ae51d04063d3985e4c9b0c9472f94f22ea
chapters/rstudio_advanced.fr.qmd	archive/chapters/rstudio_advanced.fr.qmd	e90066ae51d04063d3985e4c9b0c9472f94f22ea
chapters/rstudio_advanced.jp.qmd	archive/chapters/rstudio_advanced.jp.qmd	e90066ae51d04063d3985e4c9b0c9472f94f22ea
chapters/rstudio_advanced.pt.qmd	archive/chapters/rstudio_advanced.pt.qmd	e90066ae51d04063d3985e4c9b0c9472f94f22ea
chapters/rstudio_advanced.qmd	archive/chapters/rstudio_advanced.qmd	e90066ae51d04063d3985e4c9b0c9472f94f22ea
chapters/rstudio_advanced.tr.qmd	archive/chapters/rstudio_advanced.tr.qmd	e90066ae51d04063d3985e4c9b0c9472f94f22ea
chapters/rstudio_advanced.vn.qmd	archive/chapters/rstudio_advanced.vn.qmd	e90066ae51d04063d3985e4c9b0c9472f94f22ea
contribution_guide_05-02-2021.qmd	archive/contribution_guide_05-02-2021.qmd	f8822c19e84f008799f5484099ce186808c70347
data/flexdashboard/outbreak_dashboard_shiny.Rmd	archive/data/flexdashboard/outbreak_dashboard_shiny.Rmd	3118d9cfa65d161c755a7c863af6219d2c359846
data/flexdashboard/outbreak_dashboard_test.Rmd	archive/data/flexdashboard/outbreak_dashboard_test.Rmd	00fe9b46a3b4ae38f1c47337ddf6b23e807fdb02
data/make_evd_dataset-DESKTOP-JIEUMMI.R	archive/data/make_evd_dataset-DESKTOP-JIEUMMI.R	fe4b5a6a31954de9b4e5c9d239432979441fff59
datatoremove/README.md	archive/datatoremove/README.md	66eb2f67024d30ba5ac85f6fe8bb440a3c351630
datatoremove/covid_example_data/covid_example_data.xlsx	archive/datatoremove/covid_example_data/covid_example_data.xlsx	699c7cc94914bdee4cf7abb3da671be951efc879
datatoremove/covid_example_data/covid_shapefile/FultonCountyZipCodes.cpg	archive/datatoremove/covid_example_data/covid_shapefile/FultonCountyZipCodes.cpg	3ad133c048f2189041151425a73485649e6c32c0
datatoremove/covid_example_data/covid_shapefile/FultonCountyZipCodes.dbf	archive/datatoremove/covid_example_data/covid_shapefile/FultonCountyZipCodes.dbf	24920a48c7ec47422c3b71dbcc4e77d90457e4d3
datatoremove/covid_example_data/covid_shapefile/FultonCountyZipCodes.prj	archive/datatoremove/covid_example_data/covid_shapefile/FultonCountyZipCodes.prj	556096fc1d3af7d802a75d76bb1e61a076f06710
datatoremove/covid_example_data/covid_shapefile/FultonCountyZipCodes.sbn	archive/datatoremove/covid_example_data/covid_shapefile/FultonCountyZipCodes.sbn	bd8b03091d675489d6d888c7b3f80a04960488aa
datatoremove/covid_example_data/covid_shapefile/FultonCountyZipCodes.sbx	archive/datatoremove/covid_example_data/covid_shapefile/FultonCountyZipCodes.sbx	c128958b39ce9088f2379854fbf67dccb1cd47df
datatoremove/covid_example_data/covid_shapefile/FultonCountyZipCodes.shp	archive/datatoremove/covid_example_data/covid_shapefile/FultonCountyZipCodes.shp	7b3472f1eaca02c43b4c579646db2385f692a687
datatoremove/covid_example_data/covid_shapefile/FultonCountyZipCodes.shp.xml	archive/datatoremove/covid_example_data/covid_shapefile/FultonCountyZipCodes.shp.xml	e65feae4aa86e983d7007f725357bb6e4eb2533e
datatoremove/covid_example_data/covid_shapefile/FultonCountyZipCodes.shx	archive/datatoremove/covid_example_data/covid_shapefile/FultonCountyZipCodes.shx	e522062c46f5a9295c87cf871afb841303730756
images/Epi interview image.jpg	archive/images/Epi interview image.jpg	b7fc9e2a4afabd8b0d58c713de9ff4d44ca2e72b
images/Function_Syntax_Bread_Example.png	archive/images/Function_Syntax_Bread_Example.png	9b48513992372e946b1bc079ea33ed6aa622db41
images/Github_images PPT.pptx	archive/images/Github_images PPT.pptx	03a466dafeb2b814e64b899b46a3e46f51c34a89
images/Handbook Logo PPT.pptx	archive/images/Handbook Logo PPT.pptx	56d0efdeabc250f8f14835666a7d971055bee2ee
images/R Handbook Logo smallsize.png	archive/images/R Handbook Logo smallsize.png	dce492e20d2b1d1abbb1fda637fc697e95504ada
images/R Handbook Logo-DESKTOP-JIEUMMI.png	archive/images/R Handbook Logo-DESKTOP-JIEUMMI.png	fab8a1bf20c9d0ded8dce28d0bc973bca1de39b9
images/R_data_structures-DESKTOP-JIEUMMI.png	archive/images/R_data_structures-DESKTOP-JIEUMMI.png	ba07a4253eccae3559225ed8f76fad8236725841
images/basics_header.png	archive/images/basics_header.png	14b7ba6b8e0566508179f6734aaddc521eaae236
images/cleaning_dataset_snip.png	archive/images/cleaning_dataset_snip.png	810250e34390925bd22bc509415389b32dae4bb4
images/deduplication2.png	archive/images/deduplication2.png	64601f9b20c53a5a9de9c209be51f3e16267b514
images/donate_buttondefault.png	archive/images/donate_buttondefault.png	f6c7809d89db0974311b6ab4a61f9c23c6873a9a
images/download_offline.png	archive/images/download_offline.png	96ed90901cf2fa12cf63eb4ca623082cc0049fe3
images/download_offline_button.png	archive/images/download_offline_button.png	84b9d5b02e6d4bfe92b592aba00ade91b44d562e
images/download_offline_saveas.png	archive/images/download_offline_saveas.png	1fbb0ab3508ed29077f7bb529ea8c4a4b5a7fcba
images/download_rds.png	archive/images/download_rds.png	2e95e775a5b36c6f76b0a91bcad2505a50675e0d
images/epicurve_noLines_daily.png	archive/images/epicurve_noLines_daily.png	cb49a958a167ee6c7e858031a6b66b353f5f0228
images/example_script.R	archive/images/example_script.R	8e375258a144c66664e0ff49dbca76949d99d2fa
images/factory_new1.png	archive/images/factory_new1.png	015a88ff47de8b55de9e8aa0e72f836a9b6b4103
images/factory_new3.png	archive/images/factory_new3.png	a62b7c11a90ddbf8440a0fac3fd172ab7eda9e45
images/factory_new_project.png	archive/images/factory_new_project.png	230298e4bfc6835423f27183fb942d06acee1c57
images/ggplot_basics_top.R	archive/images/ggplot_basics_top.R	361e7cef1cd26e8589d624655ebb927742cde04b
images/git_conflict1.png	archive/images/git_conflict1.png	e5aabd294d3d8a20ac1b57dbad20dc0c276ff18d
images/git_conflict2.png	archive/images/git_conflict2.png	08b61eaa3a8ee0e6a022b453e4f8b8efc002c5ed
images/git_terminal.png	archive/images/git_terminal.png	56a7bbee548bd6a3cd0b45b5e68482890a4453c7
images/github_conflict.png	archive/images/github_conflict.png	9c49d65ba95188a2ae4a65fb131af85b7d766bdd
images/godata_dummydata_github.png	archive/images/godata_dummydata_github.png	e88fc142aa0d725a876bd27ebfee63c33bb112a1
images/loops_empty_dataframe.png	archive/images/loops_empty_dataframe.png	5ff9ac20a25d27bc5eee5b31a26641125971ec82
images/markdown/1_yaml.png	archive/images/markdown/1_yaml.png	7c8b47843a73ca4ef6e41cf3cefc156541ce3c90
images/markdown/4_knitbutton.png	archive/images/markdown/4_knitbutton.png	bdb67e3d5e93c36e9d1d6002098dbae3fdd37763
images/markdown/5_parameterized.png	archive/images/markdown/5_parameterized.png	eb5df044cf888d1f367af5eee8824ecc7c7401ad
images/my_first_R_script.R	archive/images/my_first_R_script.R	24edc8e3d37a01f74fe6efe623c95d22f9b5a5bd
images/pivoting/pivot_longer_old.png	archive/images/pivoting/pivot_longer_old.png	93a9b61603fc3f35e9a2b52d9baee6458558b430
images/pivoting/pivot_wider_old.png	archive/images/pivoting/pivot_wider_old.png	e0fc726da87ec2fbb8b68482d430580bcfa6310e
images/ppt figures.pptx	archive/images/ppt figures.pptx	bbbfcdff404b0119869497c644063fb2da56c4b1
images/shiny_new_app.png	archive/images/shiny_new_app.png	ebd0f0f18254fe1c67e2f3152f518729b2ba6d36
images/tidyverse_api.png	archive/images/tidyverse_api.png	b88251b8b40c1f2e7eb74d5bc959e461005e0c02
modernization/FIX-PASS.md	archive/modernization/FIX-PASS.md	875d0e9d1d7d3165bf77d6f58be87ad74ba96ea6
modernization/README.md	archive/modernization/README.md	1e73a6b5a2ceefebe670f793dd09cecefba75288
modernization/RESUME.md	archive/modernization/RESUME.md	1532719b0fd38c2775ef2f6815bd1bac3ecb40f0
modernization/SWEEP-PLAN.md	archive/modernization/SWEEP-PLAN.md	e9fc4bf40a7ba005a454651a93e0bc5de6f893e6
modernization/TRANSLATION-BACKLOG.md	archive/modernization/TRANSLATION-BACKLOG.md	4765a3300fba3d6e53920c25da9aa2c106622129
modernization/agent-cost.py	archive/modernization/agent-cost.py	d88b26231a78cb1cc357e6bdffef507c24adad07
modernization/archive/PLAN-translated-data-used.md	archive/modernization/archive/PLAN-translated-data-used.md	0d7c0a1a8183b01504e948e6ef508c8da2caeed0
modernization/briefs/modernization-brief.md	archive/modernization/briefs/modernization-brief.md	5927022ae406ebec5d707097c98d5c44362a25b9
modernization/briefs/phase1a-brief.md	archive/modernization/briefs/phase1a-brief.md	cebdec253eb6f84de1b88c44075801b4720bc4ba
modernization/briefs/phase1a-round2-brief.md	archive/modernization/briefs/phase1a-round2-brief.md	c2fecafa5c18b010db94a4958a67a3349b98677e
modernization/briefs/phase1a-round3-brief.md	archive/modernization/briefs/phase1a-round3-brief.md	ea81ce1c153555c6b1899d9b31dbd3d1cd044fa8
modernization/briefs/phase1a-round4-brief.md	archive/modernization/briefs/phase1a-round4-brief.md	f0a39dd64cc748b89ffd093eb16c8218402fcf87
modernization/briefs/phase1a-transcript-archive.md	archive/modernization/briefs/phase1a-transcript-archive.md	b8de11081e78c632634e2f85b4705909f6dcffbc
modernization/briefs/phase1a-transcript.md	archive/modernization/briefs/phase1a-transcript.md	4f3c67f4b5eb72a4d791ac35ef83b03599f95bed
modernization/briefs/phase1b-record-brief.md	archive/modernization/briefs/phase1b-record-brief.md	48048064a49b76734520b960dfcc7472c7563575
modernization/briefs/phase1b-record-transcript.md	archive/modernization/briefs/phase1b-record-transcript.md	490bf6532b9b7b768037290dd2ea6c2fc2aa62a1
modernization/codex-bundle.sh	archive/modernization/codex-bundle.sh	be3fce26935584b1727d38d579b2794cb19730ec
modernization/codex-prompt.txt	archive/modernization/codex-prompt.txt	805719738ffc5698bb0736f4a3a01fb4e10a02b1
modernization/commit-batch.sh	archive/modernization/commit-batch.sh	016a5e0f85fb7a1f8428548efa2b05a709f77e3c
modernization/extract-spans.py	archive/modernization/extract-spans.py	fec692e6df45e9d7805a9ca1410ce926a8123e29
modernization/findings/fix-pass/aln-basics.fr.json	archive/modernization/findings/fix-pass/aln-basics.fr.json	a7d1cb3d9ae36fde64dc328b6a2a908ef8c8af1c
modernization/findings/fix-pass/aln-basics.jp.json	archive/modernization/findings/fix-pass/aln-basics.jp.json	262d7e94737e2b1f624e0f3d43c60b849499737b
modernization/findings/fix-pass/aln-characters_strings.tr.json	archive/modernization/findings/fix-pass/aln-characters_strings.tr.json	bf921b9491267ecc955223bbe5cb5c57cfd4deec
modernization/findings/fix-pass/aln-data_used.es.json	archive/modernization/findings/fix-pass/aln-data_used.es.json	ce771ca89cb0306c673a43bd66d630f9cf9e6c9e
modernization/findings/fix-pass/aln-data_used.fr.json	archive/modernization/findings/fix-pass/aln-data_used.fr.json	428322d6ff4a8ed39ef70da0fcec87e693360eca
modernization/findings/fix-pass/aln-data_used.jp.json	archive/modernization/findings/fix-pass/aln-data_used.jp.json	a97138f201ad0db865233d2b36e128f2467cdc8e
modernization/findings/fix-pass/aln-data_used.pt.json	archive/modernization/findings/fix-pass/aln-data_used.pt.json	e7373dbda609da7ac086e181bbd8ae5ff7474ba2
modernization/findings/fix-pass/aln-data_used.ru.json	archive/modernization/findings/fix-pass/aln-data_used.ru.json	259c734530bf6454b21f68b735ba6473471f428b
modernization/findings/fix-pass/aln-data_used.tr.json	archive/modernization/findings/fix-pass/aln-data_used.tr.json	49f81848c3b44613423ab00962502b631054ce0d
modernization/findings/fix-pass/aln-data_used.vn.json	archive/modernization/findings/fix-pass/aln-data_used.vn.json	c63baccb88b9fec1f99fdb424bb21d596215f303
modernization/findings/fix-pass/aln-epicurves.es.json	archive/modernization/findings/fix-pass/aln-epicurves.es.json	1d83dc3e790f83dd6e3d7974f638a2fd6194bcfc
modernization/findings/fix-pass/aln-epicurves.pt.json	archive/modernization/findings/fix-pass/aln-epicurves.pt.json	0d8064cb592246082392e7f391c812cfbe988da4
modernization/findings/fix-pass/aln-epicurves.tr.json	archive/modernization/findings/fix-pass/aln-epicurves.tr.json	c93d08c4d38b05ce6d632da71c55e4b2192e7e76
modernization/findings/fix-pass/aln-ggplot_tips.pt.json	archive/modernization/findings/fix-pass/aln-ggplot_tips.pt.json	69d16b3a9d4d9709946e330189e450519d430666
modernization/findings/fix-pass/aln-ggplot_tips.tr.json	archive/modernization/findings/fix-pass/aln-ggplot_tips.tr.json	96f1a7060a3a7b945559d0ba1eb9c011cfacc9ed
modernization/findings/fix-pass/aln-ggplot_tips.vn.json	archive/modernization/findings/fix-pass/aln-ggplot_tips.vn.json	ebd144573328c9d07fa160238d88f3c9d6c04f02
modernization/findings/fix-pass/aln-phylogenetic_trees.es.json	archive/modernization/findings/fix-pass/aln-phylogenetic_trees.es.json	0274f9d224600ce71a9bd25c2a0efcad2b59ab33
modernization/findings/fix-pass/aln-survey_analysis.es.json	archive/modernization/findings/fix-pass/aln-survey_analysis.es.json	30bbeb09cc92d7bcb44a1c1a514133a23c4895e9
modernization/findings/fix-pass/batch-index.tsv	archive/modernization/findings/fix-pass/batch-index.tsv	9d10b7df74994a0f2dc01b8c4a4bf1c0c207c2ed
modernization/findings/fix-pass/def-es.01.json	archive/modernization/findings/fix-pass/def-es.01.json	f57cc93763ef339d16c2b2099be3ed18de7fb45c
modernization/findings/fix-pass/def-fr.01.json	archive/modernization/findings/fix-pass/def-fr.01.json	6ca9a2d9df1ef33c824a6bf8a95478b291725d58
modernization/findings/fix-pass/def-jp.01.json	archive/modernization/findings/fix-pass/def-jp.01.json	a1c79b1fd1caefe7333b20a80e73ed33d2117925
modernization/findings/fix-pass/def-pt.01.json	archive/modernization/findings/fix-pass/def-pt.01.json	91a95f075092566d11535e7585dc374e055b3a35
modernization/findings/fix-pass/def-pt.02.json	archive/modernization/findings/fix-pass/def-pt.02.json	854337efc8943131fde3499b0a69e87fc1ac1780
modernization/findings/fix-pass/def-ru.01.json	archive/modernization/findings/fix-pass/def-ru.01.json	162615a73e44fb6dc94fe54b8429b08e36b2d618
modernization/findings/fix-pass/def-tr.01.json	archive/modernization/findings/fix-pass/def-tr.01.json	a4927b0fc7db58dc410c0174f80763e74a77c3e1
modernization/findings/fix-pass/def-vn.01.json	archive/modernization/findings/fix-pass/def-vn.01.json	b348e6dd8df4fd316decd8aa90202369886f1b3d
modernization/findings/fix-pass/deferred.tsv	archive/modernization/findings/fix-pass/deferred.tsv	82eaefddd1026ac4ea65e07e9db5623d0c570537
modernization/findings/fix-pass/es.added.01.json	archive/modernization/findings/fix-pass/es.added.01.json	387eadfe34e6a318604a0c01d7de48eb6dd41599
modernization/findings/fix-pass/es.alignment_mismatch.01.json	archive/modernization/findings/fix-pass/es.alignment_mismatch.01.json	b182137ca3090fdd9b18033d61bd51c9ee480da8
modernization/findings/fix-pass/es.code_mismatch.01.json	archive/modernization/findings/fix-pass/es.code_mismatch.01.json	75155cc5d6bd6be664a9f6c0ff26c8207bd21f41
modernization/findings/fix-pass/es.code_mismatch.02.json	archive/modernization/findings/fix-pass/es.code_mismatch.02.json	50ec39daf57ec3cf87258985db4bd48852d6da62
modernization/findings/fix-pass/es.missing.01.json	archive/modernization/findings/fix-pass/es.missing.01.json	000fdc555b742cc6046b2b7b232b1eeab3179970
modernization/findings/fix-pass/es.missing.02.json	archive/modernization/findings/fix-pass/es.missing.02.json	8b7c4a99be3cf122e05172639c612d0873f8233a
modernization/findings/fix-pass/es.missing.03.json	archive/modernization/findings/fix-pass/es.missing.03.json	e9d89b83a4950706c757ffe881f2d6ca6dae82e9
modernization/findings/fix-pass/es.untrue.01.json	archive/modernization/findings/fix-pass/es.untrue.01.json	df37cb9ea8dac9311cab1e941693a4b8764c8731
modernization/findings/fix-pass/es.untrue.02.json	archive/modernization/findings/fix-pass/es.untrue.02.json	122672e2482081700f3e73413df422bf758cd2de
modernization/findings/fix-pass/es.untrue.03.json	archive/modernization/findings/fix-pass/es.untrue.03.json	046768bec11588d92b4ddfe8a2c63550069d6327
modernization/findings/fix-pass/es.untrue.04.json	archive/modernization/findings/fix-pass/es.untrue.04.json	d912b30530df21f79058acd68c5f9e0a80fa1bac
modernization/findings/fix-pass/fr.added.01.json	archive/modernization/findings/fix-pass/fr.added.01.json	d5eeab11dd660ae574364792a3d557fce63d956f
modernization/findings/fix-pass/fr.added.02.json	archive/modernization/findings/fix-pass/fr.added.02.json	60b3ab59924c28cc58f2eb64461cba82cbe772a3
modernization/findings/fix-pass/fr.alignment_mismatch.01.json	archive/modernization/findings/fix-pass/fr.alignment_mismatch.01.json	ca9c4b61897a5dda2f8ddbd3eb186bf160700a58
modernization/findings/fix-pass/fr.code_mismatch.01.json	archive/modernization/findings/fix-pass/fr.code_mismatch.01.json	f201032611af39b3a24ca1c09771e2a2a7ab65be
modernization/findings/fix-pass/fr.code_mismatch.02.json	archive/modernization/findings/fix-pass/fr.code_mismatch.02.json	138152087503aa4be815f61cf949553f859b1956
modernization/findings/fix-pass/fr.missing.01.json	archive/modernization/findings/fix-pass/fr.missing.01.json	31b698cce1ccb734acbe807964cd04ca8e9d9350
modernization/findings/fix-pass/fr.missing.02.json	archive/modernization/findings/fix-pass/fr.missing.02.json	92df8384a4ec0382b82283077c4d48b51bd78a39
modernization/findings/fix-pass/fr.missing.03.json	archive/modernization/findings/fix-pass/fr.missing.03.json	f3f31c8e9adc2ce593b3464e80f6a3256b18f2d9
modernization/findings/fix-pass/fr.untrue.01.json	archive/modernization/findings/fix-pass/fr.untrue.01.json	4e17d0f44bf639eb4cd3a2dc3b82fd4f0e1bd9e5
modernization/findings/fix-pass/fr.untrue.02.json	archive/modernization/findings/fix-pass/fr.untrue.02.json	173e8921ce961dfdbef00793ec50d53be811b8a3
modernization/findings/fix-pass/fr.untrue.03.json	archive/modernization/findings/fix-pass/fr.untrue.03.json	d099077874549ab007886f6a0490a347abfa978b
modernization/findings/fix-pass/fr.untrue.04.json	archive/modernization/findings/fix-pass/fr.untrue.04.json	1d04049bdc744e64f08bd72549064520c068ac84
modernization/findings/fix-pass/fr.untrue.05.json	archive/modernization/findings/fix-pass/fr.untrue.05.json	3ae005aee57a6723ba7a84f3fedfdc45feddd0d7
modernization/findings/fix-pass/hdg-cleaning.jp.json	archive/modernization/findings/fix-pass/hdg-cleaning.jp.json	edb9d4ce137bfcb0f7d7b9df36882cf0a92fc951
modernization/findings/fix-pass/hdg-collaboration.fr.json	archive/modernization/findings/fix-pass/hdg-collaboration.fr.json	c3e8fbbbe23df79fe5b8ea2cd25eacc18024afa9
modernization/findings/fix-pass/hdg-deduplication.jp.json	archive/modernization/findings/fix-pass/hdg-deduplication.jp.json	34249466dab29a89d3ef3ee557873a381ea71d3e
modernization/findings/fix-pass/hdg-errors.fr.json	archive/modernization/findings/fix-pass/hdg-errors.fr.json	95a1d53d57deeaba86d49b7228f2cf40e99e826e
modernization/findings/fix-pass/hdg-errors.jp.json	archive/modernization/findings/fix-pass/hdg-errors.jp.json	1d466c015da4e7691cb05037da55280fbed11a17
modernization/findings/fix-pass/hdg-factors.fr.json	archive/modernization/findings/fix-pass/hdg-factors.fr.json	540bebc7a36534ecbd9ff3b05e3948c1fb198680
modernization/findings/fix-pass/hdg-ggplot_basics.jp.json	archive/modernization/findings/fix-pass/hdg-ggplot_basics.jp.json	14aceffdfb68c4cba1a0b47d6c7bb69571f3c79f
modernization/findings/fix-pass/hdg-ggplot_basics.vn.json	archive/modernization/findings/fix-pass/hdg-ggplot_basics.vn.json	2cb2c82741c3c43e34eef24f05d863a80a1de941
modernization/findings/fix-pass/hdg-grouping.fr.json	archive/modernization/findings/fix-pass/hdg-grouping.fr.json	9d19d5d6ac994c8f773a1670c7d9af5d8ce13eed
modernization/findings/fix-pass/hdg-grouping.jp.json	archive/modernization/findings/fix-pass/hdg-grouping.jp.json	bcc3ee79b3a33a6f7448691576f583a2f9fa3cbe
modernization/findings/fix-pass/hdg-grouping.vn.json	archive/modernization/findings/fix-pass/hdg-grouping.vn.json	0483606b82c80609ad196c66ebd4de42aa7e8371
modernization/findings/fix-pass/hdg-heatmaps.pt.json	archive/modernization/findings/fix-pass/hdg-heatmaps.pt.json	913c60d329a49652fc4ddcb050dfef22d6e169f0
modernization/findings/fix-pass/hdg-importing.vn.json	archive/modernization/findings/fix-pass/hdg-importing.vn.json	6f3ffc60c7c51390d9a5c5072706493044114c68
modernization/findings/fix-pass/hdg-stat_tests.jp.json	archive/modernization/findings/fix-pass/hdg-stat_tests.jp.json	2289397217172c7874a56fd74383588e9fb32fcc
modernization/findings/fix-pass/inl-es.01.json	archive/modernization/findings/fix-pass/inl-es.01.json	0928fd0502581eaa2abb5651a0575bed88730bed
modernization/findings/fix-pass/inl-es.02.json	archive/modernization/findings/fix-pass/inl-es.02.json	f983ba240270812ef8f7e876bb357d26f13a1573
modernization/findings/fix-pass/inl-es.03.json	archive/modernization/findings/fix-pass/inl-es.03.json	7506cd2abcb903911d640aa11fdb6aa72005e0fe
modernization/findings/fix-pass/inl-es.04.json	archive/modernization/findings/fix-pass/inl-es.04.json	d4a817f76ce6f7774bcda457c06e6223f17c124a
modernization/findings/fix-pass/inl-fr.01.json	archive/modernization/findings/fix-pass/inl-fr.01.json	a66be7fae7442598eacaa4e621d1a256d877810a
modernization/findings/fix-pass/inl-fr.02.json	archive/modernization/findings/fix-pass/inl-fr.02.json	4d0bdd793ce94e784fa3c5e050726da5749f3628
modernization/findings/fix-pass/inl-fr.03.json	archive/modernization/findings/fix-pass/inl-fr.03.json	086b3aca4e9fcd035fe2d28168f341ecac3bb092
modernization/findings/fix-pass/inl-jp.01.json	archive/modernization/findings/fix-pass/inl-jp.01.json	2202058568fa911dea381c1d3f318e4fe7586a07
modernization/findings/fix-pass/inl-jp.02.json	archive/modernization/findings/fix-pass/inl-jp.02.json	4cf20af9ab06bea005192abbaad0ea52b700be4d
modernization/findings/fix-pass/inl-jp.03.json	archive/modernization/findings/fix-pass/inl-jp.03.json	863f63a7b0a7bd2f51548b784b066a825799a9d9
modernization/findings/fix-pass/inl-pt.01.json	archive/modernization/findings/fix-pass/inl-pt.01.json	f75eb89999944acec4bf0a7cd9b40b591613ad08
modernization/findings/fix-pass/inl-pt.02.json	archive/modernization/findings/fix-pass/inl-pt.02.json	bf8b13ba33f0877e98474e93d4dbebbf4ec74c3b
modernization/findings/fix-pass/inl-pt.03.json	archive/modernization/findings/fix-pass/inl-pt.03.json	07af3fa2787a29e75e87eb4c7349be7c0c0e6056
modernization/findings/fix-pass/inl-pt.04.json	archive/modernization/findings/fix-pass/inl-pt.04.json	49f2fb1e2d5606581f81a83a718bf13ecc2f0f68
modernization/findings/fix-pass/inl-pt.05.json	archive/modernization/findings/fix-pass/inl-pt.05.json	097f8222534ab286cc9cf109c0f3921710ebf146
modernization/findings/fix-pass/inl-pt.06.json	archive/modernization/findings/fix-pass/inl-pt.06.json	ddd7b6fadc77972beb69eba278339732562910a0
modernization/findings/fix-pass/inl-ru.01.json	archive/modernization/findings/fix-pass/inl-ru.01.json	60c0dda3371dc5588b320938a2f2d25caf35aac1
modernization/findings/fix-pass/inl-tr.01.json	archive/modernization/findings/fix-pass/inl-tr.01.json	bb669b94de8161d308b76f9fcff123ec2761ece3
modernization/findings/fix-pass/inl-tr.02.json	archive/modernization/findings/fix-pass/inl-tr.02.json	cc51cb2c4bdb49d33a99c83b04b7024fe68aa756
modernization/findings/fix-pass/inl-tr.03.json	archive/modernization/findings/fix-pass/inl-tr.03.json	bcd42cc32aa4e12070da3ca084fd4b58927127c7
modernization/findings/fix-pass/inl-vn.01.json	archive/modernization/findings/fix-pass/inl-vn.01.json	3eda102872313eb956245b4b5bc3258d239c1115
modernization/findings/fix-pass/inl-vn.02.json	archive/modernization/findings/fix-pass/inl-vn.02.json	42e5092c46ac68c8a958ded73c7bab48f1eca269
modernization/findings/fix-pass/jp.added.01.json	archive/modernization/findings/fix-pass/jp.added.01.json	32a15c61e700c82104fd1c7795ea0a0d3d77911f
modernization/findings/fix-pass/jp.added.02.json	archive/modernization/findings/fix-pass/jp.added.02.json	ca6cb072a439e975677dab3c1d5db87941d7dc1f
modernization/findings/fix-pass/jp.added.03.json	archive/modernization/findings/fix-pass/jp.added.03.json	20ee0888d42e7ceb34519a63760bb7a5dbc1f0a7
modernization/findings/fix-pass/jp.alignment_mismatch.01.json	archive/modernization/findings/fix-pass/jp.alignment_mismatch.01.json	5c0625f538ba76158a6b95be3251bcc9c5ba257d
modernization/findings/fix-pass/jp.code_mismatch.01.json	archive/modernization/findings/fix-pass/jp.code_mismatch.01.json	7287893c2de9c25fa6eea7491cb1e63913526333
modernization/findings/fix-pass/jp.code_mismatch.02.json	archive/modernization/findings/fix-pass/jp.code_mismatch.02.json	6d7fc687f201b2316fafaf4d2c91d605ce72d6e4
modernization/findings/fix-pass/jp.missing.01.json	archive/modernization/findings/fix-pass/jp.missing.01.json	7b04fedf78e9b44ff76e9366c6b8f57de9560b2b
modernization/findings/fix-pass/jp.missing.02.json	archive/modernization/findings/fix-pass/jp.missing.02.json	868cf917948ea702592768e7ea5344ba34f88df0
modernization/findings/fix-pass/jp.missing.03.json	archive/modernization/findings/fix-pass/jp.missing.03.json	fc35025837ad7580669ef0e4e9c7b642feaf3b4b
modernization/findings/fix-pass/jp.untrue.01.json	archive/modernization/findings/fix-pass/jp.untrue.01.json	7cceae4cf17bc2d11244641389687a081a226227
modernization/findings/fix-pass/jp.untrue.02.json	archive/modernization/findings/fix-pass/jp.untrue.02.json	f9752dc16660461aa5f6988eb64a5bd8c69ce7e0
modernization/findings/fix-pass/jp.untrue.03.json	archive/modernization/findings/fix-pass/jp.untrue.03.json	af55503540f0bf8674b0a020e7535f4faa9bf8ca
modernization/findings/fix-pass/jp.untrue.04.json	archive/modernization/findings/fix-pass/jp.untrue.04.json	de40a8fc21177e733f431a668edd27e425a23960
modernization/findings/fix-pass/jp.untrue.05.json	archive/modernization/findings/fix-pass/jp.untrue.05.json	214e2925577c0160d19322b268dbdfc60c73388a
modernization/findings/fix-pass/jp.untrue.06.json	archive/modernization/findings/fix-pass/jp.untrue.06.json	8143975fcdf974e8b740eaa490858a1b66473d21
modernization/findings/fix-pass/jp.untrue.07.json	archive/modernization/findings/fix-pass/jp.untrue.07.json	a466f66910c83653071db90da1f99932052f642d
modernization/findings/fix-pass/mir-es.json	archive/modernization/findings/fix-pass/mir-es.json	2ddea38db4172014167ae0ff8d7833ab98b5782f
modernization/findings/fix-pass/mir-fr.json	archive/modernization/findings/fix-pass/mir-fr.json	caa52e9a90563e2b9c56de1aaa1c998727d371f7
modernization/findings/fix-pass/mir-jp.json	archive/modernization/findings/fix-pass/mir-jp.json	3ac20420a5490c7414b651076cf6ed2d6eaa7c0f
modernization/findings/fix-pass/mir-pt.json	archive/modernization/findings/fix-pass/mir-pt.json	fc375595cdaa307ed050804ff6ed7397eb7f10f8
modernization/findings/fix-pass/mir-tr.json	archive/modernization/findings/fix-pass/mir-tr.json	c1eb6faeaec6bdf165cc0e60b55e51d24dca5ec8
modernization/findings/fix-pass/mir-vn.json	archive/modernization/findings/fix-pass/mir-vn.json	e991ed6059b8841d66287958d1b78af8b9d70896
modernization/findings/fix-pass/odd-fr.missing.01.json	archive/modernization/findings/fix-pass/odd-fr.missing.01.json	e2fc9f1f3bc1b9ca2a9a1647aaacf8446b8f9af7
modernization/findings/fix-pass/odd-fr.untrue.01.json	archive/modernization/findings/fix-pass/odd-fr.untrue.01.json	6bc5c7d945db714571be25e7c891e45b4758e8b9
modernization/findings/fix-pass/odd-pt.code_mismatch.01.json	archive/modernization/findings/fix-pass/odd-pt.code_mismatch.01.json	2e81a6a72fd6d4936a725622552c8e78bb26106b
modernization/findings/fix-pass/odd-pt.untrue.01.json	archive/modernization/findings/fix-pass/odd-pt.untrue.01.json	79fc8a6ef4f33409c30211a9991b77804f699539
modernization/findings/fix-pass/odd-ru.untrue.01.json	archive/modernization/findings/fix-pass/odd-ru.untrue.01.json	d4db7c54ed606d803c3d95a31a4fce91343b1f35
modernization/findings/fix-pass/odd-tr.alignment_mismatch.01.json	archive/modernization/findings/fix-pass/odd-tr.alignment_mismatch.01.json	152e1412695b42ac54ffeb0e7c6830b6072f11ec
modernization/findings/fix-pass/odd-vn.added.01.json	archive/modernization/findings/fix-pass/odd-vn.added.01.json	6d57ec7edae94daf87dd29647ca3c587e661cd0f
modernization/findings/fix-pass/odd-vn.missing.01.json	archive/modernization/findings/fix-pass/odd-vn.missing.01.json	83345dd7bfd088cd7253d2f367292dddb138cacd
modernization/findings/fix-pass/odd-vn.untrue.01.json	archive/modernization/findings/fix-pass/odd-vn.untrue.01.json	1012cd5b9d5131bdb9e9105652a032959802e3ef
modernization/findings/fix-pass/pt.added.01.json	archive/modernization/findings/fix-pass/pt.added.01.json	2309561fc5c8a04f6868034e956093d705e76fb0
modernization/findings/fix-pass/pt.added.02.json	archive/modernization/findings/fix-pass/pt.added.02.json	42d89fc42a5339f0290f6fa40b2dea6277f6ea28
modernization/findings/fix-pass/pt.alignment_mismatch.01.json	archive/modernization/findings/fix-pass/pt.alignment_mismatch.01.json	ca5a09aa72d851ed7e0c4dc16594dd5ffe6efb27
modernization/findings/fix-pass/pt.code_mismatch.01.json	archive/modernization/findings/fix-pass/pt.code_mismatch.01.json	56222754430b6ee16b5d77c63e25adb35b8bd43a
modernization/findings/fix-pass/pt.code_mismatch.02.json	archive/modernization/findings/fix-pass/pt.code_mismatch.02.json	8e5e151237acf7fd90d6e3120c17df0740df9e89
modernization/findings/fix-pass/pt.code_mismatch.03.json	archive/modernization/findings/fix-pass/pt.code_mismatch.03.json	831045b424025af8b3124a2b7b96416a854528ce
modernization/findings/fix-pass/pt.missing.01.json	archive/modernization/findings/fix-pass/pt.missing.01.json	6dab0818cb12ec0a2e1430022b3108b68b21f179
modernization/findings/fix-pass/pt.missing.02.json	archive/modernization/findings/fix-pass/pt.missing.02.json	3320c5df624408c1c3ab16964347cae79b5ad9a0
modernization/findings/fix-pass/pt.missing.03.json	archive/modernization/findings/fix-pass/pt.missing.03.json	abb8e4012f515e6832203d0acf8982c655faa6d7
modernization/findings/fix-pass/pt.untrue.01.json	archive/modernization/findings/fix-pass/pt.untrue.01.json	3877af1c13b9d12b041af8719db8db4b1eeed1ee
modernization/findings/fix-pass/pt.untrue.02.json	archive/modernization/findings/fix-pass/pt.untrue.02.json	a66830752b7ed5d632017ef6a27642341a179bf9
modernization/findings/fix-pass/pt.untrue.03.json	archive/modernization/findings/fix-pass/pt.untrue.03.json	9d2bbf42328c2b9a22470e3c2d98bf36d9765607
modernization/findings/fix-pass/pt.untrue.04.json	archive/modernization/findings/fix-pass/pt.untrue.04.json	222023cef389e52493792c9b24377a95c68d7e8c
modernization/findings/fix-pass/pt.untrue.05.json	archive/modernization/findings/fix-pass/pt.untrue.05.json	edf5e34a4f69d70d09679e23f1a356daeddeadd8
modernization/findings/fix-pass/pt.untrue.06.json	archive/modernization/findings/fix-pass/pt.untrue.06.json	24bb83e8e84d34b9e3ae36d916aa5e6c4b945ff0
modernization/findings/fix-pass/rejected.tsv	archive/modernization/findings/fix-pass/rejected.tsv	b7f3c52a13c3985a4a0480302cb0a9d59a5ef8fc
modernization/findings/fix-pass/ru.added.01.json	archive/modernization/findings/fix-pass/ru.added.01.json	dba51bccae0844a90abfcb0218cbf2f18b3877a9
modernization/findings/fix-pass/ru.alignment_mismatch.01.json	archive/modernization/findings/fix-pass/ru.alignment_mismatch.01.json	da13264db41369a92da33049a8646680dcc7b452
modernization/findings/fix-pass/ru.code_mismatch.01.json	archive/modernization/findings/fix-pass/ru.code_mismatch.01.json	365077c17e9fe10a53322b2bef627f8d68e9a6c8
modernization/findings/fix-pass/ru.missing.01.json	archive/modernization/findings/fix-pass/ru.missing.01.json	752dca99462760ffa4c445419b8e23e73f2768d6
modernization/findings/fix-pass/ru.missing.02.json	archive/modernization/findings/fix-pass/ru.missing.02.json	259a27fa87a9ad14c3793a0a5e9a4816b42ce290
modernization/findings/fix-pass/ru.missing.03.json	archive/modernization/findings/fix-pass/ru.missing.03.json	be2a9350ee2373552b5cd268535b5a383b348cad
modernization/findings/fix-pass/ru.missing.04.json	archive/modernization/findings/fix-pass/ru.missing.04.json	1689db43a9d7ec2b879392c743e08c12667c4a60
modernization/findings/fix-pass/ru.missing.05.json	archive/modernization/findings/fix-pass/ru.missing.05.json	adac120d941bfa3b75f212f81983f9a30e62cfd5
modernization/findings/fix-pass/ru.untrue.01.json	archive/modernization/findings/fix-pass/ru.untrue.01.json	e2c52f06d9dcbd63dd5ca425fa380a6e5d11fdee
modernization/findings/fix-pass/ru.untrue.02.json	archive/modernization/findings/fix-pass/ru.untrue.02.json	e54f1f098b81ef38cff97c3878f55520f4cc67a2
modernization/findings/fix-pass/ru.untrue.03.json	archive/modernization/findings/fix-pass/ru.untrue.03.json	b9d13423dd11cbbcbc658af694f2f0eafd1b2bb5
modernization/findings/fix-pass/ru.untrue.04.json	archive/modernization/findings/fix-pass/ru.untrue.04.json	099bca0452b277ab9065d5a9c61279cf3de726d1
modernization/findings/fix-pass/source-defects.tsv	archive/modernization/findings/fix-pass/source-defects.tsv	af62d6c10060cf56502307ac14bf969d449020c2
modernization/findings/fix-pass/src-cleaning.json	archive/modernization/findings/fix-pass/src-cleaning.json	e87bc34e06777f0b5d817dc63f3271f951f336e5
modernization/findings/fix-pass/src-combination_analysis.json	archive/modernization/findings/fix-pass/src-combination_analysis.json	601128f8a541d7b9d4d07f88a4e0b58a8caad2eb
modernization/findings/fix-pass/src-contact_tracing.json	archive/modernization/findings/fix-pass/src-contact_tracing.json	6c0ba3ea88a827844e040de2c0799c19ef972126
modernization/findings/fix-pass/src-data_table.json	archive/modernization/findings/fix-pass/src-data_table.json	b9e7167c6df5c1b9532774e2c882ce2e32e19fd5
modernization/findings/fix-pass/src-dates.json	archive/modernization/findings/fix-pass/src-dates.json	75e74a593abe647d052d330b4b941f2381279b51
modernization/findings/fix-pass/src-directories.json	archive/modernization/findings/fix-pass/src-directories.json	bbeab071c171a97f4958553f9bafc09d899e4f62
modernization/findings/fix-pass/src-epicurves.json	archive/modernization/findings/fix-pass/src-epicurves.json	091b335208aa0628b9d54c25240583dea72bd549
modernization/findings/fix-pass/src-flexdashboard.json	archive/modernization/findings/fix-pass/src-flexdashboard.json	2fe3b714dbed31ac81120dc1ca82b065826ee647
modernization/findings/fix-pass/src-ggplot_basics.json	archive/modernization/findings/fix-pass/src-ggplot_basics.json	5df089cee6f18f34df0c2c562719d47402bf01f9
modernization/findings/fix-pass/src-grouping.json	archive/modernization/findings/fix-pass/src-grouping.json	d5560894fd8a354c95c28a07b41cdb5ea9a5dfc9
modernization/findings/fix-pass/src-help.json	archive/modernization/findings/fix-pass/src-help.json	8847ac5518b217b76dd09479f85ea47e5f2dd2a3
modernization/findings/fix-pass/src-joining_matching.json	archive/modernization/findings/fix-pass/src-joining_matching.json	dfee9957cac1ba689f3631c2f51797e6089e09f9
modernization/findings/fix-pass/src-survey_analysis.json	archive/modernization/findings/fix-pass/src-survey_analysis.json	9e29bfd3a5e62c3620c0346b534857b69f309e7e
modernization/findings/fix-pass/src-tables_presentation.json	archive/modernization/findings/fix-pass/src-tables_presentation.json	86eb06bae54705581bb60dec1afe734e0c23c8cb
modernization/findings/fix-pass/tr.added.01.json	archive/modernization/findings/fix-pass/tr.added.01.json	73a4cbfdb6b050062e1942ee16c77a72073a7922
modernization/findings/fix-pass/tr.alignment_mismatch.01.json	archive/modernization/findings/fix-pass/tr.alignment_mismatch.01.json	cb4bcc3847986b64b86c12affb8650ebb727f53f
modernization/findings/fix-pass/tr.code_mismatch.01.json	archive/modernization/findings/fix-pass/tr.code_mismatch.01.json	486da38940b7397987797d33a840479e4ac0c86c
modernization/findings/fix-pass/tr.code_mismatch.02.json	archive/modernization/findings/fix-pass/tr.code_mismatch.02.json	126ca67a4a4ffb089c70a67d6c81632f60764045
modernization/findings/fix-pass/tr.code_mismatch.03.json	archive/modernization/findings/fix-pass/tr.code_mismatch.03.json	70d989a97a27be5b84b9a90f1ea4c5e419953680
modernization/findings/fix-pass/tr.code_mismatch.04.json	archive/modernization/findings/fix-pass/tr.code_mismatch.04.json	ca16623e3237f3a35ba343732a02052884d1fbde
modernization/findings/fix-pass/tr.missing.01.json	archive/modernization/findings/fix-pass/tr.missing.01.json	ebfced682ce4bdcb8e2be004ec31a62b7aaa210f
modernization/findings/fix-pass/tr.missing.02.json	archive/modernization/findings/fix-pass/tr.missing.02.json	794111e76b91dea74130fe31fd947ed115e03933
modernization/findings/fix-pass/tr.missing.03.json	archive/modernization/findings/fix-pass/tr.missing.03.json	b4d13a3e0e6625695d94e6c75728eedf23c33de4
modernization/findings/fix-pass/tr.missing.04.json	archive/modernization/findings/fix-pass/tr.missing.04.json	2bfcf3a5684359d4725e8b6f8b3ab6d2e54524dc
modernization/findings/fix-pass/tr.missing.05.json	archive/modernization/findings/fix-pass/tr.missing.05.json	8fdb38db71d6e4629cd217737adbe3e37fe586b8
modernization/findings/fix-pass/tr.missing.06.json	archive/modernization/findings/fix-pass/tr.missing.06.json	40d227cfab39a33e407f08b1f5bc39c0a67ec315
modernization/findings/fix-pass/tr.untrue.01.json	archive/modernization/findings/fix-pass/tr.untrue.01.json	fb14b1c69daf40e9197f7468f443dea6891b78aa
modernization/findings/fix-pass/tr.untrue.02.json	archive/modernization/findings/fix-pass/tr.untrue.02.json	2c3ff7bfad7377484f4ff754eeebf706747f9bf4
modernization/findings/fix-pass/tr.untrue.03.json	archive/modernization/findings/fix-pass/tr.untrue.03.json	a457a16749411182837ff8361d21322c9bdc463d
modernization/findings/fix-pass/tr.untrue.04.json	archive/modernization/findings/fix-pass/tr.untrue.04.json	4b74891b6f6835d88e1e4887a900608d20bd1816
modernization/findings/fix-pass/tr.untrue.05.json	archive/modernization/findings/fix-pass/tr.untrue.05.json	bf6f987b9983e08dcdc81dce551fb28627748997
modernization/findings/fix-pass/tr.untrue.06.json	archive/modernization/findings/fix-pass/tr.untrue.06.json	55f2e282f72c03dfb4d0f93809ed52c37e2987c2
modernization/findings/fix-pass/tr.untrue.07.json	archive/modernization/findings/fix-pass/tr.untrue.07.json	466cfec3b2b4253a6fc965f748dcf26b618b0c1c
modernization/findings/fix-pass/tr.untrue.08.json	archive/modernization/findings/fix-pass/tr.untrue.08.json	49673ef532ef828d108eaa2cf0244e1a07094829
modernization/findings/fix-pass/unextractable-spans.tsv	archive/modernization/findings/fix-pass/unextractable-spans.tsv	c8c9ca0d4f9be8287f1d551c0a2314ab83890923
modernization/findings/fix-pass/vn.added.01.json	archive/modernization/findings/fix-pass/vn.added.01.json	cb2f4f84015af7d1403723faf913019bb57b470e
modernization/findings/fix-pass/vn.code_mismatch.01.json	archive/modernization/findings/fix-pass/vn.code_mismatch.01.json	fbe9bde69f9b38124ebc3b860bac031d93f8d427
modernization/findings/fix-pass/vn.missing.01.json	archive/modernization/findings/fix-pass/vn.missing.01.json	85b01135088a76bc24a6326c3b8b47adfb0ead8e
modernization/findings/fix-pass/vn.missing.02.json	archive/modernization/findings/fix-pass/vn.missing.02.json	1dcffed258e2ce2765b5145fb6ca355f1626c0c0
modernization/findings/fix-pass/vn.missing.03.json	archive/modernization/findings/fix-pass/vn.missing.03.json	e227003107abd9bd30593cc2f50d2fce8398de93
modernization/findings/fix-pass/vn.untrue.01.json	archive/modernization/findings/fix-pass/vn.untrue.01.json	51e4438799754c98c746126061e3646bdfdfb3be
modernization/findings/fix-pass/vn.untrue.02.json	archive/modernization/findings/fix-pass/vn.untrue.02.json	9d10beae0cdc0aeb4f5661b9884a7c65843f9183
modernization/findings/fix-pass/vn.untrue.03.json	archive/modernization/findings/fix-pass/vn.untrue.03.json	21d881504b22196cba8c850dd3693a077c3f2c7b
modernization/findings/fix-pass/vn.untrue.04.json	archive/modernization/findings/fix-pass/vn.untrue.04.json	a0325bad95036651c4dbae65c210223640c29b6d
modernization/findings/fix-pass/vn.untrue.05.json	archive/modernization/findings/fix-pass/vn.untrue.05.json	1965db86e1d14eb62ed1c21564aad5b10cfa20cf
modernization/findings/language-prose-coverage.tsv	archive/modernization/findings/language-prose-coverage.tsv	130a6bfdf46f2059ad62c30fb29342a760bf8f17
modernization/findings/language-prose-drift.tsv	archive/modernization/findings/language-prose-drift.tsv	47b62ea2b5ffc27dcd77c99f4a7404f5b57e8f17
modernization/findings/prose-sweep/age_pyramid.es.json	archive/modernization/findings/prose-sweep/age_pyramid.es.json	d8bbccbccdf2221c508463af51979753e3fafb5e
modernization/findings/prose-sweep/age_pyramid.fr.json	archive/modernization/findings/prose-sweep/age_pyramid.fr.json	dbb1594eaf986d6ddd3ef5ee59a0319d37a6ee79
modernization/findings/prose-sweep/age_pyramid.jp.json	archive/modernization/findings/prose-sweep/age_pyramid.jp.json	7ae0f15f4353e2f977958b8df1f8fedcecdcbb9d
modernization/findings/prose-sweep/age_pyramid.pt.json	archive/modernization/findings/prose-sweep/age_pyramid.pt.json	47b2b87b20991066d18337a0bebac883c95699aa
modernization/findings/prose-sweep/age_pyramid.ru.json	archive/modernization/findings/prose-sweep/age_pyramid.ru.json	a181bf314eee8ca03d94ca4b53b4948d959560ca
modernization/findings/prose-sweep/age_pyramid.tr.json	archive/modernization/findings/prose-sweep/age_pyramid.tr.json	79f6c474b17af2e82f55840cd7325c172c3c76dc
modernization/findings/prose-sweep/age_pyramid.vn.json	archive/modernization/findings/prose-sweep/age_pyramid.vn.json	a6e80be38ec6a94db51ab17e0ff674315c55c1a7
modernization/findings/prose-sweep/basics.es.json	archive/modernization/findings/prose-sweep/basics.es.json	326f3e6262c0cca4e3d7cd3e9d9932e7f5d722a6
modernization/findings/prose-sweep/basics.fr.json	archive/modernization/findings/prose-sweep/basics.fr.json	0a0e52b8aa226ed863767ea68a29646e57673086
modernization/findings/prose-sweep/basics.jp.json	archive/modernization/findings/prose-sweep/basics.jp.json	0f8d8baa8d7efc41ed4a85407c4cf7638e77d497
modernization/findings/prose-sweep/basics.pt.json	archive/modernization/findings/prose-sweep/basics.pt.json	fc226defe659d676c0269d34fe913234e3abacbb
modernization/findings/prose-sweep/basics.ru.json	archive/modernization/findings/prose-sweep/basics.ru.json	542f093a4240e4bf4bb8b5ade3986ca22ee1eb43
modernization/findings/prose-sweep/basics.tr.json	archive/modernization/findings/prose-sweep/basics.tr.json	c8ef67d520b2f375a034bf429ac5babc5bf8d36b
modernization/findings/prose-sweep/basics.vn.json	archive/modernization/findings/prose-sweep/basics.vn.json	c7d869a48da027f830f3c3889d8119d0633ec088
modernization/findings/prose-sweep/characters_strings.es.json	archive/modernization/findings/prose-sweep/characters_strings.es.json	80379fb6f5e79fc59082c077c6bfdf6467f7c3a9
modernization/findings/prose-sweep/characters_strings.fr.json	archive/modernization/findings/prose-sweep/characters_strings.fr.json	e08a7cec4b1cbb1d2407d54c19aedcbd0f9e3eb9
modernization/findings/prose-sweep/characters_strings.jp.json	archive/modernization/findings/prose-sweep/characters_strings.jp.json	a43b96ee7ffe0152e44f39b2abcabae52a42f3b8
modernization/findings/prose-sweep/characters_strings.pt.json	archive/modernization/findings/prose-sweep/characters_strings.pt.json	e543fc4407a07d79ecaec0043214e4dab1a651a6
modernization/findings/prose-sweep/characters_strings.ru.json	archive/modernization/findings/prose-sweep/characters_strings.ru.json	0f9986f8f369ab203f7252f78d491fad1ace7708
modernization/findings/prose-sweep/characters_strings.tr.json	archive/modernization/findings/prose-sweep/characters_strings.tr.json	d89ec1a988f6ed511a05dad9040bdb6271ffc5ba
modernization/findings/prose-sweep/characters_strings.vn.json	archive/modernization/findings/prose-sweep/characters_strings.vn.json	7eaabfdd4397b16fd61dbe5b21abfd9c286db477
modernization/findings/prose-sweep/cleaning.es.json	archive/modernization/findings/prose-sweep/cleaning.es.json	0fdaed334adb6c6a5d8be6c3729c50a38e6b2264
modernization/findings/prose-sweep/cleaning.fr.json	archive/modernization/findings/prose-sweep/cleaning.fr.json	6632c585ec693939d900bbfba7d53e10a0407acf
modernization/findings/prose-sweep/cleaning.jp.json	archive/modernization/findings/prose-sweep/cleaning.jp.json	4d8d78fb2001817a33b581c8f15bf1dd9b774535
modernization/findings/prose-sweep/cleaning.pt.json	archive/modernization/findings/prose-sweep/cleaning.pt.json	47475753a0c272619d9518ff141bc91da420ad58
modernization/findings/prose-sweep/cleaning.ru.json	archive/modernization/findings/prose-sweep/cleaning.ru.json	3f32d19d3cb37d36259b5396aaf22b598dcb1dbf
modernization/findings/prose-sweep/cleaning.tr.json	archive/modernization/findings/prose-sweep/cleaning.tr.json	1efcdc199d7322f6713f717d3e1d764602f841cd
modernization/findings/prose-sweep/cleaning.vn.json	archive/modernization/findings/prose-sweep/cleaning.vn.json	15101e4c243c5f21e8a5b6c21102cd050def176e
modernization/findings/prose-sweep/collaboration.es.json	archive/modernization/findings/prose-sweep/collaboration.es.json	9e2b4966fa2bddaa560d2d7e7235353ad79e7fc5
modernization/findings/prose-sweep/collaboration.fr.json	archive/modernization/findings/prose-sweep/collaboration.fr.json	412b4916f299ca4526225c3ab13dfa569621a055
modernization/findings/prose-sweep/collaboration.jp.json	archive/modernization/findings/prose-sweep/collaboration.jp.json	6b1ceb1208131b76bbaa8289846a0534c0c18dcd
modernization/findings/prose-sweep/collaboration.pt.json	archive/modernization/findings/prose-sweep/collaboration.pt.json	5026b47eb8539d89d3d209efdbfc380aeda8b748
modernization/findings/prose-sweep/collaboration.ru.json	archive/modernization/findings/prose-sweep/collaboration.ru.json	1a41a8df3ca061ed142d31ae549a520bd6ea2448
modernization/findings/prose-sweep/collaboration.tr.json	archive/modernization/findings/prose-sweep/collaboration.tr.json	07ab132d1cec2a5af863671df010e80c13afb538
modernization/findings/prose-sweep/collaboration.vn.json	archive/modernization/findings/prose-sweep/collaboration.vn.json	d36c662dca3069a80c6cc634c549e26374a4281e
modernization/findings/prose-sweep/combination_analysis.es.json	archive/modernization/findings/prose-sweep/combination_analysis.es.json	3eed3cfa0a1b4f4c631de86e1a6f15b7b02f6c78
modernization/findings/prose-sweep/combination_analysis.fr.json	archive/modernization/findings/prose-sweep/combination_analysis.fr.json	25e9ca319ea5a281e0ca90afd6d471a4ebdac5c4
modernization/findings/prose-sweep/combination_analysis.jp.json	archive/modernization/findings/prose-sweep/combination_analysis.jp.json	a6d8113d5e832452b8e0e558ab04c0ef1248663e
modernization/findings/prose-sweep/combination_analysis.pt.json	archive/modernization/findings/prose-sweep/combination_analysis.pt.json	563d5969b075d10a31928db24139939da9e48f30
modernization/findings/prose-sweep/combination_analysis.ru.json	archive/modernization/findings/prose-sweep/combination_analysis.ru.json	aea290bb544a28999fe54def4776d7bb04b3f646
modernization/findings/prose-sweep/combination_analysis.tr.json	archive/modernization/findings/prose-sweep/combination_analysis.tr.json	6994800b38144374f0fd04aea0b81bfd7ac3faf6
modernization/findings/prose-sweep/combination_analysis.vn.json	archive/modernization/findings/prose-sweep/combination_analysis.vn.json	3f848151d2aabc0813ce544d2f416ab5b37a7da3
modernization/findings/prose-sweep/contact_tracing.es.json	archive/modernization/findings/prose-sweep/contact_tracing.es.json	34ea1abaddf6af2bf9172bb490256c2e960356dd
modernization/findings/prose-sweep/contact_tracing.fr.json	archive/modernization/findings/prose-sweep/contact_tracing.fr.json	73943ba8173ab0d4b333382ccf9b0fd0d8b21a81
modernization/findings/prose-sweep/contact_tracing.jp.json	archive/modernization/findings/prose-sweep/contact_tracing.jp.json	6f7e296affed2d085244c046a0184bf1455be627
modernization/findings/prose-sweep/contact_tracing.pt.json	archive/modernization/findings/prose-sweep/contact_tracing.pt.json	e226ecef15cb1d9e7af7fdfc25edaf187c5895dd
modernization/findings/prose-sweep/contact_tracing.ru.json	archive/modernization/findings/prose-sweep/contact_tracing.ru.json	23063f12cdc3aed46dcaa320575610a2eac50da9
modernization/findings/prose-sweep/contact_tracing.tr.json	archive/modernization/findings/prose-sweep/contact_tracing.tr.json	2bda23549732335c9892410e21e0852d4330e0db
modernization/findings/prose-sweep/contact_tracing.vn.json	archive/modernization/findings/prose-sweep/contact_tracing.vn.json	7b48bda16c0af45009b96fa9fafeaed428f5d061
modernization/findings/prose-sweep/data_table.es.json	archive/modernization/findings/prose-sweep/data_table.es.json	6a96f189978556f9ffc8533f3303631156c508b3
modernization/findings/prose-sweep/data_table.fr.json	archive/modernization/findings/prose-sweep/data_table.fr.json	2984303bf89317cae2b24f2b93ae5b61a6d262c7
modernization/findings/prose-sweep/data_table.jp.json	archive/modernization/findings/prose-sweep/data_table.jp.json	8e35ed16b1b1222c38e853cca25ac61d06720449
modernization/findings/prose-sweep/data_table.pt.json	archive/modernization/findings/prose-sweep/data_table.pt.json	43d8d43ef23eacf08427e8af5a05c929a572e2f2
modernization/findings/prose-sweep/data_table.ru.json	archive/modernization/findings/prose-sweep/data_table.ru.json	e7ae590f98a7635f7193cb4ae5b0217d9dbb94e9
modernization/findings/prose-sweep/data_table.tr.json	archive/modernization/findings/prose-sweep/data_table.tr.json	328c4859a981ac4d1e4683e9d3317eca34410311
modernization/findings/prose-sweep/data_table.vn.json	archive/modernization/findings/prose-sweep/data_table.vn.json	8856fd7d9434b00ebd7d9fbe1dd6634c4821d1cf
modernization/findings/prose-sweep/data_used.es.json	archive/modernization/findings/prose-sweep/data_used.es.json	db5f42d168abd3d11a9ef0cd5b7cc7fafd25ed66
modernization/findings/prose-sweep/data_used.fr.json	archive/modernization/findings/prose-sweep/data_used.fr.json	cd5aac69e66f30364f7bb1ebb031fa911a99d7ad
modernization/findings/prose-sweep/data_used.jp.json	archive/modernization/findings/prose-sweep/data_used.jp.json	e83fc2b696231a5c251a2636f85994032084aed2
modernization/findings/prose-sweep/data_used.pt.json	archive/modernization/findings/prose-sweep/data_used.pt.json	a4ab1e7409e041aa2103e117583c40931ddd6dd0
modernization/findings/prose-sweep/data_used.ru.json	archive/modernization/findings/prose-sweep/data_used.ru.json	5ed8b89f02c78256cb61a4c2697047a111c6bd49
modernization/findings/prose-sweep/data_used.tr.json	archive/modernization/findings/prose-sweep/data_used.tr.json	08ad18ebc1856c37d7bda5858f55c3bd4b200446
modernization/findings/prose-sweep/data_used.vn.json	archive/modernization/findings/prose-sweep/data_used.vn.json	ea33f7ea036482b8dabe3daafb0924c69946af4e
modernization/findings/prose-sweep/dates.es.json	archive/modernization/findings/prose-sweep/dates.es.json	bf56bcf775e834fc4955f4cee554d0556dc77575
modernization/findings/prose-sweep/dates.fr.json	archive/modernization/findings/prose-sweep/dates.fr.json	82438376623d5fec758cf4d0eeee36a8b79cc0cd
modernization/findings/prose-sweep/dates.jp.json	archive/modernization/findings/prose-sweep/dates.jp.json	419bfb6fe633f2cf7cbb49f3ecb460832b89355a
modernization/findings/prose-sweep/dates.pt.json	archive/modernization/findings/prose-sweep/dates.pt.json	508b5f35eeb75c6ddb89993b1438155bdfe49e57
modernization/findings/prose-sweep/dates.ru.json	archive/modernization/findings/prose-sweep/dates.ru.json	118f77acc7842bf3295f9500b09f52912a0b564b
modernization/findings/prose-sweep/dates.tr.json	archive/modernization/findings/prose-sweep/dates.tr.json	f31ba75f82547e14247c40b080f96d08b21cb372
modernization/findings/prose-sweep/dates.vn.json	archive/modernization/findings/prose-sweep/dates.vn.json	447f79235f885cfe18737b14681249ad1dd83635
modernization/findings/prose-sweep/deduplication.es.json	archive/modernization/findings/prose-sweep/deduplication.es.json	1e7368a8891a15301ed86784867b73fd88c2965f
modernization/findings/prose-sweep/deduplication.fr.json	archive/modernization/findings/prose-sweep/deduplication.fr.json	a66e55ce0939609a2acdb00b59e598e90ada05eb
modernization/findings/prose-sweep/deduplication.jp.json	archive/modernization/findings/prose-sweep/deduplication.jp.json	775175d8032ceb7b17057eec4534b92fb3d45bad
modernization/findings/prose-sweep/deduplication.pt.json	archive/modernization/findings/prose-sweep/deduplication.pt.json	7cfa6915a6c3eccbb50668a47be1b974b82461ab
modernization/findings/prose-sweep/deduplication.ru.json	archive/modernization/findings/prose-sweep/deduplication.ru.json	7bdc3cd0859e3998bf07c8eb182baeab39a72a2b
modernization/findings/prose-sweep/deduplication.tr.json	archive/modernization/findings/prose-sweep/deduplication.tr.json	201758e472ed2112c9d118107f900e1c0573c2de
modernization/findings/prose-sweep/deduplication.vn.json	archive/modernization/findings/prose-sweep/deduplication.vn.json	c1e4d45b83390f9acca99df17c51df9c0257f889
modernization/findings/prose-sweep/diagrams.es.json	archive/modernization/findings/prose-sweep/diagrams.es.json	b856c8b79fdb4340484a08d672cc828f59b28599
modernization/findings/prose-sweep/diagrams.fr.json	archive/modernization/findings/prose-sweep/diagrams.fr.json	5a5f42bcc64f4f98d4506c0b0c4ec14819e38a75
modernization/findings/prose-sweep/diagrams.jp.json	archive/modernization/findings/prose-sweep/diagrams.jp.json	86ee0b41054a7c497c33e1400986a26f4511eb33
modernization/findings/prose-sweep/diagrams.pt.json	archive/modernization/findings/prose-sweep/diagrams.pt.json	a093f598344d1f187c951b06ca696ceed914f82d
modernization/findings/prose-sweep/diagrams.ru.json	archive/modernization/findings/prose-sweep/diagrams.ru.json	acb0d6cadbd2008200cbacd0226d031b674368e4
modernization/findings/prose-sweep/diagrams.tr.json	archive/modernization/findings/prose-sweep/diagrams.tr.json	59c4d09d991f7873314a0a583c5cb338a11f6cce
modernization/findings/prose-sweep/diagrams.vn.json	archive/modernization/findings/prose-sweep/diagrams.vn.json	a5ca5885e1bda33fffb6eb45f66dba23c423df21
modernization/findings/prose-sweep/directories.es.json	archive/modernization/findings/prose-sweep/directories.es.json	76623af9ec586683c0c3f3f6a399c409b30e59f0
modernization/findings/prose-sweep/directories.fr.json	archive/modernization/findings/prose-sweep/directories.fr.json	b82e0ad9c154d3d9eeac369b7eebd080eb84dcc3
modernization/findings/prose-sweep/directories.jp.json	archive/modernization/findings/prose-sweep/directories.jp.json	411f224aee9e4d91945cfbc08a65b51fe5c20030
modernization/findings/prose-sweep/directories.pt.json	archive/modernization/findings/prose-sweep/directories.pt.json	29c9dc69b51f3fd3781abd937f1185375b7ceee1
modernization/findings/prose-sweep/directories.ru.json	archive/modernization/findings/prose-sweep/directories.ru.json	2a8615512a09f0a708ccad47efd247b3d6060fe8
modernization/findings/prose-sweep/directories.tr.json	archive/modernization/findings/prose-sweep/directories.tr.json	153f2552a84ab410017641b156d5fe34a2dd1dee
modernization/findings/prose-sweep/directories.vn.json	archive/modernization/findings/prose-sweep/directories.vn.json	3bc7515ff450b6f9f78e62404f287aaecbca1b62
modernization/findings/prose-sweep/editorial_style.es.json	archive/modernization/findings/prose-sweep/editorial_style.es.json	e03d797d830b24efc4d0ca197a85e81ff2f10225
modernization/findings/prose-sweep/editorial_style.fr.json	archive/modernization/findings/prose-sweep/editorial_style.fr.json	a1c7b05c8205e19b76b3780d5669dbe256be27a4
modernization/findings/prose-sweep/editorial_style.jp.json	archive/modernization/findings/prose-sweep/editorial_style.jp.json	0e7103adeef0a917386548dcc0665a38a2840aa5
modernization/findings/prose-sweep/editorial_style.pt.json	archive/modernization/findings/prose-sweep/editorial_style.pt.json	161243c0fc500aba12408d0fead787e1c27714d0
modernization/findings/prose-sweep/editorial_style.ru.json	archive/modernization/findings/prose-sweep/editorial_style.ru.json	e54bde248f2f7b712787f98d8d67651755c72eb1
modernization/findings/prose-sweep/editorial_style.tr.json	archive/modernization/findings/prose-sweep/editorial_style.tr.json	3829729741cc2b07b14c51b3b86723be83a12358
modernization/findings/prose-sweep/editorial_style.vn.json	archive/modernization/findings/prose-sweep/editorial_style.vn.json	82fb3fb298f47c1db64a7b32704d73f1d30942d6
modernization/findings/prose-sweep/epicurves.es.json	archive/modernization/findings/prose-sweep/epicurves.es.json	a45119524ceea476f5e558e9edbbb2d3aa7c57e3
modernization/findings/prose-sweep/epicurves.fr.json	archive/modernization/findings/prose-sweep/epicurves.fr.json	0b111010870cccad1e81e398c6b3054a63fdbe90
modernization/findings/prose-sweep/epicurves.jp.json	archive/modernization/findings/prose-sweep/epicurves.jp.json	7a4cc2b22f14b39439bd07e5a148c64125e9805f
modernization/findings/prose-sweep/epicurves.pt.json	archive/modernization/findings/prose-sweep/epicurves.pt.json	cf58f486da7120e9fc7fc90f884fa4af678caa76
modernization/findings/prose-sweep/epicurves.ru.json	archive/modernization/findings/prose-sweep/epicurves.ru.json	e44c7f3703b797b609d7776dbb6f02000b3dca6d
modernization/findings/prose-sweep/epicurves.tr.json	archive/modernization/findings/prose-sweep/epicurves.tr.json	ab0a13075e4ba753494dc3bbd6f7bb707cad6129
modernization/findings/prose-sweep/epicurves.vn.json	archive/modernization/findings/prose-sweep/epicurves.vn.json	14af77e66685299e785ae9b56127813d9890e62e
modernization/findings/prose-sweep/errors.es.json	archive/modernization/findings/prose-sweep/errors.es.json	11916b1d83914aa9accd39aed28fed51bc2c2d2a
modernization/findings/prose-sweep/errors.fr.json	archive/modernization/findings/prose-sweep/errors.fr.json	1802ecd6244fed94bc89b553f7656599fc2164de
modernization/findings/prose-sweep/errors.jp.json	archive/modernization/findings/prose-sweep/errors.jp.json	d114e89556125023c978572e0d028fcd5f8e614d
modernization/findings/prose-sweep/errors.pt.json	archive/modernization/findings/prose-sweep/errors.pt.json	d1a3014bcc1834a184486d07af015009b5928fe3
modernization/findings/prose-sweep/errors.ru.json	archive/modernization/findings/prose-sweep/errors.ru.json	e309241809733515ffc22c15744f8e49d7349422
modernization/findings/prose-sweep/errors.tr.json	archive/modernization/findings/prose-sweep/errors.tr.json	8663db2fa975408dc2442510c5dd68e341f7d822
modernization/findings/prose-sweep/errors.vn.json	archive/modernization/findings/prose-sweep/errors.vn.json	94a775a6cdffa37edae458fa6e2c1cb10de4e7ac
modernization/findings/prose-sweep/factors.es.json	archive/modernization/findings/prose-sweep/factors.es.json	b039f3249ae9575655c17e2926810bbeae446fb3
modernization/findings/prose-sweep/factors.fr.json	archive/modernization/findings/prose-sweep/factors.fr.json	fbdda96d03fd658191210ff1b9445ac51021e41c
modernization/findings/prose-sweep/factors.jp.json	archive/modernization/findings/prose-sweep/factors.jp.json	16d349f5b07bce3bf088ee1f9f95c7edcf76b2c9
modernization/findings/prose-sweep/factors.pt.json	archive/modernization/findings/prose-sweep/factors.pt.json	b91b933a7f2c930279384c2d427cca0c6d437016
modernization/findings/prose-sweep/factors.ru.json	archive/modernization/findings/prose-sweep/factors.ru.json	bc052349d29a03d458a975d7a129066a9ec16664
modernization/findings/prose-sweep/factors.tr.json	archive/modernization/findings/prose-sweep/factors.tr.json	9dfcecba96c9ea4d4190382f8e333c279398bb2d
modernization/findings/prose-sweep/factors.vn.json	archive/modernization/findings/prose-sweep/factors.vn.json	330f58727bfbd6d5456991541c6129ed569e58ba
modernization/findings/prose-sweep/flexdashboard.es.json	archive/modernization/findings/prose-sweep/flexdashboard.es.json	8f7ceb50137bfb3c86b1673ec15bdc89213871a0
modernization/findings/prose-sweep/flexdashboard.fr.json	archive/modernization/findings/prose-sweep/flexdashboard.fr.json	1c4d308b81fc2bb36b71b315287405d623daa29b
modernization/findings/prose-sweep/flexdashboard.jp.json	archive/modernization/findings/prose-sweep/flexdashboard.jp.json	e89f3b984e761857ca174077cacb940b2623daa2
modernization/findings/prose-sweep/flexdashboard.pt.json	archive/modernization/findings/prose-sweep/flexdashboard.pt.json	c87d86bcaf217e4b11b3e9335cde8073c7619b42
modernization/findings/prose-sweep/flexdashboard.ru.json	archive/modernization/findings/prose-sweep/flexdashboard.ru.json	5d62f8cd8decb014b740b12d7b2bf24267213b56
modernization/findings/prose-sweep/flexdashboard.tr.json	archive/modernization/findings/prose-sweep/flexdashboard.tr.json	c89ed77b77fe9749857dd81b071c033e7062fa54
modernization/findings/prose-sweep/flexdashboard.vn.json	archive/modernization/findings/prose-sweep/flexdashboard.vn.json	682673b7ccda6d754731918e785aed53d9beff83
modernization/findings/prose-sweep/ggplot_basics.es.json	archive/modernization/findings/prose-sweep/ggplot_basics.es.json	088fc713e58c731f518aa093deec445c14160d5d
modernization/findings/prose-sweep/ggplot_basics.fr.json	archive/modernization/findings/prose-sweep/ggplot_basics.fr.json	ccaf1ba673322064d32b0a9318188becd5bbab33
modernization/findings/prose-sweep/ggplot_basics.jp.json	archive/modernization/findings/prose-sweep/ggplot_basics.jp.json	1a88ad3052b621606af3e584549a6656fe64b19f
modernization/findings/prose-sweep/ggplot_basics.pt.json	archive/modernization/findings/prose-sweep/ggplot_basics.pt.json	681f62c23819d4ab51322359f2854ad60931adb7
modernization/findings/prose-sweep/ggplot_basics.ru.json	archive/modernization/findings/prose-sweep/ggplot_basics.ru.json	da36796ffe7123003e5c5e5d32f192e50891aba0
modernization/findings/prose-sweep/ggplot_basics.tr.json	archive/modernization/findings/prose-sweep/ggplot_basics.tr.json	0414049cbbb38ef1cc7b117fe658e1aab81b05f4
modernization/findings/prose-sweep/ggplot_basics.vn.json	archive/modernization/findings/prose-sweep/ggplot_basics.vn.json	a4f96ee0c0307650facde4112f762534f3c8cfc3
modernization/findings/prose-sweep/ggplot_tips.es.json	archive/modernization/findings/prose-sweep/ggplot_tips.es.json	c7a11f131a3d9c65982bd54a4b6bf316d5cf0ab0
modernization/findings/prose-sweep/ggplot_tips.fr.json	archive/modernization/findings/prose-sweep/ggplot_tips.fr.json	1a46c9bb4ff3b9f3a380b620056bb3ce2a1b57a2
modernization/findings/prose-sweep/ggplot_tips.jp.json	archive/modernization/findings/prose-sweep/ggplot_tips.jp.json	12a16690e0608b38a40a7504aa43a4015ff7657d
modernization/findings/prose-sweep/ggplot_tips.pt.json	archive/modernization/findings/prose-sweep/ggplot_tips.pt.json	778e67adab4d5e1634c402e507ec25f159a4eadf
modernization/findings/prose-sweep/ggplot_tips.ru.json	archive/modernization/findings/prose-sweep/ggplot_tips.ru.json	cea1ca6ce673df46a05404e7770c0d6824916f8f
modernization/findings/prose-sweep/ggplot_tips.tr.json	archive/modernization/findings/prose-sweep/ggplot_tips.tr.json	26ad631e0dfcb045fb86753041ef51925618ddde
modernization/findings/prose-sweep/ggplot_tips.vn.json	archive/modernization/findings/prose-sweep/ggplot_tips.vn.json	f4eca1aa68fcebebb014edb27f73360d2a8583fc
modernization/findings/prose-sweep/grouping.es.json	archive/modernization/findings/prose-sweep/grouping.es.json	2a707e2872f443a6613cef5a92e1f6376f372065
modernization/findings/prose-sweep/grouping.fr.json	archive/modernization/findings/prose-sweep/grouping.fr.json	9d2441631a3065a1466a7947eaa81043dfb1da51
modernization/findings/prose-sweep/grouping.jp.json	archive/modernization/findings/prose-sweep/grouping.jp.json	ae7dbd69380742da98595f5fef7d12431bcebdfe
modernization/findings/prose-sweep/grouping.pt.json	archive/modernization/findings/prose-sweep/grouping.pt.json	ab9262201debd727a7f817306544c080959a5ccf
modernization/findings/prose-sweep/grouping.ru.json	archive/modernization/findings/prose-sweep/grouping.ru.json	ac7de0f2b2ebf163b9f03de00db8e0311673a664
modernization/findings/prose-sweep/grouping.tr.json	archive/modernization/findings/prose-sweep/grouping.tr.json	d07fa0fa4e4dfad7b61e0f3737e62c90a421857b
modernization/findings/prose-sweep/grouping.vn.json	archive/modernization/findings/prose-sweep/grouping.vn.json	11faf6a20f72e62a545ed7a02bbd49c6356adb1a
modernization/findings/prose-sweep/heatmaps.es.json	archive/modernization/findings/prose-sweep/heatmaps.es.json	a389523d759e48bda493ba51194e541ef5250121
modernization/findings/prose-sweep/heatmaps.fr.json	archive/modernization/findings/prose-sweep/heatmaps.fr.json	07fb3a1f4b285952d6a5f9e7dd7189bf9fa8b551
modernization/findings/prose-sweep/heatmaps.jp.json	archive/modernization/findings/prose-sweep/heatmaps.jp.json	82d8c8aa2f4d468e2c325bc4a1a2579ddab83bc5
modernization/findings/prose-sweep/heatmaps.pt.json	archive/modernization/findings/prose-sweep/heatmaps.pt.json	8eefd7901b1de6db9f31dffb40826729e1d34210
modernization/findings/prose-sweep/heatmaps.ru.json	archive/modernization/findings/prose-sweep/heatmaps.ru.json	20d7511f8d3b155bab60eb8cdee3c4cab4f275d4
modernization/findings/prose-sweep/heatmaps.tr.json	archive/modernization/findings/prose-sweep/heatmaps.tr.json	a2173837e09949c6f789b672b8e54838a7449a3b
modernization/findings/prose-sweep/heatmaps.vn.json	archive/modernization/findings/prose-sweep/heatmaps.vn.json	29f2a40bbbc450afd66f4676755008a6d6057a2d
modernization/findings/prose-sweep/help.es.json	archive/modernization/findings/prose-sweep/help.es.json	3579cca57cd336a607aba9832865dd1bda471029
modernization/findings/prose-sweep/help.fr.json	archive/modernization/findings/prose-sweep/help.fr.json	241e5c8211f7c9de443a3e7f19d24ed35b592f63
modernization/findings/prose-sweep/help.jp.json	archive/modernization/findings/prose-sweep/help.jp.json	998a8da226287e74f07f4e0e834ccaec54710dcd
modernization/findings/prose-sweep/help.pt.json	archive/modernization/findings/prose-sweep/help.pt.json	0f596bff48c311dc693391f8139505997f1c4925
modernization/findings/prose-sweep/help.ru.json	archive/modernization/findings/prose-sweep/help.ru.json	694331475f37f3f1f1609a329e0e7da1c0bcc1c3
modernization/findings/prose-sweep/help.tr.json	archive/modernization/findings/prose-sweep/help.tr.json	d96e4f9fa102311cb1972efae684929b75ef2c67
modernization/findings/prose-sweep/help.vn.json	archive/modernization/findings/prose-sweep/help.vn.json	b53af68f0c64fe452d8d6aaabf461c139f51c794
modernization/findings/prose-sweep/importing.es.json	archive/modernization/findings/prose-sweep/importing.es.json	a0042ab8519938410ecbe44807a9e1a80eae425b
modernization/findings/prose-sweep/importing.fr.json	archive/modernization/findings/prose-sweep/importing.fr.json	be0261b67ee6b047593bc443251f64cf45f806f7
modernization/findings/prose-sweep/importing.jp.json	archive/modernization/findings/prose-sweep/importing.jp.json	610e60dff17fb553623e823ff8b6f2001f173201
modernization/findings/prose-sweep/importing.pt.json	archive/modernization/findings/prose-sweep/importing.pt.json	f60d45c0d0acaa3945cd89dcc03d5b81c792ecbc
modernization/findings/prose-sweep/importing.ru.json	archive/modernization/findings/prose-sweep/importing.ru.json	daca759ab3d0cdff1a48f2b7fa37c627a51d3d88
modernization/findings/prose-sweep/importing.tr.json	archive/modernization/findings/prose-sweep/importing.tr.json	07ec04cea5659af33cbed7a4eef3ab313b6fbc53
modernization/findings/prose-sweep/importing.vn.json	archive/modernization/findings/prose-sweep/importing.vn.json	3570547973ad443fee09c2b2215016e3d3aab4f8
modernization/findings/prose-sweep/interactive_plots.es.json	archive/modernization/findings/prose-sweep/interactive_plots.es.json	5fb2af8fd58fdef5ac0d4768de681fb8efbe8939
modernization/findings/prose-sweep/interactive_plots.fr.json	archive/modernization/findings/prose-sweep/interactive_plots.fr.json	a24ea0e095b35d582c0d491cf2bcd698455dcab6
modernization/findings/prose-sweep/interactive_plots.jp.json	archive/modernization/findings/prose-sweep/interactive_plots.jp.json	8718ebc504c342d166d6de72ef11e59d3e7c6196
modernization/findings/prose-sweep/interactive_plots.pt.json	archive/modernization/findings/prose-sweep/interactive_plots.pt.json	8e6c19ca05bb7310484a4d5d7015044f866e31ad
modernization/findings/prose-sweep/interactive_plots.ru.json	archive/modernization/findings/prose-sweep/interactive_plots.ru.json	a86438b5ca6d9d81fe334bcac0cb166b5d549b14
modernization/findings/prose-sweep/interactive_plots.tr.json	archive/modernization/findings/prose-sweep/interactive_plots.tr.json	a838fc73d3143bf9c7a0b3fa9e8d2567f8aac0f3
modernization/findings/prose-sweep/interactive_plots.vn.json	archive/modernization/findings/prose-sweep/interactive_plots.vn.json	88efd1c2f8f31d41ab4c3ab91ea12e2519fa20fa
modernization/findings/prose-sweep/iteration.es.json	archive/modernization/findings/prose-sweep/iteration.es.json	d0d6d87485b928cebda20b59ed2ff37bf0a1d6f3
modernization/findings/prose-sweep/iteration.fr.json	archive/modernization/findings/prose-sweep/iteration.fr.json	7e6d9e73b4bf35dec8e0ac1760b85848fa57f38d
modernization/findings/prose-sweep/iteration.jp.json	archive/modernization/findings/prose-sweep/iteration.jp.json	37d8a96ce9c311965e70aa5e73dd402115ba29fc
modernization/findings/prose-sweep/iteration.pt.json	archive/modernization/findings/prose-sweep/iteration.pt.json	9fe4691fe9db945126228d13c7839ec4e544fd65
modernization/findings/prose-sweep/iteration.ru.json	archive/modernization/findings/prose-sweep/iteration.ru.json	4d638214b92105d4c62df32762c59a42830ee069
modernization/findings/prose-sweep/iteration.tr.json	archive/modernization/findings/prose-sweep/iteration.tr.json	1ba3483424b717c2987bed173c4a32dd126cbec5
modernization/findings/prose-sweep/iteration.vn.json	archive/modernization/findings/prose-sweep/iteration.vn.json	e6c8f144988739b0aef56c0472297569c043f581
modernization/findings/prose-sweep/joining_matching.es.json	archive/modernization/findings/prose-sweep/joining_matching.es.json	b3d58a68d695bb67ff8cddc75dc6e5361cb56a31
modernization/findings/prose-sweep/joining_matching.fr.json	archive/modernization/findings/prose-sweep/joining_matching.fr.json	7a8938aa984c1b20b36d7606acb028e14c1fef3d
modernization/findings/prose-sweep/joining_matching.jp.json	archive/modernization/findings/prose-sweep/joining_matching.jp.json	221c3f7e1055e2c6198444494fc9a2b6db51e2fa
modernization/findings/prose-sweep/joining_matching.pt.json	archive/modernization/findings/prose-sweep/joining_matching.pt.json	753c2778be51a29cc460d40666a8f8a49391255d
modernization/findings/prose-sweep/joining_matching.ru.json	archive/modernization/findings/prose-sweep/joining_matching.ru.json	576b4cbee72ae0d2a51c831b29eb7b38c3cfbd0e
modernization/findings/prose-sweep/joining_matching.tr.json	archive/modernization/findings/prose-sweep/joining_matching.tr.json	ceee5ad73c61cb63a8640e58f340bec53cba40b1
modernization/findings/prose-sweep/joining_matching.vn.json	archive/modernization/findings/prose-sweep/joining_matching.vn.json	9332cf39e41c1cb21bec8807deff2e0a29332d1b
modernization/findings/prose-sweep/missing_data.es.json	archive/modernization/findings/prose-sweep/missing_data.es.json	42ca4bd26e4c04edaa6980fe0e0e9bcbe528bc18
modernization/findings/prose-sweep/missing_data.fr.json	archive/modernization/findings/prose-sweep/missing_data.fr.json	218001526c5ae4058992e6f4ed7458a4f983f410
modernization/findings/prose-sweep/missing_data.jp.json	archive/modernization/findings/prose-sweep/missing_data.jp.json	ec2c8366913d12710a2b18c78ebdb7e812156e53
modernization/findings/prose-sweep/missing_data.pt.json	archive/modernization/findings/prose-sweep/missing_data.pt.json	a3599cfe35b4c93f12c3128224598b413ccaab51
modernization/findings/prose-sweep/missing_data.ru.json	archive/modernization/findings/prose-sweep/missing_data.ru.json	e09cc8c8c2f692d941916dcde0e2de42dbe5e5f6
modernization/findings/prose-sweep/missing_data.tr.json	archive/modernization/findings/prose-sweep/missing_data.tr.json	52075c5ac97da34eabbc90522ac66b9d8b36173b
modernization/findings/prose-sweep/missing_data.vn.json	archive/modernization/findings/prose-sweep/missing_data.vn.json	4f4729019ab22d90eb8d641022bb2dceaaedca46
modernization/findings/prose-sweep/moving_average.es.json	archive/modernization/findings/prose-sweep/moving_average.es.json	b06938b723eb84f594e4fc2881823ddeeed21fde
modernization/findings/prose-sweep/moving_average.fr.json	archive/modernization/findings/prose-sweep/moving_average.fr.json	0502dcbea6c302d498209bbcf809ff443d753731
modernization/findings/prose-sweep/moving_average.jp.json	archive/modernization/findings/prose-sweep/moving_average.jp.json	bfb723e223f6c4f7581fe91295bea9c26fc126af
modernization/findings/prose-sweep/moving_average.pt.json	archive/modernization/findings/prose-sweep/moving_average.pt.json	f7e76f35fc539139ad01b02598debeffeab347af
modernization/findings/prose-sweep/moving_average.ru.json	archive/modernization/findings/prose-sweep/moving_average.ru.json	7a1d660dc9a7b7b48bb5f086cc5610b1ef773a10
modernization/findings/prose-sweep/moving_average.tr.json	archive/modernization/findings/prose-sweep/moving_average.tr.json	2056c0aadb8c5a4c57c383ffdcea3c0f07d47b92
modernization/findings/prose-sweep/moving_average.vn.json	archive/modernization/findings/prose-sweep/moving_average.vn.json	006d4bfa75a5244fb16148f7d5214cb5860e3409
modernization/findings/prose-sweep/network_drives.es.json	archive/modernization/findings/prose-sweep/network_drives.es.json	1f6c91bd7700377194329102072b700d964dfde2
modernization/findings/prose-sweep/network_drives.fr.json	archive/modernization/findings/prose-sweep/network_drives.fr.json	d4b46fdb1e485b4513e9de33762612905d9ca73a
modernization/findings/prose-sweep/network_drives.jp.json	archive/modernization/findings/prose-sweep/network_drives.jp.json	d744e4f721376b6c98021410dce98b00615c8cfd
modernization/findings/prose-sweep/network_drives.pt.json	archive/modernization/findings/prose-sweep/network_drives.pt.json	35b7095779e36000751213a8f4b2afc7bc2fa216
modernization/findings/prose-sweep/network_drives.ru.json	archive/modernization/findings/prose-sweep/network_drives.ru.json	270f0b0218467f7bd2ac150403b9dfbfd06b5391
modernization/findings/prose-sweep/network_drives.tr.json	archive/modernization/findings/prose-sweep/network_drives.tr.json	cd926a7f1be6d644a6fd2ee775c5a7bb1116e5b8
modernization/findings/prose-sweep/network_drives.vn.json	archive/modernization/findings/prose-sweep/network_drives.vn.json	ac945b4042d1092f4090433b94e5c42395b6afbd
modernization/findings/prose-sweep/packages_suggested.es.json	archive/modernization/findings/prose-sweep/packages_suggested.es.json	78037daf398d849fde7df202f97c2d4a706af6da
modernization/findings/prose-sweep/packages_suggested.fr.json	archive/modernization/findings/prose-sweep/packages_suggested.fr.json	58a87a89855bbfdfbafa4175b55d9d2f14a0727c
modernization/findings/prose-sweep/packages_suggested.jp.json	archive/modernization/findings/prose-sweep/packages_suggested.jp.json	2cb5d05546ac2f4d12f09eb70f0beb75f1c95c0f
modernization/findings/prose-sweep/packages_suggested.pt.json	archive/modernization/findings/prose-sweep/packages_suggested.pt.json	8bb9912a221778b23229163128a1f91090ec2c4a
modernization/findings/prose-sweep/packages_suggested.ru.json	archive/modernization/findings/prose-sweep/packages_suggested.ru.json	34c9e31c35da51258f5db4c386518fcc30ccddcc
modernization/findings/prose-sweep/packages_suggested.tr.json	archive/modernization/findings/prose-sweep/packages_suggested.tr.json	84111f5cce4abace8966c892e3f440a67d282c63
modernization/findings/prose-sweep/packages_suggested.vn.json	archive/modernization/findings/prose-sweep/packages_suggested.vn.json	117776b36cac42b6b5c9317e71d9828809d5beef
modernization/findings/prose-sweep/phylogenetic_trees.es.json	archive/modernization/findings/prose-sweep/phylogenetic_trees.es.json	d2cf6a01c7fb8c674f20ce13bd3e0183cd1518e0
modernization/findings/prose-sweep/phylogenetic_trees.fr.json	archive/modernization/findings/prose-sweep/phylogenetic_trees.fr.json	7c4efed7ec34239fdef56a0a9138cda56619ef03
modernization/findings/prose-sweep/phylogenetic_trees.jp.json	archive/modernization/findings/prose-sweep/phylogenetic_trees.jp.json	656141373e495d206a043123060e36aaa5542d95
modernization/findings/prose-sweep/phylogenetic_trees.pt.json	archive/modernization/findings/prose-sweep/phylogenetic_trees.pt.json	5ecd57cd6650a98842f1a235e34013393fb3192d
modernization/findings/prose-sweep/phylogenetic_trees.ru.json	archive/modernization/findings/prose-sweep/phylogenetic_trees.ru.json	3a4497452201c63833f9e60355022e249a5d4cb7
modernization/findings/prose-sweep/phylogenetic_trees.tr.json	archive/modernization/findings/prose-sweep/phylogenetic_trees.tr.json	88fcb108b3d3a4eb7876c2482d593922970c157d
modernization/findings/prose-sweep/phylogenetic_trees.vn.json	archive/modernization/findings/prose-sweep/phylogenetic_trees.vn.json	1068b56071525cbdc082b274dd9d0642f62fb102
modernization/findings/prose-sweep/pivoting.es.json	archive/modernization/findings/prose-sweep/pivoting.es.json	b242911e54bb9d7383dc1afdf87226e690baad1e
modernization/findings/prose-sweep/pivoting.fr.json	archive/modernization/findings/prose-sweep/pivoting.fr.json	b461fae6b409b23c921c7ac5d4363007a50d22e6
modernization/findings/prose-sweep/pivoting.jp.json	archive/modernization/findings/prose-sweep/pivoting.jp.json	61c96a5250bbe64021ae3130938c0b0d07b622cf
modernization/findings/prose-sweep/pivoting.pt.json	archive/modernization/findings/prose-sweep/pivoting.pt.json	47794a8a238c90c1285ee3e1c18d1b29cfde2ac7
modernization/findings/prose-sweep/pivoting.ru.json	archive/modernization/findings/prose-sweep/pivoting.ru.json	04c1f67930dbb1daa1c064268ef86c8b5774627b
modernization/findings/prose-sweep/pivoting.tr.json	archive/modernization/findings/prose-sweep/pivoting.tr.json	2a1b50014581b307cc3e578d825539fdb3365909
modernization/findings/prose-sweep/pivoting.vn.json	archive/modernization/findings/prose-sweep/pivoting.vn.json	4b962b1cea3cbd65830414e316a5d53d3c58435e
modernization/findings/prose-sweep/r_projects.es.json	archive/modernization/findings/prose-sweep/r_projects.es.json	93a88b4077d712efa7e20d2fc75403511569a6ce
modernization/findings/prose-sweep/r_projects.fr.json	archive/modernization/findings/prose-sweep/r_projects.fr.json	6056af57cf45987f73ec17018893eafe92ff0743
modernization/findings/prose-sweep/r_projects.jp.json	archive/modernization/findings/prose-sweep/r_projects.jp.json	d6dc85e2ae030e7b4bbdd390a14e9b8946d3dbfb
modernization/findings/prose-sweep/r_projects.pt.json	archive/modernization/findings/prose-sweep/r_projects.pt.json	6deffa080d75284e2d23dce2109edb5e0101ebcd
modernization/findings/prose-sweep/r_projects.ru.json	archive/modernization/findings/prose-sweep/r_projects.ru.json	6358d02db6d76925ec43c7cb12418c3e59ad0e7d
modernization/findings/prose-sweep/r_projects.tr.json	archive/modernization/findings/prose-sweep/r_projects.tr.json	2521a2ad4b30454c8790b4a4915e74693828b457
modernization/findings/prose-sweep/r_projects.vn.json	archive/modernization/findings/prose-sweep/r_projects.vn.json	5346f68aa08bd0e8b2e0cc85601c4c8c72a85862
modernization/findings/prose-sweep/regression.es.json	archive/modernization/findings/prose-sweep/regression.es.json	db0136ba317e8ce81696eac5147991cb61a1f1d5
modernization/findings/prose-sweep/regression.fr.json	archive/modernization/findings/prose-sweep/regression.fr.json	61cd0438afee007bb07ec3331b97e009f5d08f4d
modernization/findings/prose-sweep/regression.jp.json	archive/modernization/findings/prose-sweep/regression.jp.json	64e90df110a953ee7f4f999f403a4f848bf746be
modernization/findings/prose-sweep/regression.pt.json	archive/modernization/findings/prose-sweep/regression.pt.json	b673f053a1f7d3a6eea66514522e612221b839d0
modernization/findings/prose-sweep/regression.ru.json	archive/modernization/findings/prose-sweep/regression.ru.json	2a8bbe0c6eac8116bfbfe814a3ea44bb75529475
modernization/findings/prose-sweep/regression.tr.json	archive/modernization/findings/prose-sweep/regression.tr.json	02b253e3e3fccc376f67081a156e159132718b3f
modernization/findings/prose-sweep/regression.vn.json	archive/modernization/findings/prose-sweep/regression.vn.json	f8bd61edad4396228f30ae6ef442b8258a2567eb
modernization/findings/prose-sweep/reportfactory.es.json	archive/modernization/findings/prose-sweep/reportfactory.es.json	3e97635b63afcedd0fc7a59fdd57b495a35d7b06
modernization/findings/prose-sweep/reportfactory.fr.json	archive/modernization/findings/prose-sweep/reportfactory.fr.json	2ab1c629feaaacdaa692003a67fa9f383a0ee066
modernization/findings/prose-sweep/reportfactory.jp.json	archive/modernization/findings/prose-sweep/reportfactory.jp.json	dbb3c95f33c2c535925a3579174ffebea5a88bb3
modernization/findings/prose-sweep/reportfactory.pt.json	archive/modernization/findings/prose-sweep/reportfactory.pt.json	2d2a857be72b5324a383af2ab72b2f579433efe5
modernization/findings/prose-sweep/reportfactory.ru.json	archive/modernization/findings/prose-sweep/reportfactory.ru.json	2c13a3d9091cf3826c8ab6351eb8ed8646b639fe
modernization/findings/prose-sweep/reportfactory.tr.json	archive/modernization/findings/prose-sweep/reportfactory.tr.json	94c81141f61cd341484cd4d0d7e0888cd700dd77
modernization/findings/prose-sweep/reportfactory.vn.json	archive/modernization/findings/prose-sweep/reportfactory.vn.json	18ccef4681f54d7609228f02af8be26390aac2f1
modernization/findings/prose-sweep/rmarkdown.es.json	archive/modernization/findings/prose-sweep/rmarkdown.es.json	c70a4655e63071a7afcc4356ca03a75615533856
modernization/findings/prose-sweep/rmarkdown.fr.json	archive/modernization/findings/prose-sweep/rmarkdown.fr.json	be48bff7aeb56dde305b20e7fc6daab19f54399c
modernization/findings/prose-sweep/rmarkdown.jp.json	archive/modernization/findings/prose-sweep/rmarkdown.jp.json	7af1c48f30e9237421f110693f440bd9af31059b
modernization/findings/prose-sweep/rmarkdown.pt.json	archive/modernization/findings/prose-sweep/rmarkdown.pt.json	286d9740bad06dc7086a4c9d05f253f2c244fcee
modernization/findings/prose-sweep/rmarkdown.ru.json	archive/modernization/findings/prose-sweep/rmarkdown.ru.json	f51365f5bac03eb0341ecbc24dbdf0d677a97e99
modernization/findings/prose-sweep/rmarkdown.tr.json	archive/modernization/findings/prose-sweep/rmarkdown.tr.json	2b3d8f32c0c47577eeaf405ff7aeabfaec7303cd
modernization/findings/prose-sweep/rmarkdown.vn.json	archive/modernization/findings/prose-sweep/rmarkdown.vn.json	f6b2d975e14bcb56317323735f325b2a1b41cc5e
modernization/findings/prose-sweep/shiny_basics.es.json	archive/modernization/findings/prose-sweep/shiny_basics.es.json	8d73a509ec135d882272b36bc97cbc3c0d893c4e
modernization/findings/prose-sweep/shiny_basics.fr.json	archive/modernization/findings/prose-sweep/shiny_basics.fr.json	f8597b619b7656be4836d09ecf6a3f6839e5c03a
modernization/findings/prose-sweep/shiny_basics.jp.json	archive/modernization/findings/prose-sweep/shiny_basics.jp.json	c89fbfa54ee4d2fe678d7435ae2b30243270b671
modernization/findings/prose-sweep/shiny_basics.pt.json	archive/modernization/findings/prose-sweep/shiny_basics.pt.json	28c8b51a091e30d94938478057af787034392fb5
modernization/findings/prose-sweep/shiny_basics.ru.json	archive/modernization/findings/prose-sweep/shiny_basics.ru.json	e795502c41797618ff885f03c85de62547ee564f
modernization/findings/prose-sweep/shiny_basics.tr.json	archive/modernization/findings/prose-sweep/shiny_basics.tr.json	98bb90e12fafd92d82aa83f19fc6e246387ac642
modernization/findings/prose-sweep/shiny_basics.vn.json	archive/modernization/findings/prose-sweep/shiny_basics.vn.json	06137ff161164286a4d8c7ac41b093b3c3d0d228
modernization/findings/prose-sweep/standardization.es.json	archive/modernization/findings/prose-sweep/standardization.es.json	9ff5cbc4de17571c4c16693c2076f232ef09b594
modernization/findings/prose-sweep/standardization.fr.json	archive/modernization/findings/prose-sweep/standardization.fr.json	fda30185fa7625be9c73a2a3cb33d0b02020e708
modernization/findings/prose-sweep/standardization.jp.json	archive/modernization/findings/prose-sweep/standardization.jp.json	7b1396bb2f90e4559e1039e970a85f30ff06c6fa
modernization/findings/prose-sweep/standardization.pt.json	archive/modernization/findings/prose-sweep/standardization.pt.json	314d521359276e45bfd456d3437b4c40719e7bf4
modernization/findings/prose-sweep/standardization.ru.json	archive/modernization/findings/prose-sweep/standardization.ru.json	fee4a3734160c276d71f997adc6ca9a71739e20a
modernization/findings/prose-sweep/standardization.tr.json	archive/modernization/findings/prose-sweep/standardization.tr.json	ae602b79ef0a45664feef761afa71509c665f8f3
modernization/findings/prose-sweep/standardization.vn.json	archive/modernization/findings/prose-sweep/standardization.vn.json	295e8b3504195774a3d9f82cda58e575e0be85a2
modernization/findings/prose-sweep/stat_tests.es.json	archive/modernization/findings/prose-sweep/stat_tests.es.json	55b4f775e3eddf105474aeb62285dac0b37c7498
modernization/findings/prose-sweep/stat_tests.fr.json	archive/modernization/findings/prose-sweep/stat_tests.fr.json	2772955effa7f438d40f46a13041471155520737
modernization/findings/prose-sweep/stat_tests.jp.json	archive/modernization/findings/prose-sweep/stat_tests.jp.json	80c6daab16105ac05c7f134257a44dbf39a0e380
modernization/findings/prose-sweep/stat_tests.pt.json	archive/modernization/findings/prose-sweep/stat_tests.pt.json	cac2992037b0302f3335caa6ef38932c464d379c
modernization/findings/prose-sweep/stat_tests.ru.json	archive/modernization/findings/prose-sweep/stat_tests.ru.json	fad0328b993f988ebff2359881d497b3ea7472ca
modernization/findings/prose-sweep/stat_tests.tr.json	archive/modernization/findings/prose-sweep/stat_tests.tr.json	fd468a42373174936f6e8b70a33d426fac3f7828
modernization/findings/prose-sweep/stat_tests.vn.json	archive/modernization/findings/prose-sweep/stat_tests.vn.json	f66ba1c37236d0e23307a332ef136015155a4b95
modernization/findings/prose-sweep/survey_analysis.es.json	archive/modernization/findings/prose-sweep/survey_analysis.es.json	89f795bd1640ab5bd429e9ea3955ad9a6cf33d6f
modernization/findings/prose-sweep/survey_analysis.fr.json	archive/modernization/findings/prose-sweep/survey_analysis.fr.json	5a518b96e05abb2735ac25dac565690911165419
modernization/findings/prose-sweep/survey_analysis.jp.json	archive/modernization/findings/prose-sweep/survey_analysis.jp.json	19f130c6589cb72b6041b68cc1157607ae395820
modernization/findings/prose-sweep/survey_analysis.pt.json	archive/modernization/findings/prose-sweep/survey_analysis.pt.json	cf76054b5622042f0e6b1b27156b3fc28b11fa25
modernization/findings/prose-sweep/survey_analysis.ru.json	archive/modernization/findings/prose-sweep/survey_analysis.ru.json	6447aef79d933877db06131d779555f2235943ef
modernization/findings/prose-sweep/survey_analysis.tr.json	archive/modernization/findings/prose-sweep/survey_analysis.tr.json	f540f6940f9b35baa5d441a7fe021571fc19f1cc
modernization/findings/prose-sweep/survey_analysis.vn.json	archive/modernization/findings/prose-sweep/survey_analysis.vn.json	8b6b7f705ecc620a5a427ee8a1448daec577fda4
modernization/findings/prose-sweep/survival_analysis.es.json	archive/modernization/findings/prose-sweep/survival_analysis.es.json	94bbe49e03fb4318a5d1c39e9b40b90c88b51caa
modernization/findings/prose-sweep/survival_analysis.fr.json	archive/modernization/findings/prose-sweep/survival_analysis.fr.json	6802dae6048a18c994688148f814dec863839a74
modernization/findings/prose-sweep/survival_analysis.jp.json	archive/modernization/findings/prose-sweep/survival_analysis.jp.json	c78e8e8c5ff55b434ffce5b9c6e0ffece118d994
modernization/findings/prose-sweep/survival_analysis.pt.json	archive/modernization/findings/prose-sweep/survival_analysis.pt.json	dfb9a3d0ee40f6450d451ffd14607f23645b4fed
modernization/findings/prose-sweep/survival_analysis.ru.json	archive/modernization/findings/prose-sweep/survival_analysis.ru.json	e0dd04466decff1875d7f296df6785f6e295f88a
modernization/findings/prose-sweep/survival_analysis.tr.json	archive/modernization/findings/prose-sweep/survival_analysis.tr.json	b7c23590d712f9dd419ffe9f0c0b933b474d1f25
modernization/findings/prose-sweep/survival_analysis.vn.json	archive/modernization/findings/prose-sweep/survival_analysis.vn.json	5520fd7366a41bc4f5c72c26c90b619b617db0b8
modernization/findings/prose-sweep/tables_descriptive.es.json	archive/modernization/findings/prose-sweep/tables_descriptive.es.json	4390a351dd6950d1ae8499c0397518dadbca5099
modernization/findings/prose-sweep/tables_descriptive.fr.json	archive/modernization/findings/prose-sweep/tables_descriptive.fr.json	dbcec0282c7fa20e479bc5ec49c751c6bc7c6c5a
modernization/findings/prose-sweep/tables_descriptive.jp.json	archive/modernization/findings/prose-sweep/tables_descriptive.jp.json	34425fe7d1bbb3eb5e71433fbfd85aa9cd53326b
modernization/findings/prose-sweep/tables_descriptive.pt.json	archive/modernization/findings/prose-sweep/tables_descriptive.pt.json	29175013aeeb4a5d0714bfc33e0e5e8a19fed2dd
modernization/findings/prose-sweep/tables_descriptive.ru.json	archive/modernization/findings/prose-sweep/tables_descriptive.ru.json	8ee575cb177df0eeb0d900a46f4fedcde8bb8b60
modernization/findings/prose-sweep/tables_descriptive.tr.json	archive/modernization/findings/prose-sweep/tables_descriptive.tr.json	c5772e5cc717caffcbc11de6a45fed18b0ee477a
modernization/findings/prose-sweep/tables_descriptive.vn.json	archive/modernization/findings/prose-sweep/tables_descriptive.vn.json	e643e866ad71f357dea2389d878b8a8093c5453e
modernization/findings/prose-sweep/tables_presentation.es.json	archive/modernization/findings/prose-sweep/tables_presentation.es.json	4e57091bf5581a0f8158bcda198102bd207e45db
modernization/findings/prose-sweep/tables_presentation.fr.json	archive/modernization/findings/prose-sweep/tables_presentation.fr.json	50d6a51a518337297fe8388867e2c1a1c59c9307
modernization/findings/prose-sweep/tables_presentation.jp.json	archive/modernization/findings/prose-sweep/tables_presentation.jp.json	fd0f43327ded528194fc3fc38436910a9ec31826
modernization/findings/prose-sweep/tables_presentation.pt.json	archive/modernization/findings/prose-sweep/tables_presentation.pt.json	1b95dcefa7f35f0c0fb292a2086e8f338da589b7
modernization/findings/prose-sweep/tables_presentation.ru.json	archive/modernization/findings/prose-sweep/tables_presentation.ru.json	67593a223e100a4fcce0f1e117e6b09e95accf40
modernization/findings/prose-sweep/tables_presentation.tr.json	archive/modernization/findings/prose-sweep/tables_presentation.tr.json	a8146acb4cff2d123f5ffa2538e0cece2e516353
modernization/findings/prose-sweep/tables_presentation.vn.json	archive/modernization/findings/prose-sweep/tables_presentation.vn.json	ae3a295bc46c5c0e7e16f6f0e656b483337999fd
modernization/findings/prose-sweep/time_series.es.json	archive/modernization/findings/prose-sweep/time_series.es.json	0f43fa24e8f84d08eae1ec0f2b82e6791d97eb48
modernization/findings/prose-sweep/time_series.fr.json	archive/modernization/findings/prose-sweep/time_series.fr.json	417dc67ade8fe7533f54be83efee5e5a2703282c
modernization/findings/prose-sweep/time_series.jp.json	archive/modernization/findings/prose-sweep/time_series.jp.json	0a01869f18dab3f588599d8651f6365e846ea4f3
modernization/findings/prose-sweep/time_series.pt.json	archive/modernization/findings/prose-sweep/time_series.pt.json	b416cf18e259f1c4127aec016b2a439a630aac2c
modernization/findings/prose-sweep/time_series.ru.json	archive/modernization/findings/prose-sweep/time_series.ru.json	fd6104f38141d32dcd19b4ebd24955b9b27d7bbb
modernization/findings/prose-sweep/time_series.tr.json	archive/modernization/findings/prose-sweep/time_series.tr.json	fe54554f1432b3a6a8253f197d32ca352507c0de
modernization/findings/prose-sweep/time_series.vn.json	archive/modernization/findings/prose-sweep/time_series.vn.json	b8c5daec1b96aaa6d419268ea8f50d1ffa6d2a79
modernization/findings/prose-sweep/transition_to_r.es.json	archive/modernization/findings/prose-sweep/transition_to_r.es.json	7309b5c2e0e81fc5bfe5facda6b4a8a0b1243d41
modernization/findings/prose-sweep/transition_to_r.fr.json	archive/modernization/findings/prose-sweep/transition_to_r.fr.json	906cd421eea1409108196bb32c1f9f723e7efa6d
modernization/findings/prose-sweep/transition_to_r.jp.json	archive/modernization/findings/prose-sweep/transition_to_r.jp.json	4bfe4b21f1b063699bd33f003a34c0b3beaf8c29
modernization/findings/prose-sweep/transition_to_r.pt.json	archive/modernization/findings/prose-sweep/transition_to_r.pt.json	e1ede24db2937da63a2512980616abbf8db79cd6
modernization/findings/prose-sweep/transition_to_r.ru.json	archive/modernization/findings/prose-sweep/transition_to_r.ru.json	727fa17279b6e5baad1b7e07dc340c8151d8c862
modernization/findings/prose-sweep/transition_to_r.tr.json	archive/modernization/findings/prose-sweep/transition_to_r.tr.json	52734794c2eea9be68bb44d10cf3dea530262057
modernization/findings/prose-sweep/transition_to_r.vn.json	archive/modernization/findings/prose-sweep/transition_to_r.vn.json	5129f99e944f8a286930d6fb188cb135eb4d509d
modernization/findings/prose-sweep/transmission_chains.es.json	archive/modernization/findings/prose-sweep/transmission_chains.es.json	499d96c19f68422e9c6a425227ea5275050b2ca4
modernization/findings/prose-sweep/transmission_chains.fr.json	archive/modernization/findings/prose-sweep/transmission_chains.fr.json	bfe5883f6c6627c93c56b5a33050329e3c185fc5
modernization/findings/prose-sweep/transmission_chains.jp.json	archive/modernization/findings/prose-sweep/transmission_chains.jp.json	fd8ed100cf32cd1c7c442c4715bede6f69793b48
modernization/findings/prose-sweep/transmission_chains.pt.json	archive/modernization/findings/prose-sweep/transmission_chains.pt.json	7bd095c426b0e9a494f1c3b6d27ea01fd6d5db4a
modernization/findings/prose-sweep/transmission_chains.ru.json	archive/modernization/findings/prose-sweep/transmission_chains.ru.json	308959da561b88a53aa88f8591c11ee1a80bd928
modernization/findings/prose-sweep/transmission_chains.tr.json	archive/modernization/findings/prose-sweep/transmission_chains.tr.json	830e5c8ac9517dfac17425f0634e1a54ff833c18
modernization/findings/prose-sweep/transmission_chains.vn.json	archive/modernization/findings/prose-sweep/transmission_chains.vn.json	fba89af68ae73bc4f7023ac0ad4e564262568c87
modernization/findings/prose-sweep/writing_functions.es.json	archive/modernization/findings/prose-sweep/writing_functions.es.json	347bbf8408331473693d61ca7e7ede5f15517c14
modernization/findings/prose-sweep/writing_functions.fr.json	archive/modernization/findings/prose-sweep/writing_functions.fr.json	1f7710d78e5fc295d16c4f4847f518eea65aaf98
modernization/findings/prose-sweep/writing_functions.jp.json	archive/modernization/findings/prose-sweep/writing_functions.jp.json	c41ee6b15274dca3a907e4cdada4c272e090fbf5
modernization/findings/prose-sweep/writing_functions.pt.json	archive/modernization/findings/prose-sweep/writing_functions.pt.json	60a59e748313bdf99932b959bda63c52dfb23098
modernization/findings/prose-sweep/writing_functions.ru.json	archive/modernization/findings/prose-sweep/writing_functions.ru.json	1dc9f4ce48ce957e749aa524255c96fc7b4591f0
modernization/findings/prose-sweep/writing_functions.tr.json	archive/modernization/findings/prose-sweep/writing_functions.tr.json	ddbbc7b6330e7e2cc6d2fa5475d259da83c1e2d2
modernization/findings/prose-sweep/writing_functions.vn.json	archive/modernization/findings/prose-sweep/writing_functions.vn.json	4246053f2d918fbae53c66713efd64e52d8834bb
modernization/findings/sonnet-ab/basics.jp.json	archive/modernization/findings/sonnet-ab/basics.jp.json	ab8104675b4e0a65e99a12ece5db5eae795ea17e
modernization/findings/sonnet-ab/basics.tr.json	archive/modernization/findings/sonnet-ab/basics.tr.json	de29543bfc29e7cf8602ed96476b3dfeabd63a56
modernization/findings/sonnet-ab/collaboration.fr.json	archive/modernization/findings/sonnet-ab/collaboration.fr.json	87457968f386e045c2975054c37b451c6712ae8b
modernization/findings/sonnet-ab/data_table.json	archive/modernization/findings/sonnet-ab/data_table.json	026e752acc0674bc65e6bff7e5663836373f66ec
modernization/make-batches.py	archive/modernization/make-batches.py	14d6f0e4b2263a973ac4b2d3f00d5c41804a4760
modernization/rebuild-tsv.py	archive/modernization/rebuild-tsv.py	b9b05be75bea5a10a3800e0942f3a1607656472f
modernization/reconcile-fix-pass.py	archive/modernization/reconcile-fix-pass.py	4342a25932510f97b0999d998d0f4f29e41d3876
modernization/repair-codex-tr1.py	archive/modernization/repair-codex-tr1.py	10ecfca93cd4aca3f30ad75f5e397e28dd55258e
modernization/reviews/claude-fixpass/es.part1.json	archive/modernization/reviews/claude-fixpass/es.part1.json	ee3bd6ae328d7f14004fb0f2b55e535fe39ea5b7
modernization/reviews/claude-fixpass/es.part2.json	archive/modernization/reviews/claude-fixpass/es.part2.json	8350a6262fa3162b14b157a1ec480e9079433f85
modernization/reviews/claude-fixpass/fr.part1.json	archive/modernization/reviews/claude-fixpass/fr.part1.json	766ad6a90cd2052d2a8ecc0f44d580dcf7238038
modernization/reviews/claude-fixpass/fr.part2.json	archive/modernization/reviews/claude-fixpass/fr.part2.json	2eb1cbf8bf7d34899179b95536ee94899e05b986
modernization/reviews/claude-fixpass/fr.part3.json	archive/modernization/reviews/claude-fixpass/fr.part3.json	83efbda3eed7768f310926f6b1c2985b014d2d91
modernization/reviews/claude-fixpass/jp.part1.json	archive/modernization/reviews/claude-fixpass/jp.part1.json	d2ad8866bc9c332850a4c6a9a24ed09b18c1d0ae
modernization/reviews/claude-fixpass/jp.part2.json	archive/modernization/reviews/claude-fixpass/jp.part2.json	021330f434d3b05a5f82772950aeec5f2a856ccf
modernization/reviews/claude-fixpass/jp.part3.json	archive/modernization/reviews/claude-fixpass/jp.part3.json	ab5340bf020aaa03cc036b1e0639bd0f6f952284
modernization/reviews/claude-fixpass/jp.part4.json	archive/modernization/reviews/claude-fixpass/jp.part4.json	30bff9b100f26f00bc3ac77c30eaebef59af3cf7
modernization/reviews/claude-fixpass/pt.part1.json	archive/modernization/reviews/claude-fixpass/pt.part1.json	0c231abf282cab6f895af843b79796f76c4fc7dc
modernization/reviews/claude-fixpass/pt.part2.json	archive/modernization/reviews/claude-fixpass/pt.part2.json	7b7c8b8b48f310ba5171ace412a227b8edb0cc41
modernization/reviews/claude-fixpass/pt.part3.json	archive/modernization/reviews/claude-fixpass/pt.part3.json	49270f7839e1e6f51f0de6c5990dea5a81d5daed
modernization/reviews/claude-fixpass/ru.part1.json	archive/modernization/reviews/claude-fixpass/ru.part1.json	19a314b3134744429692ffb214c67167d2729243
modernization/reviews/claude-fixpass/ru.part2.json	archive/modernization/reviews/claude-fixpass/ru.part2.json	9452420bb63de599d4f0a3faf4bef18697890742
modernization/reviews/claude-fixpass/ru.part3.json	archive/modernization/reviews/claude-fixpass/ru.part3.json	9cc5bc2b76f736dd7ab3d64c21b8b46d96a6c99a
modernization/reviews/claude-fixpass/vn.part1.json	archive/modernization/reviews/claude-fixpass/vn.part1.json	1974ed88bb0e1c182e23874a8990a5c3557b3943
modernization/reviews/claude-fixpass/vn.part2.json	archive/modernization/reviews/claude-fixpass/vn.part2.json	f1a971363d9bae75029f54b63ebb76778e97bed2
modernization/reviews/claude-fixpass/vn.part3.json	archive/modernization/reviews/claude-fixpass/vn.part3.json	aa9b03d63d5e0d1cf0be85662b9ffc924b1cab8a
modernization/reviews/codex-fixpass-tr-part1.md	archive/modernization/reviews/codex-fixpass-tr-part1.md	a4c56876bd1546e80083cb9a6ce870bd551505b1
modernization/reviews/codex-fixpass-tr-part2.md	archive/modernization/reviews/codex-fixpass-tr-part2.md	a3a826945f92ec343f5fdf1ff4ae5fffeac3d148
modernization/reviews/codex-round1.md	archive/modernization/reviews/codex-round1.md	d913450c3f2d35c18a59d0cf342421f2eb214736
modernization/reviews/codex-round2.md	archive/modernization/reviews/codex-round2.md	fbe6461f81f6f6eab870b056faf81d3471e0ad91
modernization/reviews/codex-round3.md	archive/modernization/reviews/codex-round3.md	e46fe793425767e7cbf332f2dc37c6caf84d552f
modernization/reviews/codex-round4.md	archive/modernization/reviews/codex-round4.md	1a76bee641e7b4436af59eb3bdf4ba665473e3ef
modernization/wave-args.py	archive/modernization/wave-args.py	deededd7d8766bef512333884f637d3d58abaa39
modernization/workflows/epirhandbook-align-chunks.js	archive/modernization/workflows/epirhandbook-align-chunks.js	94db401f8e569ff8c2b86087d154345857eb89d7
modernization/workflows/epirhandbook-align-headings.js	archive/modernization/workflows/epirhandbook-align-headings.js	7ca7d0d2c844e7dda7caa558174a2ef7922ab2db
modernization/workflows/epirhandbook-fix-english.js	archive/modernization/workflows/epirhandbook-fix-english.js	69a34deb0e4c2dc89b64567038364cfaef093a0c
modernization/workflows/epirhandbook-fix-pass-deferred.js	archive/modernization/workflows/epirhandbook-fix-pass-deferred.js	023d71c350534ff6ea4ca53520a4e0f6e020abaf
modernization/workflows/epirhandbook-fix-pass-review.js	archive/modernization/workflows/epirhandbook-fix-pass-review.js	7432a552d037e8dc273af82869787be1430e9d78
modernization/workflows/epirhandbook-fix-pass-wave.js	archive/modernization/workflows/epirhandbook-fix-pass-wave.js	7c98efe08fe6075e941a42704c785a05a5e5fcc6
modernization/workflows/epirhandbook-inline-pass.js	archive/modernization/workflows/epirhandbook-inline-pass.js	69379897e9ec8a57a57365e28be3ecbe2fa158fc
modernization/workflows/epirhandbook-mirror-pass.js	archive/modernization/workflows/epirhandbook-mirror-pass.js	4e8503d197f0b8b3ed3a5e135fff34c41829ed1f
modernization/workflows/epirhandbook-prose-ab-sonnet-wf_bfc014a5-a37.js	archive/modernization/workflows/epirhandbook-prose-ab-sonnet-wf_bfc014a5-a37.js	cb24aac24586a438ab632b5d9e9e6dc42b393e36
modernization/workflows/epirhandbook-prose-drift-batch.js	archive/modernization/workflows/epirhandbook-prose-drift-batch.js	ec650a18c91461cb0cd39b5edc3396acac6cfbff
modernization/workflows/epirhandbook-prose-drift-find-wf_23d079e4-151.js	archive/modernization/workflows/epirhandbook-prose-drift-find-wf_23d079e4-151.js	9fcadce878f9c6f428d52b528e5be9235faa6e86
modernization/workflows/epirhandbook-prose-drift-find-wf_549a2da0-bec.js	archive/modernization/workflows/epirhandbook-prose-drift-find-wf_549a2da0-bec.js	11a28a96867ca71fa1daa3db29ff5623ec5711b7
modernization/workflows/epirhandbook-prose-drift-finish-started-wf_87695bbb-ca4.js	archive/modernization/workflows/epirhandbook-prose-drift-finish-started-wf_87695bbb-ca4.js	372c01ab10f8931fdc89094f7aa69b70e8f7564c
quarto_runfile.R	archive/quarto_runfile.R	ad8b7eaaefe2ad9748d88150921b8bc1e150c207
renv.lock	archive/renv.lock	9a09679fac7c019b838d21191575e9ae695c6534
renv/.gitignore	archive/renv/.gitignore	0ec0cbba2d7755cbd91956afaa585449906a1e16
renv/activate.R	archive/renv/activate.R	9b2e7f18413ee15a187684439a02cc65308d336e
renv/settings.json	archive/renv/settings.json	ffdbb3200f779343ad1aa1a2fb6c74a02fd9b365
site_libs/quarto-search/autocomplete.umd.js	archive/site_libs/quarto-search/autocomplete.umd.js	ae0063aa9ea872eb1f240ee64628a7ae0cd5b9de
site_libs/quarto-search/fuse.min.js	archive/site_libs/quarto-search/fuse.min.js	adc28356e2f591038d4e691cb5b418d7a490bfb1
site_libs/quarto-search/quarto-search.js	archive/site_libs/quarto-search/quarto-search.js	5f723d728009c061069ecc1c456fca4aef31bee8
theme-light.scss	archive/theme-light.scss	da9f233cdb018e6eb7fa09893ccd5dd56b393650
utils/_output.yml	archive/utils/_output.yml	8dccdabf795d24e2abc5a6dd1210cccc9ea26d56
utils/_quarto-full.yml	archive/utils/_quarto-full.yml	d2f3981683b5939ca123c021c596ddcf79278709
utils/_quarto-small.yml	archive/utils/_quarto-small.yml	b03d8fa9003fe7cd5ca494f9a5bedc67e086c738
utils/bookdown_to_quarto.R	archive/utils/bookdown_to_quarto.R	481f00c6d140ebef7298eb58106d475b53e0bcf9
utils/cross-reference_fix.R	archive/utils/cross-reference_fix.R	90c1c841e723dfe429ba3bb9dc6002e6081e536f
